CALSPHERE 1             
1 00900U 64063C   26245.49542262  .00000393  00000+0  38943-3 0  9995
2 00900  90.2173  73.5633 0027756  60.5437 328.1025 13.76693466 82060
CALSPHERE 2             
1 00902U 64063E   26245.54021722  .00000042  00000+0  50188-4 0  9993
2 00902  90.2289  77.6183 0018857   9.0252  50.9869 13.52905372866725
LCS 1                   
1 01361U 65034C   26245.62169350  .00000009  00000+0  74294-4 0  9998
2 01361  32.1466 353.1697 0011472  36.0245 324.1024  9.89310613217550
TEMPSAT 1               
1 01512U 65065E   26244.96779497  .00000034  00000+0  49078-4 0  9995
2 01512  90.0032 212.6032 0070939  34.4120  30.8243 13.33597689970283
CALSPHERE 4A            
1 01520U 65065H   26245.42252683  .00000053  00000+0  85374-4 0  9999
2 01520  89.8929 121.7157 0067926 245.3697 168.3275 13.36289500973025
OPS 5712 (P/L 160)      
1 02826U 67053A   26245.46269127  .00004463  00000+0  61933-3 0  9996
2 02826  69.9156 208.7497 0004414 278.5187  81.5461 14.78586781 77659
LES-5                   
1 02866U 67066E   26245.10549109 -.00000068  00000+0  00000+0 0  9998
2 02866   2.7970  94.1206 0051593 214.6455  91.4314  1.09425528131879
SURCAL 159              
1 02872U 67053F   26245.27100318  .00000044  00000+0  66793-4 0  9993
2 02872  69.9737 194.8362 0006792 351.3356   8.7633 13.99617561 20990
OPS 5712 (P/L 153)      
1 02874U 67053H   26245.46106652  .00000011  00000+0  46472-4 0  9999
2 02874  69.9748 309.6759 0004540  97.8638 262.2984 13.96837787 17582
RIGIDSPHERE 2 (LCS 4)   
1 05398U 71067E   26245.57589749  .00000348  00000+0  10735-3 0  9992
2 05398  87.6233 317.3324 0058684 338.1340  21.7355 14.37947053885009
OSCAR 7 (AO-7)          
1 07530U 74089B   26245.56724390 -.00000052  00000+0 -35506-4 0  9999
2 07530 101.9920 259.6231 0012165 345.4087 168.4061 12.53699396370215
STARLETTE               
1 07646U 75010A   26245.58837311 -.00000131  00000+0  87055-5 0  9996
2 07646  49.8242 159.0796 0205699 318.7494  39.8013 13.82351500605247
LAGEOS 1                
1 08820U 76039A   26244.55025856  .00000013  00000+0  00000+0 0  9999
2 08820 109.8138 205.4672 0044631 285.8986 209.3860  6.38664775918019
PHASE 3B (AO-10)        
1 14129U 83058B   26244.59584432  .00000062  00000+0  00000+0 0  9995
2 14129  25.9709 207.0511 5985984 136.6271 290.3146  2.05869486297068
UOSAT 2 (UO-11)         
1 14781U 84021B   26244.86798372  .00001040  00000+0  11093-3 0  9995
2 14781  97.8144 209.6282 0006198 296.5601  63.4981 14.90962908268553
AJISAI (EGS)            
1 16908U 86061A   26245.64706053 -.00000093  00000+0  29320-4 0  9997
2 16908  50.0079 269.2114 0011252  17.7682 121.0014 12.44517221490038
TDRS 3                  
1 19548U 88091B   26245.09145102 -.00000294  00000+0  00000+0 0  9998
2 19548  12.5454 340.4811 0038046 352.4557 352.2421  1.00278783126153
COSMOS 1989 (ETALON 1)  
1 19751U 89001C   26245.41137839  .00000025  00000+0  00000+0 0  9991
2 19751  64.9949  69.5566 0023371 217.3831 326.2168  2.13155930293016
COSMOS 2024 (ETALON 2)  
1 20026U 89039C   26245.49095986 -.00000023  00000+0  00000+0 0  9992
2 20026  64.8831 307.8697 0020870 212.1774 203.5644  2.13204559290155
FLTSATCOM 8 (USA 46)    
1 20253U 89077A   26244.69824441 -.00000362  00000+0  00000+0 0  9999
2 20253  12.4015 350.6920 0002542 205.9259 161.1930  1.00280097261330
LUSAT (LO-19)           
1 20442U 90005G   26245.48509511  .00000032  00000+0  28016-4 0  9993
2 20442  98.8834 269.4132 0011179 344.9381  15.1468 14.34141442913479
HST                     
1 20580U 90037B   26245.37978871  .00003814  00000+0  11432-3 0  9992
2 20580  28.4726 272.6734 0001492 278.0085  82.0342 15.31534579800418
TDRS 5                  
1 21639U 91054B   26245.49558417  .00000087  00000+0  00000+0 0  9995
2 21639  14.0623 353.1935 0009128 248.7755 110.4584  1.00275070128484
LAGEOS 2                
1 22195U 92070B   26233.39763817 -.00000009  00000+0  00000+0 0  9995
2 22195  52.6388 225.4441 0138023 215.8900 299.2310  6.47294115799647
TDRS 6                  
1 22314U 93003B   26245.30381148 -.00000293  00000+0  00000+0 0  9997
2 22314  14.1853 356.4761 0009183 195.1556 213.1962  1.00279614123180
SCD 1                   
1 22490U 93009B   26245.58690569  .00000313  00000+0  34604-4 0  9992
2 22490  24.9698  89.6670 0041753 237.1061 149.5826 14.46145772772331
UFO 2 (USA 95)          
1 22787U 93056A   26244.96417446  .00000128  00000+0  00000+0 0  9997
2 22787  11.9227   3.1174 0001380 247.6008 106.1356  1.00273252119314
STELLA                  
1 22824U 93061B   26245.59013258 -.00000036  00000+0  34985-5 0  9992
2 22824  98.7654 310.0928 0006694  21.2569 116.0110 14.27472259715817
EYESAT A (AO-27)        
1 22825U 93061C   26245.19530259  .00000040  00000+0  32330-4 0  9999
2 22825  98.6814 312.5556 0007517 229.2028 130.8503 14.30958887718019
ITAMSAT (IO-26)         
1 22826U 93061D   26245.15171876  .00000047  00000+0  34403-4 0  9992
2 22826  98.6760 312.4376 0008285 211.2065 148.8627 14.31387501718324
RADIO ROSTO (RS15)      
1 23439U 94085A   26245.18677490 -.00000025  00000+0  49050-3 0  9996
2 23439  64.8163 178.6839 0158751 349.9600   9.8165 11.27584042304584
UFO 4 (USA 108)         
1 23467U 95003A   26245.59072659 -.00000019  00000+0  00000+0 0  9990
2 23467   9.6886  12.8251 0002687 149.1220 204.7951  1.00275898115726
TDRS 7                  
1 23613U 95035B   26243.76438878 -.00000234  00000+0  00000+0 0  9993
2 23613  13.3060 347.6615 0011864  97.7449 258.8248  1.00277165114004
USA 115 (MILSTAR-1 2)   
1 23712U 95060A   26245.33239225 -.00000200  00000+0  00000+0 0  9994
2 23712  14.1004   3.1589 0006426 152.4993 215.5296  1.00271525 33665
POLAR                   
1 23802U 96013A   26245.06140947  .00000219  00000+0  00000+0 0  9994
2 23802  79.9646 226.1288 6549039 206.4436  95.1896  1.29845797145851
INMARSAT 3-F1           
1 23839U 96020A   26245.20901192  .00000031  00000+0  00000+0 0  9997
2 23839  10.7586  45.9013 0006309 139.2060  56.8468  0.99999541111022
USA 119                 
1 23893U 96029A   26244.68814869  .00000535  00000+0  10411-3 0  9991
2 23893  63.3204 351.8271 0854984  50.4062 316.9344 13.46483053115573
JAS-2 (FO-29)           
1 24278U 96046B   26245.49673662 -.00000038  00000+0 -21677-6 0  9991
2 24278  98.5181  83.7711 0348841 255.7747 100.4415 13.53277573483620
INMARSAT 3-F2           
1 24307U 96053A   26245.54255771  .00000012  00000+0  00000+0 0  9995
2 24307  10.0276  53.1271 0005763 103.7700  90.0794  0.99975406109695
INMARSAT 3-F3           
1 24674U 96070A   26245.30807236 -.00000264  00000+0  00000+0 0  9994
2 24674  10.4815  48.8883 0005256 139.1527 229.9652  0.99996786108680
NAVSTAR 43 (USA 132)    
1 24876U 97035A   26244.98307022  .00000015  00000+0  00000+0 0  9994
2 24876  56.0377  95.5717 0105595  58.6245 302.4881  2.00564207213497
FORTE                   
1 24920U 97047A   26245.28846510  .00000094  00000+0  60991-4 0  9998
2 24920  69.9527 199.8640 0021719 180.8829 179.2259 14.27970424509694
USA 134                 
1 25019U 97065A   26245.48922470 -.00000063  00000+0  00000+0 0  9997
2 25019  12.8752  21.1229 0002284 267.5564 117.0123  1.00270991 33732
ORBCOMM FM06            
1 25118U 97084G   26245.49928912  .00000750  00000+0  24023-3 0  9993
2 25118  45.0141  40.4771 0000883 205.1641 197.6782 14.47722566505593
INMARSAT 3-F5           
1 25153U 98006B   26245.37543234 -.00000290  00000+0  00000+0 0  9999
2 25153   9.8604  52.4625 0004633 115.8200 254.4455  1.00270678104670
ORBCOMM FM04            
1 25159U 98007C   26245.17234749  .00000470  00000+0  20619-3 0  9993
2 25159 107.9606 327.8698 0041248 194.0137 165.9861 14.35846382487649
CELESTIS-02 & TAURUS R/B
1 25160U 98007D   26245.33149346 -.00000053  00000+0  33689-4 0  9991
2 25160 108.0081 128.1157 0062117 359.6885 100.8390 14.22503003481486
TECHSAT 1B (GO-32)      
1 25397U 98043D   26245.47180548  .00000016  00000+0  27103-4 0  9999
2 25397  99.0139 240.2038 0001639  36.3951 323.7338 14.24440957462331
WESTPAC                 
1 25398U 98043E   26244.90624247 -.00000029  00000+0  78890-5 0  9991
2 25398  99.0219 232.7977 0001586  32.4529 327.6745 14.23056979461855
ORBCOMM FM19            
1 25415U 98046C   26244.96743662  .00000481  00000+0  19771-3 0  9995
2 25415  44.9925 238.5595 0005452 314.8953  67.7177 14.39615715467844
ORBCOMM FM20            
1 25416U 98046D   26244.28897750  .00000333  00000+0  15527-3 0  9990
2 25416  44.9928 250.5559 0003004 289.8970  70.1554 14.38155590467748
ORBCOMM FM27            
1 25481U 98053G   26245.51641357  .00000479  00000+0  19867-3 0  9999
2 25481  45.0065 328.0282 0002628 239.2178 120.8412 14.39259725461373
SCD 2                   
1 25504U 98060A   26245.57173912  .00000307  00000+0  34717-4 0  9998
2 25504  24.9961 314.9233 0016548 220.4389 275.1879 14.45548732471538
ISS (ZARYA)             
1 25544U 98067A   26245.46626010  .00004070  00000+0  82080-4 0  9996
2 25544  51.6313 277.6073 0005029  99.7358 260.4199 15.48970443583732
SWAS                    
1 25560U 98071A   26244.80184713  .00002456  00000+0  15717-3 0  9993
2 25560  69.8963  29.8800 0004333 166.3124 193.8159 15.10018001508831
ISS (UNITY)             
1 25575U 98069F   26245.46626010  .00004070  00000+0  82080-4 0  9992
2 25575  51.6313 277.6073 0005029  99.7358 260.4199 15.48970443584300
DLR-TUBSAT              
1 25757U 99029B   26244.96796273  .00000029  00000+0  18970-4 0  9991
2 25757  98.6758 243.0211 0015270 114.8531 245.4253 14.52442678444394
CXO                     
1 25867U 99040B   26246.06733144  .00000969  00000+0  00000+0 0  9990
2 25867  57.2648 114.5834 7721648 309.5325   0.4326  0.37807753 17610
ABS-6                   
1 25924U 99053A   26245.65068450 -.00000119  00000+0  00000+0 0  9991
2 25924   0.0524 265.1521 0002740 201.9775 267.8681  1.00272495 98613
NAVSTAR 46 (USA 145)    
1 25933U 99055A   26245.15598076 -.00000015  00000+0  00000+0 0  9995
2 25933  51.3931 292.0944 0105264 179.5461 237.7649  2.00558306197124
UFO 10 (USA 146)        
1 25967U 99063A   26245.23908538 -.00000186  00000+0  00000+0 0  9997
2 25967   9.9008  26.7889 0003582 182.9122 194.9518  1.00270700 98124
ORBCOMM FM32            
1 25982U 99065C   26243.08691460  .00000520  00000+0  22036-3 0  9998
2 25982  45.0139 178.6832 0005658  52.8215 307.3149 14.37221953397869
XMM-NEWTON              
1 25989U 99066A   26247.13707045  .00000161  00000+0  00000+0 0  9997
2 25989  64.0724 281.9635 4653322  63.5261   0.0824  0.50123055 23404
TERRA                   
1 25994U 99068A   26245.47922774  .00000191  00000+0  47828-4 0  9995
2 25994  97.9389 291.9359 0002302  22.4508  88.8566 14.61153557420894
ASIASTAR                
1 26107U 00016A   26245.47825076 -.00000333  00000+0  00000+0 0  9999
2 26107   9.3049  57.3002 0004077 107.7229  93.7822  1.00273895 96692
IMAGE                   
1 26113U 00017A   26245.35242669  .00000122  00000+0  00000+0 0  9990
2 26113  94.2813 316.3492 7382572 279.1734  11.5200  1.68668319162801
USA 149 (DSP 20)        
1 26356U 00024A   26238.58131876  .00000099  00000+0  00000+0 0  9994
2 26356  13.2232  11.3345 0000879 209.9999 157.4666  1.00277252 33620
TDRS 8                  
1 26388U 00034A   26245.40297169 -.00000195  00000+0  00000+0 0  9995
2 26388  12.8038  30.6507 0002072  80.9433  99.8711  1.00273301 95950
ISS (ZVEZDA)            
1 26400U 00037A   26245.46626010  .00004070  00000+0  82080-4 0  9998
2 26400  51.6313 277.6073 0005029  99.7358 260.4199 15.48970443584342
NAVSTAR 48 (USA 151)    
1 26407U 00040A   26245.08564843  .00000065  00000+0  00000+0 0  9999
2 26407  54.8416 212.1096 0118786 303.5500  63.4894  2.00558168191490
NSS-11                  
1 26554U 00059A   26245.60017084  .00000025  00000+0  00000+0 0  9996
2 26554   2.3189  80.3865 0003040  91.8153 201.6192  1.00270611 42062
USA 153                 
1 26575U 00065A   26245.27028552 -.00000323  00000+0  00000+0 0  9993
2 26575  11.7557  34.7591 0001790 126.9378  51.5257  1.00272288 33703
AMC-6                   
1 26580U 00067A   26244.07639015  .00000091  00000+0  00000+0 0  9991
2 26580   0.3396  83.8532 0004142  82.9589  65.8994  1.00273003 94656
NAVSTAR 49 (USA 154)    
1 26605U 00071A   26244.43378109  .00000015  00000+0  00000+0 0  9994
2 26605  55.6716  91.9424 0174232 267.0245 275.4456  2.00562070189042
ISS (DESTINY)           
1 26700U 01006B   26245.46626010  .00004070  00000+0  82080-4 0  9998
2 26700  51.6313 277.6073 0005029  99.7358 260.4199 15.48970443584389
USA 157 (MILSTAR-2 2)   
1 26715U 01009A   26245.49905084  .00000111  00000+0  00000+0 0  9990
2 26715  11.6274  19.2611 0042754 179.8426 172.1448  1.00271857 33715
BSAT-2A                 
1 26720U 01011B   26245.30919903 -.00000254  00000+0  00000+0 0  9993
2 26720  10.8935  46.7576 0005903 181.7150 195.7700  0.99180789 92742
OMNI-M1                 
1 26857U 01026A   26244.15746906  .00000020  00000+0  00000+0 0  9993
2 26857  44.8133 227.7554 0013891  65.9085 294.2519  3.92402836208559
INTELSAT 902 (IS-902)   
1 26900U 01039A   26245.37629900 -.00000283  00000+0  00000+0 0  9997
2 26900   6.3062  70.8079 0004197  90.5194 265.5511  1.00269629 91466
PCSAT (NO-44)           
1 26931U 01043C   26244.84889002  .00000039  00000+0  45375-4 0  9995
2 26931  67.0505  45.9838 0005658 271.0383  89.0070 14.31979976301421
PROBA-1                 
1 26958U 01049B   26245.45739661  .00000981  00000+0  66761-4 0  9991
2 26958  97.9613 256.7135 0053531 220.4538 139.2703 15.07768114355263
TIMED                   
1 26998U 01055B   26245.54728181  .00000635  00000+0  61035-4 0  9992
2 26998  74.0657  79.2375 0002164 246.8650 113.2306 14.95434274342381
MAROC-TUBSAT            
1 27004U 01056D   26245.27678565 -.00000040  00000+0  74202-5 0  9994
2 27004  99.8133  63.6123 0019188 307.0953 228.7672 13.70265097236749
COSMOS 2385             
1 27056U 01058B   26245.59640275  .00000076  00000+0  37639-3 0  9994
2 27056  82.5415 170.3576 0007476  61.3052 351.8913 12.60566308135531
COSMOS 2386             
1 27057U 01058C   26245.25219090  .00000030  00000+0  11114-3 0  9995
2 27057  82.5483 164.8482 0000941  68.4374 291.6817 12.61617280136224
USA 164 (MILSTAR-2 3)   
1 27168U 02001A   26245.53259101  .00000099  00000+0  00000+0 0  9998
2 27168  11.2721  21.4145 0097832   9.8706 161.1034  1.00274992 33732
INTELSAT 904 (IS-904)   
1 27380U 02007A   26245.37993903 -.00000225  00000+0  00000+0 0  9999
2 27380   7.1063  68.2241 0003140  92.8123 285.7988  1.00272755 52547
AQUA                    
1 27424U 02022A   26245.60114509  .00000464  00000+0  10209-3 0  9998
2 27424  98.4367 216.4639 0001763  76.9486  54.5137 14.62187675294586
DIRECTV 5 (TEMPO 1)     
1 27426U 02023A   26245.50693756 -.00000057  00000+0  00000+0 0  9999
2 27426   5.0682  74.3064 0003481 105.3066 234.4536  1.00271849 88897
INTELSAT 905 (IS-905)   
1 27438U 02027A   26245.41632545  .00000094  00000+0  00000+0 0  9995
2 27438   6.9407  68.8333 0003222 118.3699 167.0656  1.00272941 52137
GALAXY 3C (G-3C)        
1 27445U 02030A   26244.12058866 -.00000149  00000+0  00000+0 0  9994
2 27445   3.9275  76.9977 0001480  48.8652 162.9915  1.00271371 47254
COSMOS 2390             
1 27464U 02036A   26245.61316659  .00000039  00000+0  20647-3 0  9993
2 27464  82.4836 296.5467 0026709  89.4844 270.9297 12.44625211 97309
COSMOS 2391             
1 27465U 02036B   26245.60978334  .00000034  00000+0  16724-3 0  9993
2 27465  82.4825 293.0490 0027561  83.6137 276.8081 12.44947860 97486
INTELSAT 906 (IS-906)   
1 27513U 02041A   26245.54151771  .00000013  00000+0  00000+0 0  9997
2 27513   5.9932  71.9359 0002541  94.7723  74.0900  1.00273196 87808
LATINSAT B              
1 27606U 02058B   26244.66429445  .00000422  00000+0  76351-4 0  9997
2 27606  64.5555  16.2973 0086056 255.0367 104.1198 14.77105862273393
SAUDISAT 1C (SO-50)     
1 27607U 02058C   26245.22666677  .00000601  00000+0  88577-4 0  9993
2 27607  64.5503 250.5995 0072678 248.3334 111.0022 14.83189992275880
LATINSAT A              
1 27612U 02058H   26244.96765792  .00000415  00000+0  64574-4 0  9991
2 27612  64.5532  83.1732 0048501 236.2804 123.3677 14.85583512279034
NIMIQ 2                 
1 27632U 02062A   26245.16526479 -.00000068  00000+0  00000+0 0  9992
2 27632   9.6187  56.0555 0005545 107.0878 128.4781  1.00271263 44954
CORIOLIS                
1 27640U 03001A   26245.00349865  .00000052  00000+0  44990-4 0  9993
2 27640  98.7164 250.7271 0013907 356.7267   3.3816 14.19963356225126
SORCE                   
1 27651U 03004A   26245.10402407  .00001783  00000+0  13704-3 0  9991
2 27651  39.9900 182.7127 0018732 245.8096 114.0741 15.04057524283482
NAVSTAR 51 (USA 166)    
1 27663U 03005A   26244.90295000  .00000065  00000+0  00000+0 0  9994
2 27663  54.8715 211.9226 0149790  53.5079 317.7628  2.00556345172855
USA 167                 
1 27691U 03008A   26245.50459755  .00000006  00000+0  00000+0 0  9999
2 27691  11.1109  42.6892 0002852 281.5814  76.9261  1.00273640  7547
NAVSTAR 52 (USA 168)    
1 27704U 03010A   26244.49273859 -.00000064  00000+0  00000+0 0  9998
2 27704  54.7608 322.3657 0006287 251.0498 106.0627  1.91454796171380
USA 169 (MILSTAR-2 4)   
1 27711U 03012A   26245.20251191 -.00000195  00000+0  00000+0 0  9998
2 27711  12.4642  29.1934 0096759  11.3412 165.8679  1.00269830 33721
ASIASAT 4               
1 27718U 03014A   26245.46865080 -.00000222  00000+0  00000+0 0  9994
2 27718   4.8958  74.7392 0002707  90.7256 132.4063  1.00270062 46072
HELLAS-SAT 2            
1 27811U 03020A   26245.31292572 -.00000083  00000+0  00000+0 0  9994
2 27811   7.5397  66.9290 0007166 132.1808 245.0357  1.00272252 43629
THURAYA-2               
1 27825U 03026A   26244.53953881  .00000128  00000+0  00000+0 0  9994
2 27825   8.9560  31.5947 0001047  49.2034 138.1574  1.00274023 85110
OPTUS C1                
1 27831U 03028B   26243.77756218 -.00000148  00000+0  00000+0 0  9996
2 27831   7.0718  68.4608 0005542  95.5810 251.5137  1.00269388 53810
MOST                    
1 27843U 03031D   26245.01377599  .00000020  00000+0  29401-4 0  9992
2 27843  98.7079 251.6776 0010510  36.2476 323.9411 14.21335739201627
CUTE-1 (CO-55)          
1 27844U 03031E   26244.95754982  .00000165  00000+0  90494-4 0  9990
2 27844  98.6768 252.5619 0008903 329.2871  30.7786 14.24375401202605
CUBESAT XI-IV (CO-57)   
1 27848U 03031J   26245.47666094  .00000127  00000+0  74792-4 0  9999
2 27848  98.6800 252.7249 0009165 347.4627  12.6322 14.23655177202378
SCISAT 1                
1 27858U 03036A   26245.61247089  .00000381  00000+0  53260-4 0  9999
2 27858  73.9314  17.4945 0006230  57.4862 302.6915 14.81526660242915
COSMOS 2400             
1 27868U 03037A   26245.59997701  .00000028  00000+0  12935-3 0  9992
2 27868  82.4673 281.3117 0020391 244.4680 115.4293 12.45191738 47174
COSMOS 2401             
1 27869U 03037B   26245.54296778 -.00000033  00000+0 -29940-3 0  9996
2 27869  82.4660 277.6918 0021195 239.6394 120.2591 12.45504497 47400
USA 170                 
1 27875U 03040A   26244.60689735  .00000129  00000+0  00000+0 0  9998
2 27875  10.6583  47.1972 0001324 120.9437  55.4326  1.00277566 33768
MOZHAETS 4 (RS22)       
1 27939U 03042A   26245.62520466  .00000433  00000+0  74735-4 0  9998
2 27939  98.3485  72.1907 0011973  28.6527  40.5100 14.73583764226958
LARETS                  
1 27944U 03042F   26245.62700336  .00000013  00000+0  12198-4 0  9999
2 27944  98.4248  49.4976 0012853 149.8379 210.3566 14.63879795224697
GALAXY 13 (HORIZONS-1)  
1 27954U 03044A   26244.64549832  .00000135  00000+0  00000+0 0  9994
2 27954   1.6109  82.7918 0002061  80.9912 259.4230  1.00275048 47338
DMSP 5D-3 F16 (USA 172) 
1 28054U 03048A   26245.62980572  .00000003  00000+0  25326-4 0  9996
2 28054  98.9875 269.9633 0005988 291.3787 174.7412 14.14488788180437
CHUANGXIN 1 (CX-1)      
1 28058U 03049B   26245.46679269  .00000122  00000+0  44535-4 0  9996
2 28058  98.4971 145.0612 0011598 312.7674  47.2542 14.48616067207462
YAMAL 202               
1 28089U 03053A   26245.35045035 -.00000079  00000+0  00000+0 0  9997
2 28089   6.5310  69.9742 0004070 101.1708 100.1158  1.00271896 83472
UFO 11 (USA 174)        
1 28117U 03057A   26245.47235741 -.00000102  00000+0  00000+0 0  9998
2 28117   9.0053  33.4040 0003544 143.0050  50.7179  1.00271571 83229
NAVSTAR 53 (USA 175)    
1 28129U 03058A   26245.37718614 -.00000064  00000+0  00000+0 0  9993
2 28129  55.0708  20.4160 0000794 290.9863  69.0141  1.92678324165958
USA 176 (DSP 22)        
1 28158U 04004A   26245.30512568 -.00000294  00000+0  00000+0 0  9995
2 28158  12.1655  25.4807 0002195 289.4848  87.2287  1.00267636 33711
ABS-4 (MOBISAT-1)       
1 28184U 04007A   26245.54082437  .00000039  00000+0  00000+0 0  9996
2 28184   6.2313  71.0325 0005127  93.0417  73.2693  1.00271637 53114
NAVSTAR 54 (USA 177)    
1 28190U 04009A   26241.74511818  .00000023  00000+0  00000+0 0  9996
2 28190  54.7726 272.7094 0118411 176.1549 226.7649  2.00552089164427
SHIYAN-1 (SY-1)         
1 28220U 04012A   26245.18673939  .00010003  00000+0  29139-3 0  9996
2 28220  97.8643 328.3471 0006636 105.3363 254.8613 15.35595941222904
INTELSAT 10-02          
1 28358U 04022A   26245.88499112 -.00000011  00000+0  00000+0 0  9996
2 28358   0.0534 268.2731 0000379 351.5532  39.8074  1.00271370 81339
NAVSTAR 55 (USA 178)    
1 28361U 04023A   26245.16952329  .00000007  00000+0  00000+0 0  9990
2 28361  54.9197  83.6024 0158698 303.9254 233.2729  2.00560418162589
APRIZESAT 2             
1 28366U 04025A   26245.16991853  .00000065  00000+0  33380-4 0  9998
2 28366  98.1108  46.8286 0105921  18.4187 342.0791 14.38064257162707
SAUDICOMSAT 1           
1 28369U 04025D   26245.01083698  .00000174  00000+0  50933-4 0  9998
2 28369  98.5793 257.2251 0032795 146.3568 213.9719 14.55519399175303
SAUDICOMSAT 2           
1 28370U 04025E   26245.48051443  .00000154  00000+0  51498-4 0  9999
2 28370  98.6654 259.9151 0056092  26.6377 333.7679 14.50018931171307
SAUDISAT 2              
1 28371U 04025F   26244.96007386  .00000146  00000+0  43688-4 0  9992
2 28371  98.5558 246.9447 0025802  62.3622 298.0190 14.56720207176925
APRIZESAT 1             
1 28372U 04025G   26245.00281509  .00000097  00000+0  36085-4 0  9998
2 28372  98.6323 257.8274 0043308 282.0359  77.5983 14.51813560173056
AURA                    
1 28376U 04026A   26245.62991738  .00000464  00000+0  10347-3 0  9993
2 28376  98.3490 202.7561 0001657  75.3869 284.7516 14.61426631177520
ANIK F2                 
1 28378U 04027A   26245.50676422 -.00000050  00000+0  00000+0 0  9996
2 28378   3.4806  78.4083 0003066  77.7080 256.8750  1.00271665 42035
COSMOS 2407             
1 28380U 04028A   26245.34350899  .00000055  00000+0  40036-4 0  9991
2 28380  82.9629  17.6757 0040000  38.2695  22.4256 13.76339355110490
SHIJIAN-6 01A (SJ-6 01A)
1 28413U 04035A   26245.52776798  .00003943  00000+0  19197-3 0  9998
2 28413  97.5833 272.8775 0004960 212.4226 147.6704 15.18960562199204
SHIJIAN-6 01B (SJ-6 01B)
1 28414U 04035B   26245.62751412  .00002312  00000+0  15942-3 0  9999
2 28414  97.6052 262.5263 0003093 218.3180 141.7828 15.06805908198487
COSMOS 2408             
1 28419U 04037A   26245.59441669  .00000057  00000+0  32930-3 0  9992
2 28419  82.4805 277.3722 0017254  98.5720 261.7317 12.45681917997548
COSMOS 2409             
1 28420U 04037B   26245.57677843  .00000041  00000+0  21667-3 0  9995
2 28420  82.4811 280.6446 0014820 109.0974 251.1714 12.45324719997180
AMC-15                  
1 28446U 04041A   26244.50998534 -.00000085  00000+0  00000+0 0  9996
2 28446   0.0627 286.3539 0002078 232.1011 260.7555  1.00270246 80060
JB-3 3 (ZY 2C)          
1 28470U 04044A   26245.30471854  .00002265  00000+0  10759-3 0  9993
2 28470  97.2871  36.1565 0031645 312.5690  47.2875 15.19807254199495
NAVSTAR 56 (USA 180)    
1 28474U 04045A   26245.15878041 -.00000062  00000+0  00000+0 0  9998
2 28474  55.0856 321.7930 0171626 318.2533  95.2542  2.00559164159979
SWIFT                   
1 28485U 04047A   26244.50769353  .00111190  00000+0  62186-3 0  9996
2 28485  20.5518 312.6440 0000792  31.8197 328.2298 15.77583518198896
NANOSAT-1               
1 28493U 04049B   26245.29840889  .00000640  00000+0  91353-4 0  9994
2 28493  98.2385  23.8984 0004995  56.2719 303.8967 14.80289969166852
COSMOS 2414             
1 28521U 05002A   26245.31372649  .00000058  00000+0  34512-4 0  9990
2 28521  82.9541 345.3055 0041493 108.9871 251.5795 13.87933086 94510
NSS-10                  
1 28526U 05003A   26245.37872568 -.00000251  00000+0  00000+0 0  9993
2 28526   6.6373  69.4833 0003048 102.2110 268.7364  1.00270555 53936
INMARSAT 4-F1           
1 28628U 05009A   26244.32127975  .00000036  00000+0  00000+0 0  9991
2 28628   5.2729  42.7978 0002760 129.5536 101.9149  1.00272006 78431
IRS-P5 (CARTOSAT-1)     
1 28649U 05017A   26245.31561753  .00000682  00000+0  73925-4 0  9997
2 28649  97.5299 264.8844 0002184 117.3459 242.7983 14.91216412155314
DIRECTV 8               
1 28659U 05019A   26245.48791994  .00000002  00000+0  00000+0 0  9995
2 28659   0.0188 130.6229 0003205  46.7730 220.8567  1.00272886 77849
GALAXY 28 (G-28)        
1 28702U 05022A   26244.73932459 -.00000198  00000+0  00000+0 0  9995
2 28702   3.4885  77.9370 0002007  94.1107  47.9265  1.00272574 52742
SJ-7                    
1 28737U 05024A   26245.33805611  .00004089  00000+0  17897-3 0  9999
2 28737  97.7245 277.5574 0016793 120.9657 239.3231 15.22520377159761
THAICOM 4               
1 28786U 05028A   26243.89350145 -.00000359  00000+0  00000+0 0  9994
2 28786   0.4334  84.8892 0000756  67.5543 268.8081  1.00271538 53002
REIMEI (INDEX)          
1 28810U 05031B   26245.32989873  .00002887  00000+0  17394-3 0  9997
2 28810  98.0230  13.0516 0018693 206.1913 153.8372 15.11537153142646
ANIK F1R                
1 28868U 05036A   26245.50754422 -.00000075  00000+0  00000+0 0  9995
2 28868   4.5036  75.5752 0002971  61.3168 280.1952  1.00271769 47222
NAVSTAR 57 (USA 183)    
1 28874U 05038A   26245.38132569  .00000035  00000+0  00000+0 0  9997
2 28874  54.8201 270.0557 0128707 297.2383 242.3992  2.00560301153384
SYRACUSE 3A             
1 28885U 05041B   26245.53805103  .00000129  00000+0  00000+0 0  9995
2 28885   4.8326  74.8475 0002360  86.3950  60.7789  1.00271975 76522
BEIJING 1               
1 28890U 05043A   26245.61101547  .00000174  00000+0  43028-4 0  9995
2 28890  98.3027  19.3007 0015589  43.1429 317.0992 14.63571661111979
SINAH 1                 
1 28893U 05043D   26245.61799443  .00000184  00000+0  44260-4 0  9996
2 28893  98.2966  20.4413 0015156  38.2074 322.0199 14.64203111111853
CUBESAT XI-V            
1 28895U 05043F   26244.97332889  .00000810  00000+0  13487-3 0  9995
2 28895  98.3086  42.2604 0013209 326.4299  33.6069 14.72802056113058
INMARSAT 4-F2           
1 28899U 05044A   26245.42544610 -.00000259  00000+0  00000+0 0  9999
2 28899   5.1943  43.7077 0002471 124.7540 109.7883  1.00271450 76295
COSMOS 2416 (RODNIK-S 1)
1 28908U 05048A   26245.50902619  .00000001  00000+0 -53713-4 0  9999
2 28908  82.4630 258.2060 0007922   7.0042 147.9465 12.55603064948603
METEOSAT-9 (MSG-2)      
1 28912U 05049B   26245.53787770  .00000124  00000+0  00000+0 0  9998
2 28912   9.5317  53.3771 0001558 349.3291 178.3408  1.00268988  7779
EUTELSAT 174A           
1 28924U 05052A   26245.48045704  .00000009  00000+0  00000+0 0  9995
2 28924   4.4070  75.5262 0006037  87.1062 165.9533  1.00270239 53104
ECHOSTAR 10             
1 28935U 06003A   26245.41386781 -.00000054  00000+0  00000+0 0  9991
2 28935   0.0640 289.1719 0001396 223.1966 227.9751  1.00270305 75232
SPAINSAT                
1 28945U 06007A   26245.13588894 -.00000215  00000+0  00000+0 0  9993
2 28945   0.7547  85.1744 0004799  81.6985 193.1510  1.00271894 74988
JCSAT-5A                
1 29045U 06010A   26245.41233172 -.00000326  00000+0  00000+0 0  9999
2 29045   1.3008  83.2112 0001993  36.9017 141.9601  1.00272292 74546
ASTRA 1KR               
1 29055U 06012A   26245.53250434  .00000120  00000+0  00000+0 0  9996
2 29055   0.6662  82.8109 0003459  86.4461  23.1610  1.00274490 46472
RESURS-DK 1             
1 29228U 06021A   26245.43542185  .00001221  00000+0  74164-4 0  9994
2 29228  69.9311 139.5481 0005571 223.5979 136.4748 15.13474698114265
GALAXY 16 (G-16)        
1 29236U 06023A   26245.50919090 -.00000126  00000+0  00000+0 0  9993
2 29236   0.0145 175.8367 0002866 357.9044 252.2296  1.00271099 73743
ARIRANG-2 (KOMPSAT-2)   
1 29268U 06031A   26245.62658252  .00000205  00000+0  46835-4 0  9998
2 29268  97.8335  66.3444 0014102 182.3272 242.6543 14.64699163 72817
EUTELSAT 33F            
1 29270U 06032A   26245.89175116  .00000155  00000+0  00000+0 0  9997
2 29270   1.8550  81.2722 0003392  80.7119 174.1878  1.00269071 48088
JCSAT-3A                
1 29272U 06033A   26245.52058763 -.00000344  00000+0  00000+0 0  9999
2 29272   0.0458 289.8160 0002714 246.3065 120.9583  1.00270369 48519
KOREASAT 5 (MUGUNGWHA 5)
1 29349U 06034A   26245.61364302 -.00000357  00000+0  00000+0 0  9998
2 29349   1.9772  81.9150 0002414 140.0478  93.7803  1.00270407 42090
HINODE (SOLAR-B)        
1 29479U 06041A   26245.30832583  .00000379  00000+0  73309-4 0  9997
2 29479  98.0555 260.3288 0018465  46.7740 313.5003 14.68709481 66191
NAVSTAR 58 (USA 190)    
1 29486U 06042A   26244.79004097  .00000020  00000+0  00000+0 0  9995
2 29486  54.7143 148.2966 0108513  56.7205 315.8520  2.00565721145938
DIRECTV 9S              
1 29494U 06043A   26245.50875756 -.00000113  00000+0  00000+0 0  9997
2 29494   2.6128  79.9002 0003814  76.3494 267.3720  1.00271526 52159
OPTUS D1                
1 29495U 06043B   26245.48761080 -.00000183  00000+0  00000+0 0  9996
2 29495   3.2264  78.6431 0003646  84.6810 145.8432  1.00272227 72899
SHIJIAN-6 02A (SJ-6 02A)
1 29505U 06046A   26245.51287199  .00005064  00000+0  25461-3 0  9993
2 29505  97.6300 287.1773 0001943 201.1828 158.9325 15.17705846 83998
SHIJIAN-6 02B (SJ-6 02B)
1 29506U 06046B   26245.52020419 -.00000019  00000+0  32360-5 0  9999
2 29506  97.7025 274.0667 0015831 162.1547 198.0236 15.01474102 82341
DMSP 5D-3 F17 (USA 191) 
1 29522U 06050A   26245.59832741  .00000059  00000+0  52923-4 0  9997
2 29522  98.7420 250.5977 0009803 188.4454 171.6556 14.15004477 23370
BADR-4                  
1 29526U 06051A   26245.67819162  .00000156  00000+0  00000+0 0  9995
2 29526   2.1974  80.1803 0005002  86.2616  94.0102  1.00271327 52045
NAVSTAR 59 (USA 192)    
1 29601U 06052A   26245.20063842  .00000065  00000+0  00000+0 0  9994
2 29601  54.9260 210.9551 0085244  91.1165 269.8422  2.00562268144952
WILDBLUE-1              
1 29643U 06054A   26245.54619772 -.00000012  00000+0  00000+0 0  9991
2 29643   2.9957  79.4639 0004829  91.8353  95.1838  0.99172584 54567
LAPAN-TUBSAT            
1 29709U 07001A   26245.62381683  .00000327  00000+0  43984-4 0  9994
2 29709  98.1391 246.6162 0010954 297.7520  62.2583 14.86017166 62653
THEMIS A                
1 30580U 07004A   26243.50756793 -.00000387  00000+0  00000+0 0  9993
2 30580   9.2017 103.1194 8340375 214.0952  42.2624  0.87844201 41941
SKYNET 5A               
1 30794U 07007B   26245.54758440 -.00000271  00000+0  00000+0 0  9992
2 30794   5.4915  72.7607 0003349  93.5261 107.7680  1.00272384 71478
THEMIS D                
1 30797U 07004D   26242.72108230 -.00000426  00000+0  00000+0 0  9997
2 30797   8.1500  76.2506 8310263 243.0983  30.3589  0.87838990 41735
THEMIS E                
1 30798U 07004E   26245.31500573 -.00000505  00000+0  00000+0 0  9990
2 30798   7.0242  92.4757 8422555 230.5547  18.9159  0.87839965 66599
ANIK F3                 
1 31102U 07009A   26245.48792007  .00000000  00000+0  00000+0 0  9997
2 31102   1.3901  82.8121 0002684  84.0419 231.7358  1.00272271 47339
HAIYANG-1B              
1 31113U 07010A   26244.91662271  .00000045  00000+0  33058-4 0  9990
2 31113  98.3581 223.8156 0013106 339.5805  20.4853 14.31043185 11617
SAUDISAT 3              
1 31118U 07012B   26245.30406614  .00000175  00000+0  36473-4 0  9996
2 31118  98.1520 195.7794 0014322 347.7841  12.3016 14.71464561 39081
SAUDICOMSAT 7           
1 31119U 07012C   26244.88995358  .00000394  00000+0  79735-4 0  9998
2 31119  98.3869 220.6273 0054744 317.2448  42.4502 14.66189184 33679
SAUDICOMSAT 6           
1 31121U 07012E   26244.84908803  .00000355  00000+0  77235-4 0  9996
2 31121  98.4186 213.8265 0072982  88.1543 272.8014 14.62619364 31392
SAUDICOMSAT 5           
1 31124U 07012H   26244.89232453  .00000331  00000+0  65839-4 0  9996
2 31124  98.3579 221.3634 0046040 243.6979 115.9492 14.68244806 34853
SAUDICOMSAT 3           
1 31125U 07012J   26244.92394406  .00000406  00000+0  74515-4 0  9992
2 31125  98.3234 221.9383 0039241 167.4062 192.8134 14.70803626 36101
SAUDICOMSAT 4           
1 31127U 07012L   26244.87939062  .00000452  00000+0  92492-4 0  9996
2 31127  98.4073 219.0472 0063843  19.9984 340.3699 14.64580996 32513
ASTRA 1L                
1 31306U 07016A   26244.81108491 -.00000182  00000+0  00000+0 0  9997
2 31306   1.5120  80.8210 0005051  81.6328  85.9967  1.00270086 45751
GALAXY 17 (G-17)        
1 31307U 07016B   26245.51187758 -.00000206  00000+0  00000+0 0  9996
2 31307   3.1593  78.8686 0002939 109.6111 252.4605  1.00271582 70582
YAOGAN-2                
1 31490U 07019A   26245.22262455 -.00000033  00000+0  31747-5 0  9994
2 31490  98.2535 108.3347 0021199  28.6038 331.6332 14.82775595 39035
GLOBALSTAR M069         
1 31573U 07020C   26244.84618287 -.00000076  00000+0  15151-3 0  9999
2 31573  52.0044  35.1482 0001156 324.2635 201.7524 12.23473501888189
GLOBALSTAR M072         
1 31574U 07020D   26245.49615997 -.00000077  00000+0  10244-3 0  9996
2 31574  51.9911 254.4297 0001337  99.0989  68.2838 11.91659991884195
COSMO-SKYMED 1          
1 31598U 07023A   26245.59091613  .00001054  00000+0  95887-4 0  9991
2 31598  97.8835  78.1167 0001112  80.6423 279.4924 14.97400172 41373
TERRASAR-X              
1 31698U 07026A   26245.45523693  .00000134  00000+0  95590-5 0  9998
2 31698  97.4467 252.0665 0001611  90.4519 269.6900 15.19153115 64957
COSMOS 2428             
1 31792U 07029A   26245.31030527  .00000189  00000+0  12700-3 0  9990
2 31792  70.9428 192.5604 0009655 349.1170  10.9741 14.12972655989045
SAR-LUPE 2              
1 31797U 07030A   26245.61235057  .00037713  00000+0  45574-3 0  9993
2 31797  98.1082   0.3442 0006008 176.6792 183.4504 15.60620765 68975
WORLDVIEW-1 (WV-1)      
1 32060U 07041A   26245.61654876  .00003825  00000+0  15851-3 0  9995
2 32060  97.3854   4.2534 0002001 101.6954 258.4508 15.24501159 54673
INTELSAT 11 (IS-11)     
1 32253U 07044B   26245.51503272 -.00000285  00000+0  00000+0 0  9998
2 32253   3.7593  77.6718 0007148 124.1180 110.9554  0.99051786 69215
WGS F1 (USA 195)        
1 32258U 07046A   26243.45319049 -.00000263  00000+0  00000+0 0  9999
2 32258   0.0039 188.6464 0000653 347.3951 284.2482  1.00271330 53091
NAVSTAR 60 (USA 196)    
1 32260U 07047A   26245.50831908  .00000001  00000+0  00000+0 0  9993
2 32260  54.1568  76.8798 0168928  89.1817 272.8159  2.00551865138364
GLOBALSTAR M066         
1 32265U 07048C   26245.17903272 -.00000103  00000+0 -72902-4 0  9996
2 32265  51.9573 196.8903 0004475 202.1539 260.5312 12.30391463869709
COSMOS 2433 [GLONASS-M] 
1 32275U 07052A   26245.34317640 -.00000032  00000+0  00000+0 0  9994
2 32275  65.5285 313.3358 0005178 222.5434 137.4901  2.13104326146706
COSMOS 2432 [GLONASS-M] 
1 32276U 07052B   26245.49124750 -.00000033  00000+0  00000+0 0  9990
2 32276  65.5443 313.4600 0008475 308.6890 108.5411  2.13103367146731
YAOGAN-3                
1 32289U 07055A   26245.64446050  .00002159  00000+0  22389-3 0  9992
2 32289  97.8121 274.7562 0001775  93.6290 266.5131 14.91033082 17414
SKYNET 5B               
1 32294U 07056B   26245.24853211  .00000141  00000+0  00000+0 0  9997
2 32294   5.4417  72.5479 0003561  92.7202 290.6877  1.00271374 68978
ASTRA 4A                
1 32299U 07057A   26245.88611779  .00000032  00000+0  00000+0 0  9993
2 32299   0.0554 288.0639 0002291 235.6564 142.1389  1.00270742 52426
COSMO-SKYMED 2          
1 32376U 07059A   26245.59564647  .00000199  00000+0  31607-4 0  9996
2 32376  97.8912  68.0871 0001406  88.5576 271.5798 14.82155489 13470
RADARSAT-2              
1 32382U 07061A   26245.56555466  .00000187  00000+0  89596-4 0  9999
2 32382  98.5812 251.4030 0001274  83.0525 277.0803 14.29980956977019
NAVSTAR 61 (USA 199)    
1 32384U 07062A   26245.57058274  .00000034  00000+0  00000+0 0  9997
2 32384  54.9746 271.0356 0036086 169.8181   4.7943  2.00564248137063
HORIZONS-2              
1 32388U 07063B   26245.51413093 -.00000253  00000+0  00000+0 0  9994
2 32388   2.7939  79.6143 0001816  76.7245 296.6395  1.00271021 68595
COSMOS 2434 [GLONASS-M] 
1 32393U 07065A   26245.16962358  .00000054  00000+0  00000+0 0  9994
2 32393  64.3202 189.3201 0001353  22.3862  93.9409  2.13101302145410
COSMOS 2436 [GLONASS-M] 
1 32395U 07065C   26245.49183319  .00000052  00000+0  00000+0 0  9992
2 32395  64.3286 189.3825 0017382 357.6029 137.8814  2.13100040145375
THURAYA-3               
1 32404U 08001A   26245.39883244  .00000010  00000+0  00000+0 0  9991
2 32404   6.1182  35.8152 0002547 156.0872 356.9540  1.00272909 68268
THOR 5                  
1 32487U 08006A   26244.60187067 -.00000006  00000+0  00000+0 0  9996
2 32487   0.0518 258.8106 0002801 282.5643  15.3328  1.00273068 68082
AMC-14                  
1 32708U 08011A   26245.33556550 -.00000347  00000+0  00000+0 0  9994
2 32708  24.0993  19.5870 0035938   3.4072 184.2866  1.00444663 68943
NAVSTAR 62 (USA 201)    
1 32711U 08012A   26243.92063575  .00000027  00000+0  00000+0 0  9996
2 32711  54.5024 146.8985 0211350 248.4600 109.3329  2.00551991135270
DIRECTV 11              
1 32729U 08013A   26245.50910424 -.00000124  00000+0  00000+0 0  9995
2 32729   0.0038  34.9586 0000164  19.0683  11.7274  1.00268821 46368
ICO G1                  
1 32763U 08016A   26242.87300964 -.00000167  00000+0  00000+0 0  9992
2 32763   5.5421  35.9069 0002060 121.6612  42.9333  1.00272628 67295
VINASAT-1               
1 32767U 08018A   26245.55486442 -.00000328  00000+0  00000+0 0  9991
2 32767   0.0463 297.9710 0002049 252.0125 123.4267  1.00270312 67360
STAR ONE C2             
1 32768U 08018B   26243.49330062 -.00000273  00000+0  00000+0 0  9998
2 32768   1.4248  81.6260 0002438  78.6784 291.9686  1.00272746 67415
CARTOSAT-2A             
1 32783U 08021A   26245.56375497  .00000651  00000+0  94101-4 0  9999
2 32783  97.7565 291.6076 0010747 214.4087 145.6430 14.79318657990248
CUTE-1.7+APD II (CO-65) 
1 32785U 08021C   26245.59337235  .00002519  00000+0  15877-3 0  9999
2 32785  97.8359 228.6915 0010228 119.7020 240.5228 15.10073681996878
CANX-2                  
1 32790U 08021H   26244.90357114  .00003030  00000+0  21171-3 0  9990
2 32790  97.8719 226.2310 0011103 138.4940 221.7132 15.06077073996351
SEEDS II (CO-66)        
1 32791U 08021J   26244.97863961  .00012816  00000+0  37757-3 0  9999
2 32791  97.7565 246.7042 0004261  66.7315 293.4376 15.35177425999066
AMOS-3                  
1 32794U 08022A   26245.90059118 -.00000116  00000+0  00000+0 0  9996
2 32794   0.6480  84.9550 0002259  45.3078 253.9914  1.00271180 83117
GALAXY 18 (G-18)        
1 32951U 08024A   26244.93410101  .00000027  00000+0  00000+0 0  9998
2 32951   0.0201 232.5300 0003317 305.9192  15.9364  1.00273312 46628
YUBILEINY (RS30)        
1 32953U 08025A   26245.59888537  .00000024  00000+0  10350-3 0  9996
2 32953  82.5047 307.2974 0020442 140.5655 219.6917 12.43182493829315
COSMOS 2437             
1 32954U 08025B   26245.59446370  .00000076  00000+0  47408-3 0  9993
2 32954  82.5032 309.3542 0021150 157.8752 347.9878 12.42760784828987
COSMOS 2438             
1 32955U 08025C   26245.60377000  .00000063  00000+0  38044-3 0  9991
2 32955  82.5024 304.6538 0022241 133.5887 226.7044 12.43370600829451
COSMOS 2439             
1 32956U 08025D   26245.59827203  .00000059  00000+0  34912-3 0  9990
2 32956  82.5082 309.6848 0021702 143.8267 216.4286 12.43071662829339
FENGYUN 3A              
1 32958U 08026A   26245.29686258  .00000049  00000+0  43637-4 0  9997
2 32958  98.6915 184.6975 0007560 266.3721  93.6591 14.19584759946344
ZHONGXING-9             
1 33051U 08028A   26245.54706440 -.00000248  00000+0  00000+0 0  9992
2 33051   0.9582  84.2327 0004966 100.5622  86.2368  1.00272735 66816
FGRST (GLAST)           
1 33053U 08029A   26245.48408666  .00002512  00000+0  86421-4 0  9998
2 33053  25.5830  27.6236 0008244 155.9693 204.1231 15.24294231  7497
SKYNET 5C               
1 33055U 08030A   26245.38262571 -.00000139  00000+0  00000+0 0  9992
2 33055   3.9794  76.0705 0004838 100.0323 285.4030  1.00270980 66738
TURKSAT 3A              
1 33056U 08030B   26245.89348449  .00000146  00000+0  00000+0 0  9995
2 33056   0.0203  87.3902 0004594  64.9999 193.3119  1.00273831 53135
ECHOSTAR 11             
1 33207U 08035A   26245.50702422 -.00000057  00000+0  00000+0 0  9993
2 33207   1.1976  83.1617 0002450  93.3434 237.8859  1.00271183 51982
SUPERBIRD-C2            
1 33274U 08038A   26245.51503272 -.00000305  00000+0  00000+0 0  9999
2 33274   2.5530  80.2330 0005952  64.3039 158.5595  1.00272794106500
INMARSAT 4-F3           
1 33278U 08039A   26244.18516772 -.00000136  00000+0  00000+0 0  9997
2 33278   4.3657  31.7178 0003103 157.6790 119.6271  1.00272086 47306
HUANJING 1A (HJ-1A)     
1 33320U 08041A   26245.63613691  .00000588  00000+0  76461-4 0  9996
2 33320  97.6764 228.5178 0017392 242.8306 117.1136 14.84141426969898
HUANJING 1B (HJ-1B)     
1 33321U 08041B   26245.64101487  .00000415  00000+0  56366-4 0  9994
2 33321  97.6596 231.4562 0034799 290.5277  69.2205 14.83444532969896
GEOEYE 1                
1 33331U 08042A   26245.55352774  .00000213  00000+0  48920-4 0  9996
2 33331  98.1278 318.5572 0004944 159.0652 201.0754 14.64682856961476
NIMIQ 4                 
1 33373U 08044A   26244.79964486 -.00000218  00000+0  00000+0 0  9996
2 33373   0.0238  99.5706 0001560  54.6024  32.6567  1.00270563 65759
GALAXY 19 (G-19)        
1 33376U 08045A   26245.50953757 -.00000138  00000+0  00000+0 0  9990
2 33376   0.0512 261.7335 0002600 275.6837 250.6761  1.00271310 65671
THEOS                   
1 33396U 08049A   26245.61091481  .00000052  00000+0  44410-4 0  9997
2 33396  98.5499 300.3537 0001310  88.9309 271.2019 14.20142262928952
SHIJIAN-6 03A (SJ-6 03A)
1 33408U 08053A   26245.52788897  .00002931  00000+0  14837-3 0  9997
2 33408  97.8359 281.5547 0012709 103.9885 256.2761 15.17798733974691
SHIJIAN-6 03B (SJ-6 03B)
1 33409U 08053B   26245.52114988  .00000930  00000+0  70842-4 0  9998
2 33409  97.8573 266.6992 0020423 136.0347 224.2507 15.04485418974377
COSMO-SKYMED 3          
1 33412U 08054A   26245.62150905  .00002287  00000+0  15521-3 0  9992
2 33412  97.8172 105.4614 0015914   8.9104 351.2403 15.07375263968608
SHIYAN-3 (SY-3)         
1 33433U 08056A   26245.54185028  .00000063  00000+0  40657-4 0  9991
2 33433  98.6042 271.3195 0012422 266.5443  93.4319 14.30823175929863
CHUANGXIN 1-02 (CX-1-02)
1 33434U 08056B   26245.60563544  .00000231  00000+0  10628-3 0  9993
2 33434  98.6111 271.0912 0013024 273.8371  86.1322 14.30167304929683
ASTRA 1M                
1 33436U 08057A   26245.53259101  .00000122  00000+0  00000+0 0  9997
2 33436   0.4884  82.7259 0003898  85.2417  24.8357  1.00272489 46511
YAOGAN-4                
1 33446U 08061A   26245.27376554  .00000593  00000+0  78873-4 0  9996
2 33446  97.9314 178.2236 0014224 173.7078 186.4317 14.83324778957097
EUTELSAT HOTBIRD 13C    
1 33459U 08065A   26245.51881095 -.00000282  00000+0  00000+0 0  9990
2 33459   3.1418  78.2130 0003636  95.6007 304.3320  1.00270330 48125
GOSAT (IBUKI)           
1 33492U 09002A   26245.25241364  .00000390  00000+0  77335-4 0  9998
2 33492  98.0944 355.3893 0001514 104.1808 255.9565 14.67544176942766
STARS (KUKAI)           
1 33498U 09002G   26244.80398388  .00002751  00000+0  24952-3 0  9992
2 33498  98.1598 195.2852 0006719 279.1669  80.8790 14.96212867949936
KKS-1 (KISEKI)          
1 33499U 09002H   26245.50093920  .00000876  00000+0  11386-3 0  9998
2 33499  98.1157 169.1640 0008943  46.5735 313.6221 14.83289713947657
EXPRESS-AM44            
1 33595U 09007A   26245.88299779 -.00000090  00000+0  00000+0 0  9997
2 33595   3.6551  77.3960 0003685  86.3226 125.1964  1.00271979 53066
NSS-9                   
1 33749U 09008A   26245.62001551  .00000072  00000+0  00000+0 0  9999
2 33749   1.4542  81.7617 0002286  78.5525 227.7412  1.00270285 64295
TELSTAR 11N             
1 34111U 09009A   26245.45003190 -.00000250  00000+0  00000+0 0  9995
2 34111   0.0592 271.1947 0002469 251.6924 303.1836  1.00270739 47025
NAVSTAR 63 (USA 203)    
1 34661U 09014A   26245.49133906  .00000061  00000+0  00000+0 0  9993
2 34661  54.4742 207.5572 0145787  61.5773  54.7752  2.00570421127839
WGS F2 (USA 204)        
1 34713U 09017A   26243.54427756  .00000000  00000+0  00000+0 0  9990
2 34713   0.0218 135.2411 0000657  51.7550  46.1412  1.00271311 46373
SES-7 (PROTOSTAR 2)     
1 34941U 09027A   26244.08725244 -.00000341  00000+0  00000+0 0  9996
2 34941   0.0536  79.5281 0000882 143.5586 256.8248  1.00269115 63390
MEASAT-3A               
1 35362U 09032A   26245.65068450 -.00000110  00000+0  00000+0 0  9997
2 35362   0.0452 320.8308 0002058 214.2243 201.0205  1.00271277  8802
EWS-G3 (GOES 14)        
1 35491U 09033A   26245.63656141 -.00000203  00000+0  00000+0 0  9992
2 35491   1.8824  81.9762 0002183  88.1729 132.7005  1.00073786  7365
FM-5                    
1 35493U 09034A   26245.51170425 -.00000199  00000+0  00000+0 0  9992
2 35493   0.0510 276.2258 0000642 138.8889  24.6010  1.00269967 47410
TERRESTAR-1             
1 35496U 09035A   26243.58114161 -.00000051  00000+0  00000+0 0  9993
2 35496   5.2179  48.6908 0002544  92.1959 297.0751  1.00269504 62891
COSMOS 2451             
1 35498U 09036A   26245.57547885 -.00000011  00000+0 -15812-3 0  9998
2 35498  82.4864  44.3223 0007416  47.8963 312.2745 12.40871936777248
COSMOS 2453             
1 35500U 09036C   26245.59042228 -.00000018  00000+0 -20454-3 0  9990
2 35500  82.4876  39.7981 0006966   5.9177 354.1983 12.41520855777583
DEIMOS-1                
1 35681U 09041A   26245.57511877  .00000227  00000+0  40524-4 0  9996
2 35681  97.7508  39.4966 0000956  24.8888 335.2368 14.75304474918294
DUBAISAT-1              
1 35682U 09041B   26245.34664164  .00000559  00000+0  90078-4 0  9997
2 35682  98.0156  17.8086 0010424 175.8156 184.3142 14.75233876916475
UK-DMC 2                
1 35683U 09041C   26245.57138266  .00000452  00000+0  72626-4 0  9993
2 35683  97.8946  18.6954 0001524  67.2982 292.8389 14.76128249917988
APRIZESAT 4             
1 35684U 09041D   26245.46414959  .00000459  00000+0  61178-4 0  9995
2 35684  98.1358 322.3054 0044469  71.6035 289.0006 14.83976535922829
NANOSAT 1B              
1 35685U 09041E   26245.28635327  .00001286  00000+0  12630-3 0  9997
2 35685  98.1247   6.4487 0047803 270.5627  89.0114 14.93274602925928
APRIZESAT 3             
1 35686U 09041F   26245.33504743  .00001390  00000+0  12386-3 0  9995
2 35686  98.2174  42.3146 0061515 170.9554 189.2790 14.96425852927910
ASIASAT 5               
1 35696U 09042A   26245.54862440 -.00000307  00000+0  00000+0 0  9995
2 35696   0.0478 259.8626 0001634 242.4267 137.4324  1.00272601 62493
NAVSTAR 64 (USA 206)    
1 35752U 09043A   26245.39891920 -.00000054  00000+0  00000+0 0  9996
2 35752  56.2566  24.4252 0051922  85.7770 270.7465  2.00577453124906
JCSAT-12 (JCSAT-RA)     
1 35755U 09044A   26245.55495109 -.00000327  00000+0  00000+0 0  9990
2 35755   0.0503 283.4058 0001593 294.0482  96.0871  1.00270363 62384
OPTUS D3                
1 35756U 09044B   26245.48839080 -.00000145  00000+0  00000+0 0  9991
2 35756   0.8521 268.1041 0004144 259.4314 146.0673  1.00270808 62345
NIMIQ 5                 
1 35873U 09050A   26244.01745656 -.00000254  00000+0  00000+0 0  9992
2 35873   0.0450 278.4228 0002807 240.3894 114.9718  1.00272138 62101
OCEANSAT-2              
1 35931U 09051A   26245.61867608 -.00000211  00000+0 -11819-3 0  9995
2 35931  98.2407 224.7620 0016448  18.9892 341.1885 13.99670274890168
SWISSCUBE               
1 35932U 09051B   26244.72433667  .00000651  00000+0  13778-3 0  9993
2 35932  98.3955 153.9212 0006529 346.8361  13.2668 14.62605254900346
BEESAT-1                
1 35933U 09051C   26245.32173026  .00000507  00000+0  11144-3 0  9996
2 35933  98.3879 154.0006 0005334   2.3456 357.7769 14.61824840900450
ITUPSAT1                
1 35935U 09051E   26244.28424686  .00000498  00000+0  11265-3 0  9996
2 35935  98.3960 152.0573 0007821  12.8053 347.3344 14.60535895899844
AMAZONAS 2              
1 35942U 09054A   26245.51447759 -.00000259  00000+0  00000+0 0  9997
2 35942   2.0078  81.9701 0003364  80.5637 292.3544  1.00271783 61963
COMSATBW-1              
1 35943U 09054B   26245.54125771  .00000025  00000+0  00000+0 0  9998
2 35943   0.0352 160.0596 0002952  15.3924  64.0916  1.00271905 62082
WORLDVIEW-2 (WV-2)      
1 35946U 09055A   26245.61253552  .00000051  00000+0  31450-4 0  9996
2 35946  98.4737 318.0014 0004282   8.0610 352.0645 14.37917662886772
DMSP 5D-3 F18 (USA 210) 
1 35951U 09057A   26245.57397882  .00000166  00000+0  10913-3 0  9991
2 35951  98.9125 226.2055 0011857  36.0512 324.1459 14.14935935870535
NSS-12                  
1 36032U 09058A   26245.89643117  .00000071  00000+0  00000+0 0  9990
2 36032   0.0413 311.1068 0003535 174.9251 235.7311  1.00270882 61691
THOR 6                  
1 36033U 09058B   26244.31680453 -.00000007  00000+0  00000+0 0  9991
2 36033   0.0095 134.8363 0002464  60.2208 258.6305  1.00271981 61761
SMOS                    
1 36036U 09059A   26245.12216132  .00000153  00000+0  62671-4 0  9992
2 36036  98.4439  71.3373 0001423  86.6495 273.4856 14.39759155884520
PROBA-2                 
1 36037U 09059B   26245.06206941  .00000081  00000+0  29297-4 0  9990
2 36037  98.2482  67.3666 0014201  47.2368 313.0022 14.54889991892701
POISK                   
1 36086U 09060A   26245.46626010  .00004070  00000+0  82080-4 0  9994
2 36086  51.6313 277.6073 0005029  99.7358 260.4199 15.48970443584422
SJ-11-01                
1 36088U 09061A   26245.64414795  .00000271  00000+0  60765-4 0  9997
2 36088  98.0140 224.4677 0011694 132.7136 287.6170 14.63751136895825
COSMOS 2455             
1 36095U 09063A   26244.96172966 -.00000066  00000+0  63705-5 0  9993
2 36095  67.1467  66.1837 0004931 296.5959  63.4620 13.97056552855854
INTELSAT 14 (IS-14)     
1 36097U 09064A   26245.87623777 -.00000274  00000+0  00000+0 0  9992
2 36097   0.1079  85.1650 0002779  98.1911  69.1191  1.00270675 61386
EUTELSAT 36B            
1 36101U 09065A   26245.89513117  .00000112  00000+0  00000+0 0  9997
2 36101   0.6797  81.2154 0005749  82.6589 190.9005  1.00271704 61481
INTELSAT 15 (IS-15)     
1 36106U 09067A   26245.87768213 -.00000185  00000+0  00000+0 0  9992
2 36106   0.0191 116.9437 0002303  54.4692 211.7288  1.00271190 42004
WGS F3 (USA 211)        
1 36108U 09068A   26243.59670447  .00000025  00000+0  00000+0 0  9995
2 36108   0.3180  85.3895 0000626 146.4543 200.4406  1.00270490 47348
YAOGAN-7                
1 36110U 09069A   26245.40001092  .00000219  00000+0  37437-4 0  9999
2 36110  97.9943 130.7451 0025213 147.4065 212.8708 14.78069943901037
COSMOS 2456 [GLONASS-M] 
1 36111U 09070A   26243.16824907  .00000025  00000+0  00000+0 0  9997
2 36111  65.0585  68.4162 0001952 351.8138 187.7059  2.13103784130028
COSMOS 2457 [GLONASS-M] 
1 36112U 09070B   26244.87854742  .00000023  00000+0  00000+0 0  9995
2 36112  65.0458  68.2007 0005733 129.3549  48.9597  2.13101124130064
YAOGAN-8                
1 36121U 09072A   26245.38594485 -.00000392  00000+0 -10809-2 0  9991
2 36121 100.2027 125.7711 0021198 148.4858 211.7524 13.05082046798746
XIWANG-1 (HOPE-1)       
1 36122U 09072B   26245.61092554  .00000248  00000+0  76611-3 0  9990
2 36122 100.4098 198.2259 0008174  59.0228 301.1688 13.16441838803197
DIRECTV 12              
1 36131U 09075A   26244.34282677 -.00000100  00000+0  00000+0 0  9992
2 36131   0.0300 350.1881 0000392 255.1000 115.9228  1.00271440 47314
BEIDOU-2 G1             
1 36287U 10001A   26245.55497476 -.00000279  00000+0  00000+0 0  9991
2 36287   4.4693  60.0770 0001746 254.0372   7.8679  1.00273068 60948
SDO                     
1 36395U 10005A   26245.08082830 -.00000072  00000+0  00000+0 0  9998
2 36395  34.8077  85.1722 0001810  75.0645 108.4178  1.00275083 60831
INTELSAT 16 (IS-16)     
1 36397U 10006A   26243.58908443 -.00000241  00000+0  00000+0 0  9999
2 36397   0.0189  84.1195 0002329  91.7489 299.7745  1.00271031 60419
COSMOS 2460 [GLONASS-M] 
1 36402U 10007C   26245.22902208 -.00000029  00000+0  00000+0 0  9997
2 36402  65.3712 311.8580 0002235 205.8291 243.3189  2.13101882128373
EWS-G2 (GOES 15)        
1 36411U 10008A   26245.54134438  .00000022  00000+0  00000+0 0  9997
2 36411   1.4845  81.9315 0005273  77.8085  80.1883  1.00270451 60417
YAOGAN-9 01A            
1 36413U 10009A   26245.11094068  .00000045  00000+0  94344-4 0  9991
2 36413  63.3637 159.1356 0544090  22.3488 340.0296 13.45714327810321
YAOGAN-9 01B            
1 36414U 10009B   26245.09029175  .00000025  00000+0  80567-4 0  9996
2 36414  63.3650 158.8302 0544958  21.4994 340.7993 13.45721790810096
YAOGAN-9 01C            
1 36415U 10009C   26245.46003192  .00000020  00000+0  76627-4 0  9996
2 36415  63.3646 158.3786 0545655  21.8351 340.4993 13.45723396810304
ECHOSTAR 14             
1 36499U 10010A   26244.00835653  .00000004  00000+0  00000+0 0  9993
2 36499   0.0397 283.7042 0001993 237.5154  63.0691  1.00270846 47315
CRYOSAT 2               
1 36508U 10013A   26245.61668350  .00000122  00000+0  29480-4 0  9992
2 36508  92.0299 296.1114 0002573  85.4112 274.7389 14.51902655869312
SES-1                   
1 36516U 10016A   26245.50875756 -.00000113  00000+0  00000+0 0  9995
2 36516   0.0507 302.4567 0002520 231.9364 249.4225  1.00271279 59808
COSMOS 2463             
1 36519U 10017A   26245.30247691  .00000054  00000+0  43307-4 0  9993
2 36519  82.9627 193.0474 0034683 276.6229 191.6910 13.71669524818509
ASTRA 3B                
1 36581U 10021A   26245.88984448  .00000137  00000+0  00000+0 0  9998
2 36581   1.6639  82.5065 0003691  55.8994 187.4683  1.00273924 59644
COMSATBW-2              
1 36582U 10021B   26245.53129100  .00000089  00000+0  00000+0 0  9993
2 36582   0.0120 167.0505 0002600  16.7406   2.3826  1.00270035 59738
NAVSTAR 65 (USA 213)    
1 36585U 10022A   26245.46918541  .00000059  00000+0  00000+0 0  9991
2 36585  54.2629 205.4510 0128500  66.3487 101.0155  2.00566078119147
SERVIS 2                
1 36588U 10023A   26245.32506354 -.00000054  00000+0 -24561-4 0  9995
2 36588 100.4292  71.9120 0017956  98.6189  75.1740 13.16057479780911
BEIDOU-2 G3             
1 36590U 10024A   26245.47322407 -.00000133  00000+0  00000+0 0  9994
2 36590   4.6927  61.1024 0004989   4.7883 165.6232  1.00269386 59540
BADR-5                  
1 36592U 10025A   26245.89123116  .00000154  00000+0  00000+0 0  9991
2 36592   0.0313 142.5149 0008020  68.4158 122.4750  1.00276298 53994
SJ-12                   
1 36596U 10027A   26245.49617216  .00002397  00000+0  12371-3 0  9991
2 36596  97.7616 265.0532 0006469 175.0620 185.0678 15.17332319886581
TANDEM-X                
1 36605U 10030A   26245.45523761  .00000129  00000+0  93382-5 0  9997
2 36605  97.4466 252.0687 0001931  88.4422 271.7034 15.19153101898376
ARABSAT-5A              
1 36745U 10032B   26245.89123116  .00000153  00000+0  00000+0 0  9998
2 36745   0.2329  76.3472 0004355  81.0102 176.0056  1.00271010 59428
ECHOSTAR 15             
1 36792U 10034A   26245.48791987  .00000001  00000+0  00000+0 0  9996
2 36792   0.0614 279.0123 0002101 233.6334 245.8388  1.00271071 59092
CARTOSAT-2B             
1 36795U 10035A   26245.55160961 -.00000022  00000+0  41756-5 0  9993
2 36795  97.9884 295.5784 0010350 306.7291  53.2968 14.78613629871280
ALSAT-2A                
1 36798U 10035D   26245.57930612  .00000689  00000+0  11064-3 0  9991
2 36798  97.7676 244.9730 0001574  63.6899 296.4471 14.74579896865163
TISAT 1                 
1 36799U 10035E   26244.80831069  .00016176  00000+0  48650-3 0  9992
2 36799  98.0755 198.3430 0002327  38.6567 321.4840 15.34481116879445
BEIDOU-2 IGSO-1         
1 36828U 10036A   26233.75814490 -.00000137  00000+0  00000+0 0  9991
2 36828  54.3073 162.3689 0058186 224.3483 321.2966  1.00253816 58750
NILESAT 201             
1 36830U 10037A   26245.38479238 -.00000056  00000+0  00000+0 0  9994
2 36830   0.0206 194.7490 0005577 333.6217 304.6876  1.00271995 59151
RASCOM-QAF 1R           
1 36831U 10037B   26245.31543906  .00000020  00000+0  00000+0 0  9992
2 36831   0.0230 119.3589 0005197  36.9871 301.5694  1.00272259 59077
YAOGAN-10               
1 36834U 10038A   26245.62304963  .00000804  00000+0  99260-4 0  9999
2 36834  97.8958 268.4121 0001426  89.2862  21.1090 14.85549877868704
AEHF-1 (USA 214)        
1 36868U 10039A   26245.16850442  .00000149  00000+0  00000+0 0  9995
2 36868   8.4097  67.0260 0003854  97.2036 267.6993  1.00271437 54432
COSMOS 2467             
1 37152U 10043A   26245.66358473  .00000044  00000+0  24409-3 0  9996
2 37152  82.4604  16.5397 0000627  45.1855 325.7378 12.42989106725133
STRELA 3                
1 37153U 10043B   26245.55591587 -.00000028  00000+0 -28291-3 0  9997
2 37153  82.4592  30.2051 0006681 275.9656  84.0661 12.40793490723964
COSMOS 2468 (RODNIK-S 3)
1 37154U 10043C   26245.30393355  .00000031  00000+0  15328-3 0  9993
2 37154  82.4644  13.9372 0015484 138.3307 284.0206 12.43749258725463
YAOGAN-11               
1 37165U 10047A   26245.21495249  .00000473  00000+0  66273-4 0  9990
2 37165  98.3734 114.9108 0034614 356.9038   3.1954 14.82180856859506
ZHEDA PIXING 1B         
1 37166U 10047B   26245.59451707  .00000768  00000+0  82510-4 0  9992
2 37166  97.9571 224.4068 0020311  29.2085 331.0265 14.91432250861952
ZHEDA PIXING 1C         
1 37167U 10047C   26245.60022795  .00001054  00000+0  11173-3 0  9991
2 37167  97.9862 228.0933 0020081  35.9677 324.2888 14.91165742861967
SBSS (USA 216)          
1 37168U 10048A   26245.58204919  .00002426  00000+0  11695-3 0  9993
2 37168  97.7197 132.5255 0078465 297.0056 126.0497 15.17080969864204
SHIJIAN-6 04A (SJ-6 04A)
1 37179U 10051A   26245.52532097  .00003734  00000+0  18250-3 0  9991
2 37179  97.8262 271.4162 0017035 323.3203  36.6863 15.18787337868686
SHIJIAN-6 04B (SJ-6 04B)
1 37180U 10051B   26245.56959597  .00001431  00000+0  12162-3 0  9993
2 37180  97.8734 251.8037 0013134  64.4862 295.7717 14.99442759867279
XM-5                    
1 37185U 10053A   26244.29418441 -.00000020  00000+0  00000+0 0  9995
2 37185   0.0722 274.4834 0000440 290.1479 126.5545  1.00271402 58243
GLOBALSTAR M079         
1 37188U 10054A   26245.27072031 -.00000098  00000+0  29661-4 0  9993
2 37188  52.0017 234.0173 0000401 125.6396 337.2401 12.62267281732280
GLOBALSTAR M074         
1 37189U 10054B   26245.29777081 -.00000098  00000+0  34479-4 0  9996
2 37189  51.9995 233.1895 0000187  64.1934  40.8819 12.62263024732899
GLOBALSTAR M076         
1 37190U 10054C   26245.16039994 -.00000105  00000+0 -88654-5 0  9993
2 37190  52.0016 233.8177 0000218 144.2809 296.2630 12.62263481732595
GLOBALSTAR M077         
1 37191U 10054D   26244.77081705 -.00000054  00000+0  44242-3 0  9992
2 37191  51.9993 344.9158 0002311 320.6339 208.0452 11.67547820730086
GLOBALSTAR M075         
1 37192U 10054E   26245.58997676 -.00000096  00000+0  44655-4 0  9991
2 37192  51.9937 274.5216 0000385  91.0396  83.6427 12.62260425731718
GLOBALSTAR M073         
1 37193U 10054F   26245.17920579 -.00000090  00000+0  76311-4 0  9993
2 37193  52.0048 189.9283 0000344  97.7537   7.8894 12.62267812733650
BSAT-3B                 
1 37207U 10056B   26245.61919516 -.00000349  00000+0  00000+0 0  9993
2 37207   0.0911 257.9963 0004130 306.9798 109.5473  1.00270198 52872
BEIDOU-2 G4             
1 37210U 10057A   26245.67217841 -.00000112  00000+0  00000+0 0  9994
2 37210   3.8323  68.3956 0007600 177.9605 137.4754  1.00271239 58064
FENGYUN 3B              
1 37214U 10059A   26245.61092164 -.00000013  00000+0  16450-4 0  9994
2 37214  98.9555 291.9290 0021569 330.0841 152.4295 14.14855499818379
COSMO-SKYMED 4          
1 37216U 10060A   26245.60830628  .00000623  00000+0  84762-4 0  9999
2 37216  97.8911  68.1015 0001414  84.8552 275.2823 14.82158258856034
SKYTERRA 1              
1 37218U 10061A   26245.50867089 -.00000117  00000+0  00000+0 0  9999
2 37218   5.2857  50.6680 0000922 107.4584 265.3758  1.00271851 57976
O/OREOS (USA 219)       
1 37224U 10062C   26245.13711710  .00001164  00000+0  11490-3 0  9996
2 37224  71.9678 265.9951 0016611 277.9348  81.9937 14.93998723128137
FASTSAT-HSV01 (USA 220) 
1 37225U 10062D   26245.30689447  .00000250  00000+0  38575-4 0  9996
2 37225  71.9744 348.1883 0017323 336.7227  23.3151 14.82205533125550
HYLAS 1                 
1 37237U 10065A   26245.54845106 -.00000340  00000+0  00000+0 0  9992
2 37237   5.8323  72.0293 0003405 154.1294  52.3561  1.00647335  7666
INTELSAT 17 (IS-17)     
1 37238U 10065B   26245.71364197 -.00000001  00000+0  00000+0 0  9992
2 37238   0.0116 131.6013 0002527  43.7253 129.4388  1.00271133 54022
BEIDOU-2 IGSO-2         
1 37256U 10068A   26243.01642102 -.00000167  00000+0  00000+0 0  9994
2 37256  47.4138 270.8943 0057472 215.6625 325.4311  1.00258049 57546
EUTELSAT KA-SAT 9A      
1 37258U 10069A   26245.31665241  .00000064  00000+0  00000+0 0  9996
2 37258   0.0776 334.2798 0005511 195.3486 294.8624  1.00275125 44782
HISPASAT 30W-5          
1 37264U 10070A   26243.95462295 -.00000213  00000+0  00000+0 0  9994
2 37264   0.0335 115.6536 0005657  46.0705 132.0768  1.00269807 53948
KOREASAT 6              
1 37265U 10070B   26245.65068450 -.00000111  00000+0  00000+0 0  9996
2 37265   0.0293 257.3947 0001987 280.8879 197.6596  1.00272028 57549
BEIDOU-2 IGSO-3         
1 37384U 11013A   26230.91979428 -.00000155  00000+0  00000+0 0  9993
2 37384  62.4969  39.5609 0036994 183.8957 178.9703  1.00253025 56292
RESOURCESAT-2           
1 37387U 11015A   26245.58045953  .00000017  00000+0  27699-4 0  9998
2 37387  98.7578 312.4616 0011858  39.5413 320.6628 14.21607975797175
YOUTHSAT                
1 37388U 11015B   26244.93848509  .00000115  00000+0  65995-4 0  9995
2 37388  98.3774 215.5637 0015577 114.2998 311.7373 14.25656555798572
X-SAT                   
1 37389U 11015C   26245.59140612  .00000052  00000+0  39602-4 0  9995
2 37389  98.3604 218.9595 0015076 113.0998 247.1773 14.25225374798708
INTELSAT 28 (IS-28)     
1 37392U 11016A   26245.87892443 -.00000226  00000+0  00000+0 0  9996
2 37392   1.9995  81.5824 0003942  93.0153  92.1435  1.00269364 54066
YAHSAT 1A               
1 37393U 11016B   26245.89556449  .00000101  00000+0  00000+0 0  9993
2 37393   0.0137 132.9088 0002360  16.3323 207.7077  1.00272605 43187
SBIRS GEO-1 (USA 230)   
1 37481U 11019A   26245.53900436  .00000100  00000+0  00000+0 0  9993
2 37481   4.7044  53.0169 0001761 106.1584  68.3632  1.00272657 56175
GSAT-8                  
1 37605U 11022A   26245.53969770  .00000085  00000+0  00000+0 0  9993
2 37605   2.3234  80.8011 0005805 155.8866 354.3883  1.00271849 53994
ST-2                    
1 37606U 11022B   26245.87768213 -.00000212  00000+0  00000+0 0  9993
2 37606   0.0110 209.4738 0001834 345.3236 191.1719  1.00273634 56052
ZHONGXING-10            
1 37677U 11026A   26245.90206454 -.00000188  00000+0  00000+0 0  9995
2 37677   1.2397  83.1882 0003053  62.2120 246.9005  1.00269742 55779
SJ-11-03                
1 37730U 11030A   26245.62957530  .00000380  00000+0  80470-4 0  9994
2 37730  97.9424 206.9137 0008865 139.6914 325.0184 14.64401760808445
GLOBALSTAR M083         
1 37739U 11033A   26245.03385061 -.00000082  00000+0  12396-3 0  9996
2 37739  51.9853 138.4968 0000576  94.3737  10.4661 12.62258781702652
GLOBALSTAR M088         
1 37740U 11033B   26244.85847968 -.00000113  00000+0 -50674-4 0  9994
2 37740  52.0221  45.6397 0000770  87.6679  60.0741 12.62270169698171
GLOBALSTAR M091         
1 37741U 11033C   26245.63417255 -.00000099  00000+0  25527-4 0  9995
2 37741  52.0024   6.1328 0000848 103.0988 271.1083 12.62264634699064
GLOBALSTAR M085         
1 37742U 11033D   26245.46245216 -.00000087  00000+0  93611-4 0  9999
2 37742  52.0147 318.0186 0000716 114.5555 258.8448 12.62264937699556
GLOBALSTAR M081         
1 37743U 11033E   26244.64787955 -.00000090  00000+0  75836-4 0  9993
2 37743  51.9980 322.8455 0000561 121.6227  28.6337 12.62265907699597
GLOBALSTAR M089         
1 37744U 11033F   26245.30529475 -.00000093  00000+0  58822-4 0  9998
2 37744  51.9921 274.9888 0000093  65.3396  14.9231 12.62263192700522
SES-3                   
1 37748U 11035A   26245.50832422 -.00000101  00000+0  00000+0 0  9995
2 37748   1.5191  82.1133 0002469 100.5781 238.9675  1.00271556 55365
KAZSAT-2                
1 37749U 11035B   26243.76386878 -.00000194  00000+0  00000+0 0  9993
2 37749   0.0179  98.1854 0001496 132.3029 110.9824  1.00271443 54156
NAVSTAR 66 (USA 232)    
1 37753U 11036A   26244.11454653 -.00000066  00000+0  00000+0 0  9994
2 37753  56.5238 329.0646 0140822  63.0796 271.3847  2.00561291110790
BEIDOU-2 IGSO-4         
1 37763U 11038A   26243.76490878 -.00000059  00000+0  00000+0 0  9998
2 37763  54.6036 165.0022 0160427 231.0482 313.7907  1.00270703 55402
SJ-11-02                
1 37765U 11039A   26245.47307061  .00000269  00000+0  59925-4 0  9999
2 37765  98.2498 135.7019 0011175  26.9725 145.7471 14.64545133805268
ASTRA 1N                
1 37775U 11041A   26245.53259101  .00000121  00000+0  00000+0 0  9993
2 37775   0.0649 349.3328 0005299 157.6483  45.6451  1.00273527 45305
BSAT-3C (JCSAT-110R)    
1 37776U 11041B   26245.55053108  .00000000  00000+0  00000+0 0  9991
2 37776   0.0144 280.8106 0000322 339.1403  29.8938  1.00267938 51243
HAIYANG-2A              
1 37781U 11043A   26245.57401424 -.00000049  00000+0 -67641-5 0  9994
2 37781  99.3454 246.3731 0003535 146.5442 213.5929 13.71639324757278
NIGERIASAT-2            
1 37789U 11044B   26245.63618139  .00000125  00000+0  28517-4 0  9994
2 37789  97.8870 220.2676 0028629 233.2849 187.2279 14.70573493801950
NIGERIASAT-X            
1 37790U 11044C   26244.91520679  .00000207  00000+0  51192-4 0  9993
2 37790  97.8633 225.2127 0013727  92.5810 267.6963 14.60911606801372
RASAT                   
1 37791U 11044D   26245.60646793  .00000486  00000+0  92683-4 0  9996
2 37791  98.0564 335.8190 0019544 309.8159 158.7338 14.68229604804546
APRIZESAT 5             
1 37792U 11044E   26245.29187347  .00000562  00000+0  77875-4 0  9998
2 37792  98.2464 180.5271 0053318 113.7384 246.9433 14.81190176810204
APRIZESAT 6             
1 37793U 11044F   26245.32187950  .00000366  00000+0  59045-4 0  9994
2 37793  98.2290 157.3740 0042504 197.3856 283.2643 14.77010430808531
SES-2                   
1 37809U 11049A   26245.51153091 -.00000195  00000+0  00000+0 0  9990
2 37809   0.2491  88.2005 0002888  78.0717 272.5517  1.00271703 54733
ARABSAT-5C              
1 37810U 11049B   26245.88915115  .00000124  00000+0  00000+0 0  9996
2 37810   0.0526 351.1312 0003776 173.3557 157.6568  1.00277349 54813
EUTELSAT 7 WEST A       
1 37816U 11051A   26245.88369111 -.00000060  00000+0  00000+0 0  9994
2 37816   0.0681 328.4273 0006016 200.7180 123.7116  1.00270964 54652
TACSAT 4                
1 37818U 11052A   26244.73733572  .00000806  00000+0  30815-3 0  9994
2 37818  62.8408  67.3500 4627662 286.1436  29.0228  6.15713895329508
QUETZSAT 1              
1 37826U 11054A   26244.77108240 -.00000239  00000+0  00000+0 0  9997
2 37826   0.0133  76.1170 0002777  95.5492   9.8527  1.00270628 50646
INTELSAT 18 (IS-18)     
1 37834U 11056A   26244.85155843  .00000055  00000+0  00000+0 0  9993
2 37834   0.0370 274.2343 0002004 252.6733 300.6646  1.00270246 54585
EUTELSAT 16A            
1 37836U 11057A   26245.88837115  .00000104  00000+0  00000+0 0  9994
2 37836   0.0668  54.8519 0005549 105.1864 157.7925  1.00271854  8113
JUGNU                   
1 37839U 11058B   26245.22129900  .00000392  00000+0  64849-4 0  9997
2 37839  19.9595 200.4070 0018549 206.6627 183.2737 14.13794929769944
SRMSAT                  
1 37841U 11058D   26245.49832234  .00000355  00000+0  49064-4 0  9991
2 37841  19.9726 311.5171 0011747 335.5827 157.6174 14.11589959768757
VIASAT-1                
1 37843U 11059A   26245.20482947  .00000000  00000+0  00000+0 0  9994
2 37843   0.0192 142.2708 0002344  25.8102 131.9053  1.00269559 48094
GSAT0101 (GALILEO-PFM)  
1 37846U 11060A   26245.27765018 -.00000080  00000+0  00000+0 0  9998
2 37846  56.9635 339.6718 0000481  63.0846 296.9646  1.70475552 92437
GSAT0102 (GALILEO-FM2)  
1 37847U 11060B   26238.17148139 -.00000087  00000+0  00000+0 0  9996
2 37847  56.9676 339.8652 0001497 344.4713  20.0598  1.70476016 92325
SUOMI NPP               
1 37849U 11061A   26245.59290496  .00000057  00000+0  47952-4 0  9995
2 37849  98.7986 185.9506 0002821  95.8501 264.2996 14.19531032769420
COSMOS 2476 [GLONASS-M] 
1 37867U 11064A   26243.49642594  .00000027  00000+0  00000+0 0  9990
2 37867  65.3161  70.3310 0022300 231.2268 108.3746  2.13103854115362
COSMOS 2477 [GLONASS-M] 
1 37868U 11064B   26241.17223030  .00000035  00000+0  00000+0 0  9993
2 37868  65.3210  70.4891 0019266 231.6424 305.0263  2.13103059115310
COSMOS 2475 [GLONASS-M] 
1 37869U 11064C   26243.12289840  .00000028  00000+0  00000+0 0  9994
2 37869  65.3290  70.4459 0024501 246.8157 301.1425  2.13101856115363
YAOGAN-12               
1 37875U 11066B   26245.52778894  .00003005  00000+0  11501-3 0  9991
2 37875  97.1085 280.4700 0008246 314.4053  45.6511 15.27269430823849
CHUANGXIN 1-03 (CX-1-03)
1 37930U 11068A   26245.60274391  .00000137  00000+0  69697-4 0  9990
2 37930  98.6983 263.2234 0013777 248.3478 187.9828 14.30552505771727
SHIYAN-4 (SY-4)         
1 37931U 11068B   26245.51408315  .00000064  00000+0  41063-4 0  9992
2 37931  98.6948 264.6010 0021727 279.4192 243.5528 14.31152288769951
ASIASAT 7               
1 37933U 11069A   26245.61919516 -.00000333  00000+0  00000+0 0  9997
2 37933   0.0447 281.4958 0001645 212.5980 176.0618  1.00274845 45630
BEIDOU-2 IGSO-5         
1 37948U 11073A   26245.54758440 -.00000101  00000+0  00000+0 0  9990
2 37948  47.5418 270.5775 0116850 223.8486 139.9876  1.00280852 53916
LUCH-5A                 
1 37951U 11074B   26245.59163785 -.00000050  00000+0  00000+0 0  9995
2 37951   8.9432  72.6502 0003959 117.3405 171.6761  1.00271408 53822
SSOT                    
1 38011U 11076E   26245.57540516  .00000850  00000+0  11194-3 0  9991
2 38011  97.7996 304.1116 0001416  86.6202  47.8576 14.82643366795847
PLEIADES 1A             
1 38012U 11076F   26245.58974784  .00000096  00000+0  30546-4 0  9996
2 38012  98.1922 319.6314 0001011  91.8051  36.7421 14.58568367783274
NIGCOMSAT 1R            
1 38014U 11077A   26245.53718436  .00000145  00000+0  00000+0 0  9996
2 38014   0.0214 194.8089 0002574 134.6046 248.1932  1.00274504 53736
ZIYUAN 1-02C (ZY 1-02C) 
1 38038U 11079A   26245.66360402  .00000418  00000+0  15161-3 0  9995
2 38038  98.4005 311.3298 0007709  78.0041  77.0212 14.38267545770345
GLOBALSTAR M084         
1 38040U 11080A   26245.49708021 -.00000088  00000+0  87528-4 0  9995
2 38040  51.9999 141.9240 0000364  57.9120 114.3446 12.62264005678526
GLOBALSTAR M080         
1 38041U 11080B   26245.46870316 -.00000090  00000+0  78802-4 0  9998
2 38041  52.0053 143.7583 0001045  70.3945 100.9299 12.62258484678645
GLOBALSTAR M082         
1 38042U 11080C   26245.00724338 -.00000095  00000+0  51276-4 0  9992
2 38042  52.0069 100.6687 0000956  85.5892  79.6539 12.62262672679294
GLOBALSTAR M092         
1 38043U 11080D   26245.61581843 -.00000091  00000+0  71709-4 0  9991
2 38043  52.0076 189.2170 0000408  58.7759 112.4563 12.62268236677821
GLOBALSTAR M090         
1 38044U 11080E   26245.55582058 -.00000105  00000+0 -91483-5 0  9993
2 38044  52.0113  92.9791 0000914  94.6457 283.4143 12.62268145679485
GLOBALSTAR M086         
1 38045U 11080F   26245.57609541 -.00000103  00000+0  46798-5 0  9999
2 38045  51.9887  92.7189 0000762 181.6570 195.8963 12.62288907679434
WGS F4 (USA 233)        
1 38070U 12003A   26243.62167123 -.00000211  00000+0  00000+0 0  9992
2 38070   0.0040 150.0744 0000573 147.1391 354.8075  1.00272069 44902
LARES                   
1 38077U 12006A   26245.60265818 -.00000021  00000+0  10828-3 0  9994
2 38077  69.4917 160.0165 0010459 316.8117  43.2088 12.54932248666786
SES-4                   
1 38087U 12007A   26245.88083110 -.00000169  00000+0  00000+0 0  9999
2 38087   0.0246  53.7553 0002394 107.5984 115.7596  1.00270341 53000
BEIDOU-2 G5             
1 38091U 12008A   26245.54039104  .00000057  00000+0  00000+0 0  9997
2 38091   3.7595  69.1378 0006315 247.2876 278.5603  1.00275282 53148
MUOS-1                  
1 38093U 12009A   26245.50022572 -.00000127  00000+0  00000+0 0  9996
2 38093   5.6315  47.0148 0053462   4.1919  10.5722  1.00272331 53221
INTELSAT 22 (IS-22)     
1 38098U 12011A   26245.89946453 -.00000059  00000+0  00000+0 0  9993
2 38098   0.0178 219.4300 0002038 308.8392 209.6818  1.00273377  7967
APSTAR-7                
1 38107U 12013A   26245.61518469 -.00000100  00000+0  00000+0 0  9995
2 38107   0.0315 107.2670 0003721  67.7731 104.6810  1.00270758 52598
YAHSAT 1B               
1 38245U 12016A   26245.53822436  .00000127  00000+0  00000+0 0  9992
2 38245   0.0969  89.6092 0001555  68.0076  65.4435  1.00270930 46385
BEIDOU-2 M3             
1 38250U 12018A   26244.43674078 -.00000029  00000+0  00000+0 0  9997
2 38250  55.6886 302.3014 0022784 272.3619  87.4536  1.86230204 97368
BEIDOU-2 M4             
1 38251U 12018B   26243.29525112 -.00000027  00000+0  00000+0 0  9993
2 38251  55.5893 301.5477 0014074 272.0564  87.8625  1.86229830 97343
AEHF-2 (USA 235)        
1 38254U 12019A   26245.29627997 -.00000133  00000+0  00000+0 0  9991
2 38254   6.8242  56.8731 0002403 118.7360 256.0463  1.00272530  7767
YAOGAN-14               
1 38257U 12021A   26245.61507847  .00004111  00000+0  14992-3 0  9992
2 38257  97.3139  21.4249 0003336 269.2710  90.8148 15.28708865797646
JCSAT-13                
1 38331U 12023A   26245.52058763 -.00000355  00000+0  00000+0 0  9993
2 38331   0.0438 276.4465 0002292 239.8989 136.7603  1.00270893 52320
VINASAT-2               
1 38332U 12023B   26245.52058763 -.00000328  00000+0  00000+0 0  9994
2 38332   0.0516 297.1936 0002079 227.5297 136.2223  1.00270406 47439
GCOM-W1 (SHIZUKU)       
1 38337U 12025A   26245.29701615  .00000277  00000+0  71550-4 0  9991
2 38337  98.2051 184.6924 0001411  89.1619  30.1202 14.57125507760262
ARIRANG-3 (KOMPSAT-3)   
1 38338U 12025B   26245.63135936  .00000255  00000+0  59820-4 0  9999
2 38338  98.1247 201.7854 0004286 222.0274 138.0599 14.62263622762660
SDS-4                   
1 38339U 12025C   26245.60627917  .00000494  00000+0  79544-4 0  9992
2 38339  98.1378 342.0388 0008047  55.5485 304.6483 14.75929212767407
NIMIQ 6                 
1 38342U 12026A   26245.51075090 -.00000173  00000+0  00000+0 0  9997
2 38342   0.0590 278.4802 0002796 243.6530 272.3110  1.00271129 51199
ZHONGXING-2A            
1 38352U 12028A   26245.54819106 -.00000292  00000+0  00000+0 0  9999
2 38352   1.6463  82.8046 0001121 110.9687  83.5525  1.00271563 52075
YAOGAN-15               
1 38354U 12029A   26245.57837273 -.00000392  00000+0 -87753-3 0  9996
2 38354 100.7278  91.7501 0025775 115.7465 244.6312 13.18385782685645
INTELSAT 19 (IS-19)     
1 38356U 12030A   26245.59006356  .00000000  00000+0  00000+0 0  9992
2 38356   0.0169 126.7602 0003018  49.0345 184.3698  1.00271287 51221
NUSTAR                  
1 38358U 12031A   26245.58335648 -.00000328  00000+0 -71826-4 0  9997
2 38358   6.0260 173.2959 0007921 192.6265 329.3425 15.09448161  1300
ECHOSTAR 17             
1 38551U 12035A   26243.54905205 -.00000072  00000+0  00000+0 0  9998
2 38551   0.0188 131.0922 0002321  35.9968 263.2020  1.00271755 51815
METEOSAT-10 (MSG-3)     
1 38552U 12035B   26245.31491906 -.00000005  00000+0  00000+0 0  9990
2 38552   4.8487  60.5834 0000991 114.3467 280.0663  1.00268526 51637
SES-5                   
1 38652U 12036A   26245.88611779  .00000000  00000+0  00000+0 0  9990
2 38652   0.0180 359.3441 0001954 172.2733 134.3968  1.00271052 45234
EXACTVIEW-1 (ADS-1B)    
1 38709U 12039C   26245.33700577  .00000066  00000+0  48161-4 0  9998
2 38709  98.9855   4.4991 0010020 313.0849  46.9490 14.25003226733696
MKA-PN 1                
1 38711U 12039E   26245.33002612  .00000088  00000+0  57003-4 0  9995
2 38711  98.9795   4.1446 0010541 309.2629  50.7614 14.25449510733832
COSMOS 2481             
1 38733U 12041A   26245.60192296 -.00000082  00000+0 -66896-3 0  9995
2 38733  82.4768  26.9435 0017884 267.0524  92.8509 12.42435791639362
GONETS-M 3              
1 38734U 12041B   26245.62373825  .00000000  00000+0 -69988-4 0  9992
2 38734  82.4789  16.2941 0015859 250.4132 109.5237 12.44904538640303
GONETS-M 4              
1 38736U 12041D   26245.56265234 -.00000059  00000+0 -48970-3 0  9993
2 38736  82.4823  22.4488 0024485 242.9054 116.9528 12.43906067632576
INTELSAT 20 (IS-20)     
1 38740U 12043A   26245.71364197 -.00000023  00000+0  00000+0 0  9993
2 38740   0.0169 142.1072 0001648  32.7765 132.3832  1.00268022 51522
HYLAS 2                 
1 38741U 12043B   26245.45107190 -.00000194  00000+0  00000+0 0  9992
2 38741   2.6183  80.0475 0003185 152.3844 239.3239  1.00524693 51550
EXPRESS-MD2             
1 38745U 12044B   26245.52863749  .00045807  54356-5  78590-3 0  9995
2 38745  49.8197 172.8250 1544920  22.3866 343.7567 12.48679339570452
INTELSAT 21 (IS-21)     
1 38749U 12045A   26245.51725094 -.00000284  00000+0  00000+0 0  9998
2 38749   0.0452 276.3299 0002485 273.1798 280.3725  1.00270016 51301
SPOT 6                  
1 38755U 12047A   26245.58092873  .00000151  00000+0  42291-4 0  9991
2 38755  98.2054 311.9575 0001628  92.8512 267.2874 14.58559333744336
SMDC ONE 1.2            
1 38759U 12048B   26245.36503015  .00004208  00000+0  17634-3 0  9996
2 38759  64.6561 285.5055 0080075 150.4944 210.0738 15.22162103127890
CINEMA                  
1 38764U 12048G   26245.21475120  .00029962  00000+0  47327-3 0  9997
2 38764  64.6407 181.7753 0026708 150.7212 209.5433 15.52970791129183
METOP-B                 
1 38771U 12049A   26245.61925339  .00000026  00000+0  31712-4 0  9994
2 38771  98.6436 295.5479 0003386 113.6342 246.5191 14.21456762724262
BEIDOU-2 M6             
1 38775U 12050B   26244.61540588 -.00000007  00000+0  00000+0 0  9999
2 38775  56.6149  60.3705 0011353   4.8448 355.2041  1.86230830 94739
ASTRA 2F                
1 38778U 12051A   26245.53432435  .00000151  00000+0  00000+0 0  9995
2 38778   0.0938 261.6923 0004451 300.9977 359.5743  1.00275421 41916
GSAT-10                 
1 38779U 12051B   26245.64211314 -.00000164  00000+0  00000+0 0  9994
2 38779   0.0782 270.2312 0005725 200.0511 185.6778  1.00270329 50874
VRSS-1                  
1 38782U 12052A   26245.62622916  .00001040  00000+0  14314-3 0  9991
2 38782  97.6246 218.0313 0017619 349.1859  10.8973 14.80140782751067
NAVSTAR 67 (USA 239)    
1 38833U 12053A   26245.09646050  .00000014  00000+0  00000+0 0  9998
2 38833  53.5947 140.4467 0184864  67.1359 294.8715  2.00556754100986
GSAT0103 (GALILEO-FM3)  
1 38857U 12055A   26244.73214219  .00000023  00000+0  00000+0 0  9994
2 38857  55.8520  99.4435 0002247 317.1657  42.9103  1.70473436 86319
SJ-9A                   
1 38860U 12056A   26245.55726795  .00000748  00000+0  91989-4 0  9992
2 38860  97.6801 214.7515 0025693   6.4086 353.7454 14.85619862711079
SJ-9B                   
1 38861U 12056B   26245.19901627  .00001106  00000+0  11561-3 0  9998
2 38861  97.6065 226.5432 0014213 324.1718  35.8547 14.91562694751206
INTELSAT 23 (IS-23)     
1 38867U 12057A   26245.09058435 -.00000283  00000+0  00000+0 0  9992
2 38867   0.0385 298.8305 0001360 289.5709  92.4851  1.00275264 50725
BEIDOU-2 G6             
1 38953U 12059A   26245.54541772 -.00000176  00000+0  00000+0 0  9992
2 38953   4.6100  72.6425 0007063 326.4941 222.9646  1.00272243 50683
LUCH-5B                 
1 38977U 12061A   26245.27696110 -.00000136  00000+0  00000+0 0  9994
2 38977  10.6448  49.0909 0005934 159.1825 216.6201  1.00270698 50389
YAMAL 300K              
1 38978U 12061B   26245.67404186  .00000072  00000+0  00000+0 0  9997
2 38978   0.0090 167.5323 0000370 156.3336  83.5747  1.00272761 50409
STAR ONE C3             
1 38991U 12062A   26245.56087109 -.00000248  00000+0  00000+0 0  9999
2 38991   0.0187  94.5684 0002131  75.6233 298.4606  1.00272210 50541
EUTELSAT 21B            
1 38992U 12062B   26245.88941115  .00000130  00000+0  00000+0 0  9990
2 38992   0.0688 353.2314 0003002 163.2424 167.3306  1.00271770 50605
ECHOSTAR 16             
1 39008U 12065A   26244.73239124 -.00000279  00000+0  00000+0 0  9990
2 39008   0.0198 126.2916 0002111  37.3848  19.3768  1.00269828 50415
YAOGAN-16 01A           
1 39011U 12066A   26245.54757945 -.00000089  00000+0  17669-5 0  9995
2 39011  63.3515  89.9800 0441806  27.8040 334.5861 13.45524023676555
YAOGAN-16 01B           
1 39012U 12066B   26245.55234582 -.00000070  00000+0  19313-4 0  9991
2 39012  63.3519  90.1920 0441979  27.5419 334.8290 13.45521449676519
YAOGAN-16 01C           
1 39013U 12066C   26245.62704990 -.00000129  00000+0 -34860-4 0  9995
2 39013  63.3519  89.5022 0442126  27.0991 335.2384 13.45512426676558
ZHONGXING-12            
1 39017U 12067A   26245.11840448 -.00000205  00000+0  00000+0 0  9991
2 39017   0.0404 104.6287 0002714  63.5817 303.1974  1.00270107 50282
PLEIADES 1B             
1 39019U 12068A   26245.53102524  .00000192  00000+0  51121-4 0  9995
2 39019  98.1894 319.4946 0001123  94.7464 265.3864 14.58561607732122
EUTELSAT 70B            
1 39020U 12069A   26245.89911786 -.00000043  00000+0  00000+0 0  9996
2 39020   0.0655 340.4553 0003681 181.5335 214.2309  1.00271150 50283
YAMAL 402               
1 39022U 12070A   26245.89599784  .00000085  00000+0  00000+0 0  9995
2 39022   1.4568  83.0689 0003606  82.0324 194.4125  1.00272868 50173
GOKTURK 2               
1 39030U 12073A   26245.58935510  .00000610  00000+0  96401-4 0  9993
2 39030  97.6794  79.1391 0002184  84.7004 275.4455 14.75606308735925
SKYNET 5D               
1 39034U 12075A   26244.18481062  .00000103  00000+0  00000+0 0  9994
2 39034   0.0786  11.5966 0003664 162.6387 285.3780  1.00272338 49925
MEXSAT 3                
1 39035U 12075B   26245.48843506  .00000000  00000+0  00000+0 0  9990
2 39035   0.0211 135.9317 0001875  95.6402 171.0890  1.00275990  7828
COSMOS 2482 (RODNIK-S 4)
1 39057U 13001A   26245.63188612  .00000056  00000+0  33008-3 0  9990
2 39057  82.5029 172.1922 0026251 214.5010 145.4366 12.42997735618334
COSMOS 2483 (RODNIK-S 5)
1 39058U 13001B   26245.64431547 -.00000010  00000+0 -14095-3 0  9997
2 39058  82.5041 166.6512 0015545 200.2062 159.8405 12.44026483611224
COSMOS 2484 (RODNIK-S 6)
1 39059U 13001C   26245.58082966  .00000068  00000+0  41648-3 0  9993
2 39059  82.5063 173.7847 0024922 223.9270 135.9829 12.42942060618173
TDRS 11                 
1 39070U 13004A   26245.56243434  .00000081  00000+0  00000+0 0  9994
2 39070   3.6376  32.3998 0004356  43.4303 294.2595  1.00264183 47467
GLOBALSTAR M097         
1 39072U 13005A   26244.73370747 -.00000111  00000+0 -40796-4 0  9990
2 39072  52.0070  10.3183 0000815 106.8728 253.2229 12.62271315626570
GLOBALSTAR M093         
1 39073U 13005B   26244.70713552 -.00000096  00000+0  43517-4 0  9998
2 39073  52.0133   3.7780 0000917 118.8500 241.2459 12.62266855626524
GLOBALSTAR M094         
1 39074U 13005C   26245.49888724 -.00000086  00000+0  98969-4 0  9990
2 39074  51.9957 275.4112 0000492 127.2794 232.8117 12.62264699628232
GLOBALSTAR M096         
1 39075U 13005D   26244.40359970 -.00000086  00000+0  98507-4 0  9995
2 39075  52.0099 327.6051 0000778 110.0060 250.0891 12.62264043627016
GLOBALSTAR M078         
1 39076U 13005E   26245.48567230 -.00000120  00000+0 -89267-4 0  9998
2 39076  51.9876  48.2143 0001655  82.8272 277.2783 12.62260254625774
GLOBALSTAR M095         
1 39077U 13005F   26244.87877719 -.00000119  00000+0 -86175-4 0  9990
2 39077  52.0082  47.7734 0001206  97.6356 262.4648 12.62264525625552
AMAZONAS 3              
1 39078U 13006A   26243.47508301 -.00000279  00000+0  00000+0 0  9999
2 39078   0.0330 216.8361 0004940 331.5758 261.2673  1.00268815 45660
AZERSPACE 1             
1 39079U 13006B   26245.89426449  .00000133  00000+0  00000+0 0  9998
2 39079   0.0334 274.9750 0001592 271.9616 163.0307  1.00273171 49581
LANDSAT 8               
1 39084U 13008A   26245.55306444  .00000178  00000+0  49689-4 0  9991
2 39084  98.2238 314.7439 0001259  96.0469 264.0873 14.57109503709168
SARAL                   
1 39086U 13009A   26245.62091665  .00000039  00000+0  30175-4 0  9994
2 39086  98.5568  71.2183 0002946  71.4763 288.6741 14.32904973706696
SAPPHIRE                
1 39088U 13009C   26245.61464675  .00000022  00000+0  22670-4 0  9993
2 39088  98.4309  63.2549 0011654  24.3019 335.8714 14.35257932707688
NEOSSAT                 
1 39089U 13009D   26245.21246690  .00000089  00000+0  45504-4 0  9999
2 39089  98.4223  63.4359 0011432  22.9380 337.2314 14.35849400707795
STRAND-1                
1 39090U 13009E   26245.26545220  .00000136  00000+0  60232-4 0  9995
2 39090  98.3966  63.6258 0008764   8.9728 351.1614 14.37201170708139
BRITE-AUSTRIA           
1 39091U 13009F   26245.24233266  .00000075  00000+0  39938-4 0  9999
2 39091  98.4042  62.7944 0010474  16.9320 343.2214 14.36567804708110
SBIRS GEO-2 (USA 241)   
1 39120U 13011A   26245.48788946 -.00000168  00000+0  00000+0 0  9998
2 39120   4.6546  52.4687 0001592 127.2519 259.5953  0.99675641 49310
EUTELSAT 117 WEST A     
1 39122U 13012A   26245.41203444 -.00000012  00000+0  00000+0 0  9997
2 39122   0.0598 286.6459 0002900 250.9324 195.5244  1.00272435 49206
ANIK G1                 
1 39127U 13014A   26245.50754422 -.00000073  00000+0  00000+0 0  9998
2 39127   0.0555 272.0157 0002739 269.5723 235.4914  1.00271334 49022
GAOFEN-1                
1 39150U 13018A   26245.58902704  .00000426  00000+0  68313-4 0  9991
2 39150  97.9034 316.0585 0017704  21.3280 338.8664 14.76529394719662
NEE-01 PEGASO           
1 39151U 13018B   26244.89435176  .00002173  00000+0  20956-3 0  9990
2 39151  98.1337  31.6451 0010924 271.3504  88.6463 14.93975719722157
COSMOS 2485 [GLONASS-M] 
1 39155U 13019A   26244.86848873  .00000026  00000+0  00000+0 0  9993
2 39155  65.4657  71.0331 0022889 226.6341 133.2270  2.13103256103911
ZHONGXING-11            
1 39157U 13020A   26245.91503116 -.00000291  00000+0  00000+0 0  9997
2 39157   0.0069  16.9524 0001417  97.6620 294.7812  1.00272585 48670
PROBA-V                 
1 39159U 13021A   26244.93993861  .00000035  00000+0  33401-4 0  9992
2 39159  98.3677 219.7888 0002922 269.7992  90.2853 14.23610923692039
VNREDSAT 1              
1 39160U 13021B   26245.55098916  .00000434  00000+0  89875-4 0  9999
2 39160  97.9009 295.9644 0001399  76.0757 284.0602 14.64737004711612
EUTELSAT 7B             
1 39163U 13022A   26245.88707112  .00000092  00000+0  00000+0 0  9992
2 39163   0.0796 321.5761 0002288  63.2194 286.3041  1.00452057 48725
NAVSTAR 68 (USA 242)    
1 39166U 13023A   26243.46856440  .00000033  00000+0  00000+0 0  9992
2 39166  54.4507 265.9012 0141952  51.1456 310.1602  2.00563176 97392
WGS F5 (USA 243)        
1 39168U 13024A   26243.52252412  .00000000  00000+0  00000+0 0  9995
2 39168   0.0194 141.6094 0000521  63.8262 269.8617  1.00267893 47931
SES-6                   
1 39172U 13026A   26245.44942522 -.00000260  00000+0  00000+0 0  9992
2 39172   0.0387 313.1374 0002061 214.6137 295.1337  1.00269251 48500
COSMOS 2486             
1 39177U 13028A   26245.58969615  .00000162  00000+0  46495-4 0  9999
2 39177  98.0230 210.0111 0011781 129.7166 230.5073 14.56221248702641
O3B FM5                 
1 39188U 13031A   26245.39760714 -.00000015  00000+0  00000+0 0  9998
2 39188   0.0856 321.0380 0002538 186.7536 212.2259  5.00115633240903
O3B FM4                 
1 39189U 13031B   26244.71748179 -.00000014  00000+0  00000+0 0  9994
2 39189   0.0402 352.6054 0004598 142.6589 224.7749  5.00115698240875
O3B FM2                 
1 39190U 13031C   26244.18324207 -.00000014  00000+0  00000+0 0  9999
2 39190   0.0344 354.9245 0002626 162.0886 203.0008  5.00116106240913
O3B PFM                 
1 39191U 13031D   26243.59769891 -.00000014  00000+0  00000+0 0  9996
2 39191   0.0633 339.1281 0004881 159.3060 221.6051  5.00115739240441
IRIS                    
1 39197U 13033A   26245.53633155  .00000617  00000+0  76529-4 0  9995
2 39197  97.9292  84.5683 0025724  67.0985 293.2942 14.86018026711868
IRNSS-1A                
1 39199U 13034A   26245.06989294  .00000077  00000+0  00000+0 0  9990
2 39199  35.8895  62.7696 0019774 177.6805 181.0125  1.00271590 48138
SJ-11-05                
1 39202U 13035A   26245.64873377  .00000535  00000+0  10919-3 0  9997
2 39202  98.2874  71.0173 0010005   0.0024   0.1177 14.64961266700577
MUOS-2                  
1 39206U 13036A   26245.59601193 -.00000012  00000+0  00000+0 0  9998
2 39206   5.1477  45.5530 0056165 176.7852 145.9863  1.00269893 47967
SHIYAN-7 (SY-7)         
1 39208U 13037A   26244.97037169  .00000352  00000+0  63541-4 0  9998
2 39208  98.0929 247.8574 0006430 260.4360  99.6120 14.72360157703500
CHUANGXIN-3 (CX-3)      
1 39209U 13037B   26245.48278924  .00000545  00000+0  89253-4 0  9994
2 39209  98.0849 251.5765 0002793 235.7749 124.3195 14.74730653703748
SHIJIAN-15 (SJ-15)      
1 39210U 13037C   26245.61063646  .00000337  00000+0  62238-4 0  9997
2 39210  98.1085 248.3058 0004729 259.7057 100.3617 14.71584726705718
ALPHASAT                
1 39215U 13038A   26243.75167181  .00000139  00000+0  00000+0 0  9999
2 39215   3.0019   0.8094 0003693 181.1780  93.4248  1.00272838 44776
INSAT-3D                
1 39216U 13038B   26245.52058763 -.00000338  00000+0  00000+0 0  9994
2 39216   2.1182  81.4834 0001429 127.3288  89.8060  1.00271263 47859
WGS F6 (USA 244)        
1 39222U 13041A   26243.35526214  .00000000  00000+0  00000+0 0  9990
2 39222   0.0223 139.1971 0000321 122.9771  70.0402  1.00270578 46815
ARIRANG-5 (KOMPSAT-5)   
1 39227U 13042A   26245.58203142  .00002065  00000+0  15171-3 0  9997
2 39227  97.6226  71.2035 0002303 204.4761 155.6357 15.04543207715496
ES'HAIL 1               
1 39233U 13044A   26245.24870544  .00000145  00000+0  00000+0 0  9993
2 39233   0.0530 343.0653 0002344 182.8618 290.4927  1.00271897 47404
GSAT-7                  
1 39234U 13044B   26244.83058499 -.00000075  00000+0  00000+0 0  9998
2 39234   0.2705  87.5523 0004869 163.8080 102.6659  1.00271778 46024
AMOS-4                  
1 39237U 13045A   26245.89807785  .00000007  00000+0  00000+0 0  9993
2 39237   0.0245 114.8804 0001469  27.0602 228.4279  1.00271899 47732
YAOGAN-17 01A           
1 39239U 13046A   26245.59734752  .00000048  00000+0  13243-3 0  9998
2 39239  63.3828 250.5416 0432886  12.2542 348.8619 13.45512668638702
YAOGAN-17 01B           
1 39240U 13046B   26245.57019564  .00000021  00000+0  10642-3 0  9996
2 39240  63.3839 251.2536 0433006  11.7725 349.3042 13.45478843638745
YAOGAN-17 01C           
1 39241U 13046C   26245.61653890 -.00000049  00000+0  39493-4 0  9995
2 39241  63.3836 249.9235 0433805  11.8636 349.2224 13.45484830638791
GONETS-M 5              
1 39249U 13048A   26245.55276492  .00000034  00000+0  17393-3 0  9994
2 39249  82.4810 295.1583 0017345  48.1931 312.0627 12.42894149588490
GONETS-M 6              
1 39250U 13048B   26245.59341025  .00000047  00000+0  26685-3 0  9993
2 39250  82.4839 296.0347 0020293  78.9450 281.3911 12.43032945588565
GONETS-M 7              
1 39251U 13048C   26245.59480964  .00000072  00000+0  44430-3 0  9996
2 39251  82.4882 298.0957 0018138  49.0821 311.1826 12.42917095588451
HISAKI (SPRINT-A)       
1 39253U 13049A   26245.16481170  .00000104  00000+0  51281-4 0  9991
2 39253  29.7192 188.6482 0136673 280.8245  77.6971 13.55549732641873
AEHF-3 (USA 246)        
1 39256U 13050A   26245.50425087  .00000029  00000+0  00000+0 0  9993
2 39256   5.4814  66.4338 0090785 188.1433 144.3866  1.00274660 46420
FENGYUN 3C              
1 39260U 13052A   26245.57232934  .00000041  00000+0  42091-4 0  9999
2 39260  98.5074 215.9260 0015008 156.4189 203.7676 14.15769499669511
CASSIOPE                
1 39265U 13055A   26245.57437529  .00043754 -39950-6  44474-3 0  9992
2 39265  80.9150 332.3557 0272921 160.3597 200.8408 15.30507058679482
POPACS 2                
1 39269U 13055E   26244.47289897  .00007364  00000+0  12233-3 0  9998
2 39269  80.9891  56.7085 0406766 308.5785  47.9632 14.93634621674593
POPACS 3                
1 39270U 13055F   26244.42687988  .00005501  00000+0  12965-3 0  9991
2 39270  81.0023 146.4276 0546479 197.2629 160.9334 14.57244755649658
ASTRA 2E                
1 39285U 13056A   26245.89079781  .00000150  00000+0  00000+0 0  9994
2 39285   0.0871 306.7253 0002287 210.2783 174.2006  1.00273003 47190
SHIJIAN-16 (SJ-16)      
1 39358U 13057A   26245.65167833  .00000463  00000+0  47545-4 0  9993
2 39358  74.9715 209.9472 0015037  39.0283 321.1987 14.92750311697902
FM-6                    
1 39360U 13058A   26245.48777043 -.00000015  00000+0  00000+0 0  9992
2 39360   0.0129  61.6895 0002042 180.4539 158.7459  1.00271016 46847
RADUGA-1M 3             
1 39375U 13062A   26245.67819162  .00000153  00000+0  00000+0 0  9995
2 39375   6.1505  71.3431 0002048 295.7694 253.8233  1.00272381 46887
YAOGAN-19               
1 39410U 13065A   26245.58148471  .00000293  00000+0  89053-3 0  9990
2 39410 100.1212 218.5538 0008623 271.0473  88.9652 13.15587276613824
APRIZESAT 7             
1 39416U 13066A   26244.82823735  .00001001  00000+0  10414-3 0  9999
2 39416  97.7775 196.9784 0034731 319.3083  40.5541 14.91723559692659
ZACUBE-1 (TSHEPISOSAT)  
1 39417U 13066B   26245.18311792  .00004022  00000+0  30869-3 0  9997
2 39417  97.8084 207.8972 0041171 355.6308   4.4551 15.01699639692286
SKYSAT-A                
1 39418U 13066C   26245.09891616  .00001832  00000+0  10578-3 0  9997
2 39418  97.3745 292.0354 0022485  51.2859 309.0378 15.13346964700119
DUBAISAT-2              
1 39419U 13066D   26245.64733608  .00002040  00000+0  12693-3 0  9997
2 39419  97.4640 233.8176 0012289 121.8190 238.4238 15.10658846698087
OPTOS                   
1 39420U 13066E   26245.13821452  .00000925  00000+0  13800-3 0  9999
2 39420  97.6701 105.7514 0117378 122.9031 238.3535 14.72483414682843
STSAT-3                 
1 39422U 13066G   26245.60923206  .00002163  00000+0  16461-3 0  9995
2 39422  97.6271 214.2896 0010351 126.5102 233.7079 15.03113196695835
WNISAT-1                
1 39423U 13066H   26245.34241721  .00000294  00000+0  62442-4 0  9996
2 39423  97.7313  29.0695 0162457 349.4011  10.3779 14.58183391677977
APRIZESAT 8             
1 39425U 13066K   26244.81647304  .00000786  00000+0  90556-4 0  9999
2 39425  97.8273 191.2389 0046735  35.3131 325.1166 14.87771419691060
TRITON-1                
1 39427U 13066M   26245.61176200  .00001513  00000+0  18487-3 0  9993
2 39427  97.8161 153.6347 0089245 342.9242  16.8972 14.81997306685552
GOMX-1                  
1 39430U 13066Q   26245.60264690  .00001588  00000+0  24316-3 0  9997
2 39430  97.6443  81.1860 0127707 188.0847 171.8304 14.69659946681286
CUBEBUG-2 (LO-74)       
1 39440U 13066AA  26244.81694991  .00002734  00000+0  25238-3 0  9999
2 39440  97.8965 194.1670 0058298 131.9225 228.6987 14.94201482688435
NEE-02 KRYSAOR          
1 39441U 13066AB  26244.79800545  .00001062  00000+0  12082-3 0  9997
2 39441  97.8920 183.4928 0065651 177.1145 183.0462 14.86875231687585
FUNCUBE-1 (AO-73)       
1 39444U 13066AE  26244.92796092  .00005140  00000+0  31247-3 0  9991
2 39444  97.8365 218.0610 0033932 304.3870  55.4151 15.10453772691245
UWE-3                   
1 39446U 13066AG  26244.87022364  .00002599  00000+0  22293-3 0  9997
2 39446  97.8766 201.5115 0049593  64.3174 296.3157 14.97465686689058
SWARM B                 
1 39451U 13067A   26245.43910527  .00002034  00000+0  71011-4 0  9991
2 39451  87.7457 318.8626 0003378  97.1784 262.9849 15.28983101695045
SWARM A                 
1 39452U 13067B   26245.65865163  .00007331  00000+0  12765-3 0  9996
2 39452  87.3339  27.4508 0002273  91.4538 268.6983 15.50550222718250
SWARM C                 
1 39453U 13067C   26245.59401265  .00007479  00000+0  13023-3 0  9990
2 39453  87.3342  26.0572 0002287  92.0553 268.0970 15.50551649718209
SHIYAN-5 (SY-5)         
1 39455U 13068A   26245.62920025  .00000191  00000+0  67993-4 0  9997
2 39455  98.0592 112.7436 0015485  69.1643 291.1205 14.43710334672800
SES-8                   
1 39460U 13071A   26245.63656141 -.00000269  00000+0  00000+0 0  9991
2 39460   0.0522 276.3128 0002186 224.4036 165.2317  1.00270466 45202
ALICE                   
1 39467U 13072F   26244.89010802  .00008666  00000+0  39149-3 0  9992
2 39467 120.4633 232.1944 0170323  76.4180 285.5799 15.10011642126855
SMDC ONE 2.4            
1 39469U 13072H   26245.39973857  .00012421  00000+0  43813-3 0  9995
2 39469 120.4897 290.6347 0145752  99.4103 262.3479 15.20354506129562
TACSAT 6                
1 39473U 13072M   26245.30337149  .00347583  58748-4  10022-2 0  9991
2 39473 120.4512  99.2311 0021134  97.6080 262.7429 15.92299682131515
SMDC ONE 2.3            
1 39474U 13072N   26245.29104027  .00459942  99102-4  10777-2 0  9996
2 39474 120.4367 102.5291 0020030  88.6295 271.7108 15.96161533129744
INMARSAT 5-F1           
1 39476U 13073A   26243.75912516  .00000031  00000+0  00000+0 0  9998
2 39476   0.0197 127.7336 0000426  63.7368 124.3742  1.00271953 46339
TKSAT-1 (TUPAC KATARI)  
1 39481U 13075A   26245.51153091 -.00000194  00000+0  00000+0 0  9998
2 39481   0.0397 304.4803 0002112 212.7011 281.4391  1.00270427 46379
COSMOS 2488 (RODNIK-S 7)
1 39483U 13076A   26245.55516461  .00000070  00000+0  43290-3 0  9993
2 39483  82.4831 120.4978 0018714 290.0457  69.8608 12.42908113575504
COSMOS 2489 (RODNIK-S 8)
1 39484U 13076B   26245.61248334  .00000060  00000+0  36582-3 0  9997
2 39484  82.4870 121.8670 0020532 289.5946  70.2917 12.42882064575560
COSMOS 2490 (RODNIK-S 9)
1 39485U 13076C   26245.58444880  .00000014  00000+0  30882-4 0  9995
2 39485  82.4813 119.9173 0020994 305.8902  54.0228 12.42880568575494
EXPRESS-AM5             
1 39487U 13077A   26245.62775141 -.00000280  00000+0  00000+0 0  9990
2 39487   0.0383 272.7859 0001393 218.3606 216.6566  1.00269548 47131
COSMOS 2493 (SKRL-756 1)
1 39490U 13078A   26245.54672705  .00001514  00000+0  11186-3 0  9999
2 39490  82.4146 185.4874 0012465 351.1811   8.9193 15.02503548689575
COSMOS 2494 (SKRL-756 2)
1 39491U 13078B   26245.60375429  .00002236  00000+0  15429-3 0  9996
2 39491  82.4136 174.4970 0014434 307.5800  52.4115 15.05261824690459
GSAT-14                 
1 39498U 14001A   26244.97318784 -.00000075  00000+0  00000+0 0  9995
2 39498   0.0402  98.6475 0004850 120.2689 186.5791  1.00271420 46144
THAICOM 6               
1 39500U 14002A   26244.11868367 -.00000118  00000+0  00000+0 0  9991
2 39500   0.0491 114.1528 0004052  35.7637 311.6283  1.00271226 46226
TDRS 12                 
1 39504U 14004A   26245.37811902 -.00000268  00000+0  00000+0 0  9995
2 39504   4.0571  20.2499 0006217 213.3882 203.1097  1.00273322 45055
ABS-2                   
1 39508U 14006A   26245.89998453 -.00000085  00000+0  00000+0 0  9992
2 39508   0.0547 274.0326 0003027 257.0448 209.8835  1.00268170 46054
ATHENA-FIDUS            
1 39509U 14006B   26244.68082434  .00000157  00000+0  00000+0 0  9991
2 39509   0.0281 113.2068 0001505  70.0834  80.4547  1.00273264 45858
TURKSAT 4A              
1 39522U 14007A   26245.53709770  .00000147  00000+0  00000+0 0  9990
2 39522   0.0779 286.4862 0003461 316.0567 334.5220  1.00271064 45744
NAVSTAR 69 (USA 248)    
1 39533U 14008A   26244.96609668  .00000017  00000+0  00000+0 0  9990
2 39533  53.6611 146.1867 0083716 231.6236 127.6793  2.00564741 91226
GPM-CORE                
1 39574U 14009C   26245.56556533  .00004320  00000+0  97223-4 0  9994
2 39574  64.9707  48.8365 0011495 256.0222 103.9641 15.44739880709768
EXPRESS-AT1             
1 39612U 14010A   26245.59501285 -.00000079  00000+0  00000+0 0  9996
2 39612   0.4492  84.8043 0005033  76.7258 107.6577  1.00314965 45590
EXPRESS-AT2             
1 39613U 14010B   26245.89625785  .00000078  00000+0  00000+0 0  9990
2 39613   0.0216 247.0605 0000491 198.3341 275.3044  1.00270848 45273
AMAZONAS 4A             
1 39616U 14011A   26245.51413093 -.00000252  00000+0  00000+0 0  9995
2 39616   0.0647 208.9936 0006280 330.0489 273.7381  1.00271416 45488
ASTRA 5B                
1 39617U 14011B   26245.88984448  .00000137  00000+0  00000+0 0  9994
2 39617   0.0953 295.5308 0002728 251.6651 138.6630  1.00271209 45448
COSMOS 2492 [GLONASS-M] 
1 39620U 14012A   26245.29667251 -.00000029  00000+0  00000+0 0  9995
2 39620  65.2479 311.3134 0011451 308.3597  51.6123  2.13103501 96883
SJ-11-06                
1 39624U 14014A   26245.51118198  .00000243  00000+0  57520-4 0  9998
2 39624  97.9460 269.3133 0015359 101.4096 258.8832 14.61912767661993
SENTINEL-1A             
1 39634U 14016A   26245.57041816  .00000247  00000+0  61388-4 0  9990
2 39634  98.1588 251.8975 0001420  84.7045 275.4317 14.59802249661307
IRNSS-1B                
1 39635U 14017A   26241.09350273  .00000120  00000+0  00000+0 0  9994
2 39635  28.8014 239.1486 0020751 194.1058 352.9027  1.00279231 45526
LUCH-5V                 
1 39727U 14023A   26245.54749773 -.00000269  00000+0  00000+0 0  9999
2 39727   5.3187  68.8917 0002531 128.6458  75.9866  1.00274684 45134
KAZSAT-3                
1 39728U 14023B   26245.54030437  .00000000  00000+0  00000+0 0  9992
2 39728   0.0158 115.9537 0000511 167.2087 311.5463  1.00272199 43230
KAZEOSAT 1              
1 39731U 14024A   26245.59522218  .00000090  00000+0  40337-4 0  9996
2 39731  98.3147 316.0912 0001339  92.4585 267.6758 14.42052057649716
NAVSTAR 70 (USA 251)    
1 39741U 14026A   26245.24431958 -.00000068  00000+0  00000+0 0  9995
2 39741  56.4549 328.5162 0038996 324.3338  35.4634  2.00555325 90086
COSMOS 2496 (RODNIK-S *)
1 39761U 14028A   26245.62240666  .00000005  00000+0 -36605-4 0  9991
2 39761  82.4418  60.2118 0019146 271.3136  88.5750 12.42880708557131
COSMOS 2497 (RODNIK-S *)
1 39762U 14028B   26245.59669692  .00000023  00000+0  92976-4 0  9994
2 39762  82.4464  61.9474 0019670 266.0315  93.8516 12.42897022557134
COSMOS 2498 (RODNIK-S *)
1 39763U 14028C   26245.56895575 -.00000046  00000+0 -39800-3 0  9996
2 39763  82.4426  60.4183 0020411 265.6948  94.1799 12.42982563557161
ALOS-2                  
1 39766U 14029A   26245.57877234  .00001348  00000+0  18727-3 0  9992
2 39766  97.9227 341.6354 0001558  91.7666 268.3724 14.79483100663025
UNIFORM 1               
1 39767U 14029B   26245.26562245  .00001336  00000+0  12394-3 0  9993
2 39767  97.8058 342.4008 0006073  61.0265 299.1564 14.96135901665741
SOCRATES                
1 39768U 14029C   26245.27871553  .00001485  00000+0  14116-3 0  9999
2 39768  97.9138 359.3710 0007566  85.4228 274.7857 14.95022856665923
RISING 2                
1 39769U 14029D   26245.58340411  .00002917  00000+0  24428-3 0  9996
2 39769  97.6441 312.6606 0003117  57.2487 302.9037 14.99200721665147
EUTELSAT 3B             
1 39773U 14030A   26245.67195161  .00000021  00000+0  00000+0 0  9993
2 39773   0.0648 337.0021 0004290 190.8259  59.0101  1.00273163 44843
COSMOS 2500 [GLONASS-M] 
1 40001U 14032A   26244.52695094 -.00000027  00000+0  00000+0 0  9991
2 40001  65.1834 311.0808 0009338 201.9509 158.0859  2.13106185 95078
KAZEOSAT 2              
1 40010U 14033A   26245.62500494  .00000243  00000+0  33873-4 0  9991
2 40010  97.5370  81.1406 0010093  66.6737 293.5540 14.85546819660456
HODOYOSHI-4             
1 40011U 14033B   26245.62495024  .00000486  00000+0  57975-4 0  9992
2 40011  97.5480  66.7332 0024941  50.8779 309.4651 14.88289196660325
UNISAT-6                
1 40012U 14033C   26245.31017395  .00002274  00000+0  24585-3 0  9997
2 40012  97.7983  36.7288 0044920 172.3967 187.7941 14.88569753657630
DEIMOS-2                
1 40013U 14033D   26245.61684373  .00001235  00000+0  12126-3 0  9991
2 40013  97.5701 117.3462 0002578  75.2884 284.8622 14.93907985649285
BUGSAT-1 (TITA)         
1 40014U 14033E   26245.59340363  .00004397  00000+0  22915-3 0  9996
2 40014  98.0421 342.7090 0026123 277.0124  82.8137 15.16280598667561
HODOYOSHI-3             
1 40015U 14033F   26244.97631447  .00000857  00000+0  10420-3 0  9999
2 40015  97.6511  44.9743 0034251 101.1721 259.3348 14.85534993659027
SAUDISAT 4              
1 40016U 14033G   26245.28210410  .00000487  00000+0  70786-4 0  9999
2 40016  97.7696  28.8045 0044694 180.6569 179.4592 14.79625329657470
APRIZESAT 9             
1 40018U 14033J   26245.30980257  .00000292  00000+0  50571-4 0  9991
2 40018  97.9165  16.6703 0064959 313.2336  46.3460 14.74295428654924
APRIZESAT 10            
1 40019U 14033K   26245.60801811  .00000242  00000+0  45803-4 0  9990
2 40019  97.9744  10.8806 0079296  27.5160 333.0211 14.70958238653636
BRITE-CA1 (TORONTO)     
1 40020U 14033L   26245.28764356  .00000446  00000+0  74390-4 0  9997
2 40020  97.9836  12.8381 0079098  31.0029 329.5812 14.72800582653563
DUCHIFAT-1              
1 40021U 14033M   26244.95142895  .00426331  72976-4  12420-2 0  9994
2 40021  98.0299 316.2094 0006156 230.4021 129.6708 15.92817774667835
NANOSATC-BR1            
1 40024U 14033Q   26245.05102244  .00011552  00000+0  35692-3 0  9999
2 40024  98.0663 284.3692 0001670 276.5159  83.5892 15.33715542665757
QB50P1                  
1 40025U 14033R   26245.03522619  .00004594  00000+0  22120-3 0  9990
2 40025  98.0975 261.6361 0007515 332.9337  27.1502 15.19309475664696
DTUSAT-2                
1 40030U 14033W   26244.96200917  .00004870  00000+0  25813-3 0  9990
2 40030  98.0916 247.6348 0007117 346.1075  13.9958 15.15892031664318
QB50P2                  
1 40032U 14033Y   26245.47633760  .00004318  00000+0  22828-3 0  9995
2 40032  98.0806 247.2423 0005534 273.1055  86.9542 15.16062348664372
PERSEUS-M2              
1 40037U 14033AD  26245.60431642  .00000995  00000+0  94778-4 0  9991
2 40037  98.0025 197.7556 0012811  46.6603 313.5682 14.95703127662357
PERSEUS-M1              
1 40039U 14033AF  26245.57066581  .00000796  00000+0  76669-4 0  9993
2 40039  97.9690 191.0014 0012547  45.1455 315.0783 14.95842017662201
POLYITAN-1              
1 40042U 14033AJ  26245.06282794  .00012367  00000+0  35810-3 0  9996
2 40042  98.0905 278.7379 0005279 225.7828 134.2981 15.35739702665381
TIGRISAT                
1 40043U 14033AK  26244.98363448  .00001536  00000+0  18094-3 0  9994
2 40043  97.7938  33.2954 0049001 180.9769 179.1359 14.85390258657026
LEMUR-1                 
1 40044U 14033AL  26245.29187985  .00001568  00000+0  18441-3 0  9991
2 40044  97.7983  33.4444 0047973 183.4326 176.6567 14.85481163656912
AEROCUBE 6A             
1 40045U 14033AM  26244.41717810  .00004833  00000+0  39924-3 0  9998
2 40045  97.7316  50.6248 0040052 118.0991 242.4290 14.98803525658033
AEROCUBE 6B             
1 40046U 14033AN  26245.01201358  .00004607  00000+0  36589-3 0  9994
2 40046  97.7293  51.1427 0041047 101.1164 259.4679 15.00305869658270
SPOT 7                  
1 40053U 14034A   26245.57262375  .00000292  00000+0  68851-4 0  9994
2 40053  98.0558 306.0447 0001403  74.3652 285.7704 14.61014239648437
CANX-4                  
1 40055U 14034C   26245.22404070  .00000524  00000+0  74276-4 0  9994
2 40055  98.2991 123.3226 0013857 120.0231 240.2357 14.81377878655931
CANX-5                  
1 40056U 14034D   26245.22156999  .00000521  00000+0  73822-4 0  9992
2 40056  98.2994 123.3683 0013836 120.2619 239.9964 14.81395320646741
OCO 2                   
1 40059U 14035A   26245.54527743  .00000246  00000+0  64641-4 0  9993
2 40059  98.2049 185.6720 0001680  85.8405 274.2986 14.57082361647312
GONETS-M 8              
1 40061U 14036A   26245.55943771  .00000024  00000+0  99627-4 0  9997
2 40061  82.5048 259.5132 0029420 342.8413  17.1670 12.42987408552064
GONETS-M 9              
1 40062U 14036B   26245.52226959  .00000003  00000+0 -52370-4 0  9999
2 40062  82.5047 259.6175 0022808 350.3325   9.7313 12.42952998552068
GONETS-M 10             
1 40063U 14036C   26245.58537142 -.00000035  00000+0 -32004-3 0  9992
2 40063  82.5051 259.5962 0021243 336.5463  23.4646 12.42947247551868
METEOR-M 2              
1 40069U 14037A   26245.57412043 -.00000043  00000+0 -48954-6 0  9993
2 40069  98.5207 218.6039 0005842 160.0079 200.1329 14.21479983630311
DX1                     
1 40071U 14037C   26245.58491296  .00001241  00000+0  13458-3 0  9991
2 40071  98.3950 212.0268 0007877  29.6297 330.5363 14.90184211657634
SKYSAT-B                
1 40072U 14037D   26244.84592395  .00000932  00000+0  10778-3 0  9990
2 40072  98.3919 208.2203 0006458  40.1162 320.0528 14.88191142657364
UKUBE-1                 
1 40074U 14037F   26245.02763450  .00004617  00000+0  25443-3 0  9994
2 40074  98.4268 256.4503 0000275 118.3876 241.7381 15.14593751660185
TECHDEMOSAT-1 (TDS-1)   
1 40076U 14037H   26244.96655150  .00004711  00000+0  26171-3 0  9999
2 40076  98.3870 244.8732 0006604  24.0312 336.1224 15.14270241659842
O3B FM3                 
1 40079U 14038A   26244.46397304 -.00000014  00000+0  00000+0 0  9994
2 40079   0.0486 352.6669 0003359 213.4521 153.8662  5.00115751216864
O3B FM7                 
1 40080U 14038B   26245.40956514 -.00000015  00000+0  00000+0 0  9996
2 40080   0.0427 346.7482 0003043 136.1675 237.1156  5.00115634221746
O3B FM6                 
1 40081U 14038C   26245.03674261 -.00000015  00000+0  00000+0 0  9992
2 40081   0.0460 350.9461 0002577 169.4498 199.6162  5.00115764221676
O3B FM8                 
1 40082U 14038D   26245.28983371 -.00000015  00000+0  00000+0 0  9995
2 40082   0.0452 350.0822 0002762 171.8908 198.0389  5.00116117221799
ORBCOMM FM109           
1 40086U 14040A   26244.93961108  .00000189  00000+0  76197-4 0  9993
2 40086  47.0028  88.5891 0001717 225.0887 134.9859 14.58907073645556
NAVSTAR 71 (USA 256)    
1 40105U 14045A   26244.83592198  .00000010  00000+0  00000+0 0  9996
2 40105  55.4067  85.4113 0036128 119.5219 240.9115  2.00563360 87618
ASIASAT 8 (AMOS-7)      
1 40107U 14046A   26245.98050404 -.00000334  00000+0  00000+0 0  9995
2 40107   0.0461 280.1356 0001686 224.1463 296.1356  1.00273116102920
YAOGAN-20 01A           
1 40109U 14047A   26245.58432321 -.00000034  00000+0  59506-4 0  9993
2 40109  63.3780 179.5765 0396958  15.0803 346.1663 13.45446879592859
YAOGAN-20 01B           
1 40110U 14047B   26245.58612003  .00000004  00000+0  99278-4 0  9998
2 40110  63.3779 180.4511 0396803  15.1005 346.1472 13.45445005592693
YAOGAN-20 01C           
1 40111U 14047C   26245.57609472 -.00000055  00000+0  37159-4 0  9991
2 40111  63.3771 180.1471 0396857  15.4990 345.7786 13.45454604592703
WORLDVIEW-3 (WV-3)      
1 40115U 14048A   26245.58449801  .00000492  00000+0  63781-4 0  9999
2 40115  97.8508 319.3299 0002776  76.7108 283.4416 14.85126387653396
GAOFEN-2                
1 40118U 14049A   26245.60661005  .00000624  00000+0  87448-4 0  9991
2 40118  98.0040 309.7150 0007151 354.2047   5.9082 14.80987202650692
BRITE-PL2 (HEWELIUSZ)   
1 40119U 14049B   26245.29146077  .00000845  00000+0  83040-4 0  9993
2 40119  97.9153 357.9219 0013161 208.7856 151.2640 14.94823171652962
GSAT0201 (GALILEO 5)    
1 40128U 14050A   26241.71889678  .00000013  00000+0  00000+0 0  9996
2 40128  48.7978 270.4138 1684517 182.2407 176.9249  1.85519651 79680
GSAT0202 (GALILEO 6)    
1 40129U 14050B   26244.66908983  .00000020  00000+0  00000+0 0  9993
2 40129  48.8121 269.3789 1686354 183.0642 175.7799  1.85520211 81901
LING QIAO               
1 40136U 14051A   26245.56919569 -.00000114  00000+0 -26361-4 0  9993
2 40136  98.7103 247.4387 0020009 308.8735  51.0661 14.30280609626066
CHUANGXIN 1-04 (CX-1-04)
1 40137U 14051B   26245.59417029  .00000069  00000+0  43803-4 0  9998
2 40137  98.7102 247.5245 0021462 309.8616  50.0678 14.30425071625614
ASIASAT 6               
1 40141U 14052A   26245.62376472 -.00000361  00000+0  00000+0 0  9997
2 40141   0.0596 276.2442 0000753 272.0876 137.9065  1.00264488 43850
YAOGAN-21               
1 40143U 14053A   26245.56101728  .00004892  00000+0  18562-3 0  9991
2 40143  97.1417 282.5004 0008114 165.0324 195.1157 15.27264165666768
OPTUS 10                
1 40146U 14054A   26244.38597787 -.00000144  00000+0  00000+0 0  9999
2 40146   0.0506  95.4513 0001949  66.8649 113.1771  1.00270702 43790
MEASAT-3B               
1 40147U 14054B   26245.63656141 -.00000241  00000+0  00000+0 0  9997
2 40147   0.0345  29.8425 0001443  87.5472 185.0500  1.00272417 43690
SJ-11-07                
1 40261U 14059A   26245.61679986  .00000230  00000+0  52880-4 0  9994
2 40261  97.9877 312.5838 0009182 266.0898  93.9255 14.63801941636242
HIMAWARI-8              
1 40267U 14060A   26245.55659777 -.00000275  00000+0  00000+0 0  9993
2 40267   0.0368 303.4240 0001668 269.3696 109.9498  1.00268310 43532
IRNSS-1C                
1 40269U 14061A   26245.54524439 -.00000163  00000+0  00000+0 0  9997
2 40269   6.7093  87.4423 0020599   9.0265 164.5634  1.00272875 43461
INTELSAT 30 (IS-30)     
1 40271U 14062A   26243.08641715 -.00000148  00000+0  00000+0 0  9998
2 40271   0.0197  91.1841 0001513 311.4706 232.6963  1.00272546  7543
ARSAT 1                 
1 40272U 14062B   26244.61988909 -.00000257  00000+0  00000+0 0  9999
2 40272   0.0425  73.3888 0001555  83.5308 335.2297  1.00271238 43392
YAOGAN-22               
1 40275U 14063A   26245.30136533 -.00000012  00000+0  91924-4 0  9997
2 40275 100.7843  37.8953 0006470  22.1893 337.9497 13.15532784569955
EUTELSAT 53A            
1 40277U 14064A   26245.18283850  .00000000  00000+0  00000+0 0  9997
2 40277   0.0189 133.7237 0001930  63.3055 263.1342  1.00271058 42349
SJ-11-08                
1 40286U 14066A   26245.57455102  .00000260  00000+0  56475-4 0  9993
2 40286  98.3636  31.8035 0011976 355.6674   4.4423 14.66247758632555
NAVSTAR 72 (USA 258)    
1 40294U 14068A   26244.20767629 -.00000048  00000+0  00000+0 0  9996
2 40294  57.0383  28.0323 0067197  73.6148 287.1308  2.00556048 86737
MERIDIAN 7              
1 40296U 14069A   26244.45543409  .00000297  00000+0  00000+0 0  9999
2 40296  63.4493 207.9038 6621227 270.0483  20.0945  2.00604067 86763
ASNARO                  
1 40298U 14070A   26245.59818491  .00005245  00000+0  24973-3 0  9992
2 40298  97.3394 319.6060 0003030 236.8702 123.2242 15.19561319655765
YAOGAN-24               
1 40310U 14072A   26245.62807637  .00000672  00000+0  10475-3 0  9994
2 40310  98.1603  23.6579 0014990  21.6365 338.5475 14.76171962635143
COSMOS 2501 [GLONASS-K] 
1 40315U 14075A   26245.25918909  .00000051  00000+0  00000+0 0  9996
2 40315  63.6178 187.7051 0022263 210.9139 148.9546  2.13101419 91497
GSAT-16                 
1 40332U 14078A   26245.53969770  .00000086  00000+0  00000+0 0  9999
2 40332   0.0538 270.1108 0005911 198.0882 122.8571  1.00272025 42899
DIRECTV 14              
1 40333U 14078B   26245.50910424 -.00000124  00000+0  00000+0 0  9993
2 40333   0.0184  90.5546 0000441 308.6764  26.4764  1.00270000 42814
CBERS 4                 
1 40336U 14079A   26245.19678274 -.00000039  00000+0  11272-5 0  9990
2 40336  98.3459 299.5857 0001742 111.1381 248.9992 14.35525789615005
YAOGAN-25 01A           
1 40338U 14080A   26245.58078064  .00000012  00000+0  11323-3 0  9993
2 40338  63.3856 111.3636 0373573   9.5536 351.2343 13.45418734576074
YAOGAN-25 01B           
1 40339U 14080B   26245.56762207  .00000012  00000+0  11364-3 0  9996
2 40339  63.3864 111.5197 0373854   9.3382 351.4348 13.45439752576044
YAOGAN-25 01C           
1 40340U 14080C   26245.58857329  .00000038  00000+0  14243-3 0  9997
2 40340  63.3849 111.8698 0373784  10.0292 350.7932 13.45355594576164
YAMAL 401               
1 40345U 14082A   26245.92212491 -.00000229  00000+0  00000+0 0  9992
2 40345   0.0208 208.2610 0000536 354.5558 201.1654  1.00273715 42692
O3B FM10                
1 40348U 14083A   26243.31823108 -.00000014  00000+0  00000+0 0  9992
2 40348   0.0392 333.8466 0002666 184.0931 202.0737  5.00115909213641
O3B FM11                
1 40349U 14083B   26245.32979983 -.00000015  00000+0  00000+0 0  9990
2 40349   0.0546 347.8240 0002280 157.3121 214.8809  5.00115511213767
O3B FM12                
1 40350U 14083C   26245.15685383 -.00000015  00000+0  00000+0 0  9991
2 40350   0.0538 348.5096 0002432 172.1342 199.3676  5.00115971213776
O3B FM9                 
1 40351U 14083D   26242.98487859 -.00000014  00000+0  00000+0 0  9997
2 40351   0.0550 346.7311 0002620 170.0074 203.2752  5.00116093213810
COSMOS 2502             
1 40358U 14086A   26245.63219861 -.00000128  00000+0 -36771-4 0  9994
2 40358  67.1532 178.6955 0006413 245.1186 114.9233 13.97829846594770
YAOGAN-26               
1 40362U 14088A   26245.59810661  .00016668  00000+0  29569-3 0  9991
2 40362  97.0684 244.1716 0006165 108.6653 251.5269 15.50279941649689
ASTRA 2G                
1 40364U 14089A   26245.53432435  .00000151  00000+0  00000+0 0  9992
2 40364   0.0518 337.4150 0002512 123.9128 100.9039  1.00272041 42748
FENGYUN 2G              
1 40367U 14090A   26245.54845106 -.00000302  00000+0  00000+0 0  9990
2 40367   5.8268  71.8445 0003915 183.7733  23.0956  1.00279021 42777
MUOS-3                  
1 40374U 15002A   26245.29627997 -.00000127  00000+0  00000+0 0  9995
2 40374   4.6679  43.7595 0056904 178.1037 210.7260  1.00270523 42369
SMAP                    
1 40376U 15003A   26245.55009336  .00000217  00000+0  51037-4 0  9998
2 40376  98.1312 251.5599 0001424  92.1694 267.9672 14.63363103618930
INMARSAT 5-F2           
1 40384U 15005A   26245.09015102 -.00000283  00000+0  00000+0 0  9999
2 40384   0.0147 133.7126 0001014  59.9186 125.0254  1.00270460 41767
COSMOS 2503             
1 40420U 15009A   26245.43481624  .00001114  00000+0  79116-4 0  9990
2 40420  97.8235 303.4124 0015822 355.7446   4.3644 15.06787348630565
ABS-3A                  
1 40424U 15010A   26245.31431240 -.00000024  00000+0  00000+0 0  9993
2 40424   0.0092 128.9658 0001987 344.7981 337.8776  1.00274153 42142
EUTELSAT 115 WEST B     
1 40425U 15010B   26245.50598421 -.00000024  00000+0  00000+0 0  9990
2 40425   0.0074 282.5441 0000271 154.4689 331.8959  1.00271358 42158
MMS 1                   
1 40482U 15011A   26245.66668981 -.00001779  00000+0  00000+0 0  9998
2 40482  72.8871 347.8778 8260097 169.1905 281.9657  0.28368952  1383
MMS 2                   
1 40483U 15011B   26245.66668981 -.00001780  00000+0  00000+0 0  9991
2 40483  72.8915 347.8767 8262939 169.1922 281.9457  0.28368911  1380
MMS 3                   
1 40484U 15011C   26245.66668981 -.00001779  00000+0  00000+0 0  9990
2 40484  72.8909 347.8888 8261307 169.2006 281.9196  0.28368890  1386
MMS 4                   
1 40485U 15011D   26245.66668981 -.00001779  00000+0  00000+0 0  9991
2 40485  72.8849 347.8727 8261363 169.2105 281.9159  0.28368839  1386
EXPRESS-AM7             
1 40505U 15012A   26245.25156545  .00000152  00000+0  00000+0 0  9991
2 40505   0.0255 248.8239 0003274 287.9804 295.1870  1.00276550 41786
NAVSTAR 73 (USA 260)    
1 40534U 15013A   26244.84268366  .00000055  00000+0  00000+0 0  9995
2 40534  53.1599 201.0092 0112215  40.8368 319.9783  2.00571388 83369
KOMPSAT-3A              
1 40536U 15014A   26245.60455729  .00018781  00000+0  23855-3 0  9996
2 40536  97.6928 242.8907 0048234 251.5696 108.0312 15.58026935633852
GSAT0203 (GALILEO 7)    
1 40544U 15017A   26224.52472422 -.00000106  00000+0  00000+0 0  9991
2 40544  56.7648 340.0615 0003323 250.3663 109.6043  1.70476340 70169
GSAT0204 (GALILEO 8)    
1 40545U 15017B   26245.31116905 -.00000080  00000+0  00000+0 0  9994
2 40545  56.7622 339.5137 0004517 238.5793 121.4210  1.70475724 33568
BEIDOU-3S IGSO-1S       
1 40549U 15019A   26243.62271124 -.00000154  00000+0  00000+0 0  9999
2 40549  49.0506 294.5494 0039137 200.2477 164.3210  1.00292195 41832
GONETS-M 11             
1 40552U 15020A   26245.60801336  .00000076  00000+0  47503-3 0  9994
2 40552  82.4922 342.7548 0016307 189.8069 170.2695 12.42880751518356
GONETS-M 12             
1 40553U 15020B   26245.58070376  .00000058  00000+0  34769-3 0  9994
2 40553  82.4957 343.9157 0015563 174.5188 185.6065 12.42893359518348
GONETS-M 13             
1 40554U 15020C   26245.55531243  .00000073  00000+0  45800-3 0  9992
2 40554  82.4918 342.5242 0014489 159.5571 200.6092 12.42886606518313
COSMOS 2504             
1 40555U 15020D   26245.57924826  .00000452  00000+0  15806-3 0  9992
2 40555  82.5194 171.4920 0609177  63.9501 302.3050 13.61414674560728
THOR 7                  
1 40613U 15022A   26245.28406125 -.00000007  00000+0  00000+0 0  9997
2 40613   0.0234 224.7597 0002501 302.5965 275.6910  1.00271036 41587
TURKMENALEM52E/MONACOSAT
1 40617U 15023A   26245.89547784  .00000103  00000+0  00000+0 0  9992
2 40617   0.0207 136.4966 0002985  37.2837 182.6792  1.00274361 41620
DIRECTV 15              
1 40663U 15026A   26245.20952828 -.00000101  00000+0  00000+0 0  9999
2 40663   0.0186 121.3458 0000528  55.7205 136.8615  1.00269427 41230
SKY MEXICO-1            
1 40664U 15026B   26245.33007595 -.00000233  00000+0  00000+0 0  9992
2 40664   0.0361 288.8524 0002763 250.6434 202.0198  1.00270713 41223
SENTINEL-2A             
1 40697U 15028A   26245.62726686 -.00000015  00000+0  10734-4 0  9999
2 40697  98.5631 319.3588 0001261  82.1191 278.0135 14.30818425584806
COSMOS 2506             
1 40699U 15029A   26245.63626628  .00000136  00000+0  42001-4 0  9993
2 40699  98.0407 283.5094 0005860 278.3498  81.7035 14.54408172594142
GAOFEN-8                
1 40701U 15030A   26245.56412617  .00014200  00000+0  26793-3 0  9998
2 40701  97.6864  83.7298 0006630 275.6112  84.4381 15.48569679623414
DMC3-FM1                
1 40715U 15032A   26245.58636236  .00000958  00000+0  11606-3 0  9994
2 40715  97.6342 107.6866 0006113 143.8751 216.2879 14.85811419601402
DMC3-FM2                
1 40716U 15032B   26245.60805362  .00000413  00000+0  53370-4 0  9997
2 40716  97.6393 109.3329 0006403 149.6759 210.4829 14.85818160601407
DMC3-FM3                
1 40717U 15032C   26245.56461612 -.00000037  00000+0  16560-5 0  9993
2 40717  97.6441 111.0920 0005608 148.5765 211.5787 14.85803218601403
CARBONITE 1 (CBNT-1)    
1 40718U 15032D   26245.60453902  .00001295  00000+0  16215-3 0  9993
2 40718  97.6559  60.4646 0015605  44.4792 315.7673 14.83797143600821
NAVSTAR 74 (USA 262)    
1 40730U 15033A   26245.00548335  .00000041  00000+0  00000+0 0  9996
2 40730  53.9284 263.9138 0116688  30.4575 330.2555  2.00552181 81537
METEOSAT-11 (MSG-4)     
1 40732U 15034A   26245.31673907  .00000063  00000+0  00000+0 0  9991
2 40732   3.3896  70.5612 0000748  54.5759 339.6326  1.00269156  7999
STAR ONE C4             
1 40733U 15034B   26245.51491093 -.00000264  00000+0  00000+0 0  9992
2 40733   0.0397 345.7913 0001055 189.2896 281.9626  1.00270226 40798
WGS F7 (USA 263)        
1 40746U 15036A   26242.85472291  .00000021  00000+0  00000+0 0  9991
2 40746   0.0093 119.8866 0000167  96.2018 245.6802  1.00270249 40628
BEIDOU-3S M2S           
1 40748U 15037A   26245.10719539 -.00000025  00000+0  00000+0 0  9999
2 40748  54.7994 299.3935 0011403 259.1516 100.7931  1.86232345 75558
BEIDOU-3S M1S           
1 40749U 15037B   26245.30520428 -.00000025  00000+0  00000+0 0  9999
2 40749  54.7958 299.3724 0001842  51.6117 308.4773  1.86254830 75568
INTELSAT 34 (IS-34)     
1 40874U 15039A   26244.02083657 -.00000282  00000+0  00000+0 0  9991
2 40874   0.0057   1.2472 0000286 350.7368 300.2295  1.00272146 40391
EUTELSAT 8 WEST B       
1 40875U 15039B   26245.88360446 -.00000065  00000+0  00000+0 0  9990
2 40875   0.0662 351.8329 0003531 166.6726 133.6368  1.00272647 40437
YAOGAN-27               
1 40878U 15040A   26245.64567396 -.00000410  00000+0 -96823-3 0  9999
2 40878 100.1244 228.6913 0008822  39.2080 320.9671 13.16071549527856
GSAT-6                  
1 40880U 15041A   26245.54507105 -.00000160  00000+0  00000+0 0  9993
2 40880   2.1130  81.5469 0003035  73.8714 105.0221  1.00271327 40371
INMARSAT 5-F3           
1 40882U 15042A   26244.18169742  .00000053  00000+0  00000+0 0  9996
2 40882   0.0189 132.7429 0000175 312.1093 140.4656  1.00270007 40335
MUOS-4                  
1 40887U 15044A   26245.54351105 -.00000092  00000+0  00000+0 0  9994
2 40887   4.4731  42.5840 0053357   3.9403 205.8231  1.00271505 40335
GSAT0206 (GALILEO 10)   
1 40890U 15045B   26227.70212104  .00000037  00000+0  00000+0 0  9990
2 40890  54.9326 219.9607 0002304 336.2121  23.7563  1.70473365 68054
TJS-1                   
1 40892U 15046A   26245.61127272 -.00000156  00000+0  00000+0 0  9997
2 40892   0.5156  84.2118 0003919  60.9904 211.5988  1.00269526 40342
GAOFEN-9 01             
1 40894U 15047A   26245.52339052  .00000471  00000+0  63982-4 0  9993
2 40894  97.6234 277.6920 0025832 244.8620 114.9914 14.83005248591657
EXPRESS-AM8             
1 40895U 15048A   26245.88239112 -.00000112  00000+0  00000+0 0  9990
2 40895   0.0206 242.6778 0000045 269.9715 133.0485  1.00271454 40125
LILACSAT-2              
1 40908U 15049K   26245.54383977  .00012609  00000+0  19713-3 0  9996
2 40908  97.4579 285.4321 0005485 345.1902  14.9190 15.53907738607752
COSMOS 2507 (RODNIK-S *)
1 40920U 15050A   26245.58736862 -.00000051  00000+0 -43620-3 0  9995
2 40920  82.4936  31.4630 0009970 176.2442 183.8714 12.42928446496471
COSMOS 2508 (RODNIK-S *)
1 40921U 15050B   26245.62359292 -.00000052  00000+0 -44315-3 0  9992
2 40921  82.4892  29.9164 0013829 211.6607 148.3642 12.42917018496460
COSMOS 2509 (RODNIK-S *)
1 40922U 15050C   26245.64582795 -.00000038  00000+0 -34571-3 0  9998
2 40922  82.4900  30.0130 0013964 229.5893 130.3969 12.42885935496502
ASTROSAT                
1 40930U 15052A   26245.31830694  .00001298  00000+0  76142-4 0  9995
2 40930   5.9978 320.1370 0007557  54.2160 305.8670 14.82624686591296
BEIDOU-3S IGSO-2S       
1 40938U 15053A   26242.02753071 -.00000098  00000+0  00000+0 0  9995
2 40938  49.1146 257.8968 0066023 192.1118 353.2814  1.00287866 40093
SKY MUSTER 1 (NBN1A)    
1 40940U 15054A   26243.51364362 -.00000275  00000+0  00000+0 0  9992
2 40940   0.0222 233.7269 0001761 284.2277 146.9138  1.00272502 40010
ARSAT 2                 
1 40941U 15054B   26244.79981819 -.00000222  00000+0  00000+0 0  9998
2 40941   0.0419  76.6443 0001831  86.0558  25.1972  1.00271158 40071
MORELOS 3               
1 40946U 15056A   26244.65101088 -.00000040  00000+0  00000+0 0  9990
2 40946   3.2552  16.9453 0002740 186.2144 258.9166  1.00272452 40058
LINGQIAO VIDEO A        
1 40959U 15057B   26245.63716995  .00000482  00000+0  74340-4 0  9995
2 40959  97.6692 236.6473 0017508  22.5071 337.6905 14.77479145586840
LINGQIAO VIDEO B        
1 40960U 15057C   26245.60824707  .00000588  00000+0  88866-4 0  9990
2 40960  97.6654 237.7615 0017632  22.5915 337.6069 14.77588831586883
JILIN-1                 
1 40961U 15057D   26245.58672202  .00000443  00000+0  67600-4 0  9992
2 40961  97.6567 241.1354 0017395  16.7014 343.4767 14.78262644587048
AEROCUBE 5C             
1 40965U 15058B   26244.80252696  .00001308  00000+0  12334-3 0  9996
2 40965  64.7668  24.1651 0136343  34.2352 326.7456 14.91825884377089
AEROCUBE 7              
1 40966U 15058C   26245.57834401  .00001587  00000+0  13366-3 0  9997
2 40966  64.7639   2.2979 0126059  32.0744 328.7960 14.96255774377534
FOX-1A (AO-85)          
1 40967U 15058D   26244.87494727  .00001345  00000+0  12784-3 0  9998
2 40967  64.7738  40.5826 0136756  27.7637 333.0687 14.91351139125003
SINOD-D 1               
1 40968U 15058E   26245.61369365  .00001577  00000+0  13239-3 0  9994
2 40968  64.7761  16.3291 0125586  23.6775 337.0049 14.96448805128241
SNAP-3 ALICE            
1 40970U 15058G   26245.20942420  .00436248  76155-4  16245-2 0  9996
2 40970  64.7411 193.3676 0017324 314.7579  45.2170 15.87495922128982
LMRST-SAT               
1 40971U 15058H   26244.85032687  .00001305  00000+0  12534-3 0  9993
2 40971  64.7747  37.1470 0138219  29.6938 331.1928 14.90950722124981
SNAP-3 EDDIE            
1 40972U 15058J   26245.20301246  .00448841  86188-4  12356-2 0  9991
2 40972  64.7337 183.0045 0014439 304.3407  55.6388 15.93485104131142
PROPCUBE 3              
1 40973U 15058K   26244.76174539  .00001547  00000+0  13481-3 0  9998
2 40973  64.7697  13.1919 0129893  30.7447 330.1193 14.94717690126248
BISONSAT                
1 40974U 15058L   26245.29084298  .00006590  00000+0  30462-3 0  9991
2 40974  64.7575 284.0064 0085356  14.1561 346.1927 15.17808071127313
SNAP-3 JIMI             
1 40975U 15058M   26245.32110832  .00002363  00000+0  16507-3 0  9998
2 40975  64.7663 335.5612 0112159  25.4386 335.2193 15.03064954125811
PROPCUBE 1 (FLORA)      
1 40976U 15058N   26244.87614563  .00001246  00000+0  12515-3 0  9992
2 40976  64.7740  57.4864 0136642  31.9449 328.9855 14.89571506127682
SINOD-D 3               
1 40977U 15058P   26244.87213631  .00001735  00000+0  15182-3 0  9990
2 40977  64.7725  36.2550 0125242  28.8447 331.9514 14.94514175126219
APSTAR-9                
1 40982U 15059A   26245.55685777 -.00000265  00000+0  00000+0 0  9994
2 40982   0.0448 310.7908 0002569 229.9336 143.4565  1.00269254 39880
TURKSAT 4B              
1 40984U 15060A   26245.89504449  .00000115  00000+0  00000+0 0  9994
2 40984   0.0135 222.4837 0002137 317.4086 174.3689  1.00270061 39878
NAVSTAR 75 (USA 265)    
1 41019U 15062A   26244.55915785 -.00000048  00000+0  00000+0 0  9993
2 41019  57.0095  27.8751 0115209 230.9435 128.0369  2.00566897 79364
ZHONGXING-2C            
1 41021U 15063A   26245.54923106 -.00000323  00000+0  00000+0 0  9999
2 41021   0.4654  87.1975 0010006 111.1014  84.5697  1.00269436 39756
YAOGAN-28               
1 41026U 15064A   26245.60420390  .00004413  00000+0  16265-3 0  9996
2 41026  97.3181  22.3859 0008829 277.7784  82.2453 15.28298016602501
GSAT-15                 
1 41028U 15065A   26244.40676490 -.00000255  00000+0  00000+0 0  9997
2 41028   0.0703 268.9819 0001931 220.2849  91.2472  1.00272257 39565
BADR-7 (ARABSAT-6B)     
1 41029U 15065B   26245.89036448  .00000145  00000+0  00000+0 0  9992
2 41029   0.0333 221.1636 0006423 356.9609 110.4247  1.00271673 39548
COSMOS 2510 (EKS 1)     
1 41032U 15066A   26244.63347288 -.00001257  00000+0  00000+0 0  9991
2 41032  63.4453 335.6165 7193933 274.8433  13.9970  2.00691818 79002
LAOSAT 1                
1 41034U 15067A   26245.52058763 -.00000342  00000+0  00000+0 0  9994
2 41034   0.0499 306.1970 0002210 170.3166 181.0926  1.00271277 39636
TELSTAR 12V             
1 41036U 15068A   26245.88221779 -.00000119  00000+0  00000+0 0  9997
2 41036   0.0250 247.8192 0002400 284.6069 112.2062  1.00271304 39405
YAOGAN-29               
1 41038U 15069A   26245.62973390  .00000014  00000+0  83621-5 0  9994
2 41038  97.9998 274.3735 0002696 107.8966 252.2542 14.83136150582100
ELEKTRO-L 2             
1 41105U 15074A   26245.31205905 -.00000117  00000+0  00000+0 0  9990
2 41105   6.8806  69.5443 0001749 183.6271 186.1092  1.00270385 39286
COSMOS 2513             
1 41121U 15075A   26245.54463772 -.00000138  00000+0  00000+0 0  9995
2 41121   0.0433 107.9626 0001187  61.2520  88.8078  1.00272317 39324
VELOX-CI                
1 41166U 15077A   26245.25734594  .00017090  00000+0  24824-3 0  9995
2 41166  14.9814 206.2026 0004500 279.4594  80.5223 15.52764118594710
KENT RIDGE 1            
1 41167U 15077B   26245.09883613  .00002942  00000+0  88452-4 0  9993
2 41167  14.9803  53.8143 0008134 245.2993 114.6482 15.23532654592840
DAMPE                   
1 41173U 15078A   26245.62503816  .00000672  00000+0  25027-4 0  9991
2 41173  97.4593 251.4955 0012445 153.3108 206.8776 15.30953021596390
GSAT0209 (GALILEO 12)   
1 41174U 15079A   26241.94886513  .00000032  00000+0  00000+0 0  9991
2 41174  55.8723  99.2373 0003740  13.7105 346.4072  1.70473774 66034
GSAT0208 (GALILEO 11)   
1 41175U 15079B   26243.92900906  .00000027  00000+0  00000+0 0  9999
2 41175  55.8721  99.1795 0003866  26.9705 333.1475  1.70473645 66487
ORBCOMM FM110           
1 41182U 15081D   26244.66847740  .00000328  00000+0  10545-3 0  9991
2 41182  47.0034 359.7872 0002026  71.0929 289.0176 14.58974750568793
ORBCOMM FM118           
1 41183U 15081E   26245.04586640  .00000308  00000+0  10127-3 0  9998
2 41183  47.0057 358.3566 0002232  14.0455 346.0493 14.58958312568954
ORBCOMM FM112           
1 41184U 15081F   26245.32298310  .00000182  00000+0  74662-4 0  9999
2 41184  46.9980 265.4694 0003390 220.8492 139.2140 14.58944361570214
ORBCOMM FM113           
1 41185U 15081G   26245.16539425  .00000143  00000+0  66501-4 0  9997
2 41185  46.9997 266.6327 0002209 229.4422 130.6271 14.58921494570172
ORBCOMM FM108           
1 41187U 15081J   26244.85225840  .00000330  00000+0  10582-3 0  9992
2 41187  47.0041 179.6979 0002183 213.7674 146.3073 14.58964602571272
ORBCOMM FM117           
1 41188U 15081K   26245.09239885  .00000289  00000+0  97299-4 0  9998
2 41188  47.0005 177.1787 0002748 217.6157 142.4537 14.58947161571351
ORBCOMM FM116           
1 41189U 15081L   26244.45645726  .00000208  00000+0  79963-4 0  9992
2 41189  47.0015 269.9845 0000829 359.8495   0.2390 14.58948094570072
EXPRESS-AMU1            
1 41191U 15082A   26245.89227116  .00000155  00000+0  00000+0 0  9996
2 41191   0.0183 131.7698 0002315  48.9407 158.6301  1.00270510 39044
GAOFEN-4                
1 41194U 15083A   26245.54966441 -.00000334  00000+0  00000+0 0  9993
2 41194   0.5491  83.5029 0003961 134.9808  66.8130  1.00270786 39309
BELINTERSAT-1           
1 41238U 16001A   26245.53891770  .00000107  00000+0  00000+0 0  9991
2 41238   0.0166 252.3412 0001101 197.4724 137.3963  1.00273259 39013
JASON-3                 
1 41240U 16002A   26245.59497734 -.00000027  00000+0  13936-3 0  9991
2 41240  66.0439 323.0940 0008452 267.1395  92.8657 12.87626936497214
IRNSS-1E                
1 41241U 16003A   26245.40825838 -.00000294  00000+0  00000+0 0  9993
2 41241  33.4018  58.6319 0021291 177.4905   4.0985  1.00268171 38859
EUTELSAT 9B             
1 41310U 16005A   26245.31665241  .00000064  00000+0  00000+0 0  9996
2 41310   0.0267  60.5663 0002573 142.5248 261.3939  1.00274217 38890
NAVSTAR 76 (USA 266)    
1 41328U 16007A   26243.15273545  .00000019  00000+0  00000+0 0  9999
2 41328  55.5742  86.4872 0097202 247.3136 111.7351  2.00573260 77344
COSMOS 2514 [GLONASS-M] 
1 41330U 16008A   26245.24387547 -.00000027  00000+0  00000+0 0  9993
2 41330  64.9712 310.3592 0013582 208.4288 151.5721  2.13102521 82263
SENTINEL-3A             
1 41335U 16011A   26245.63991099  .00000040  00000+0  34736-4 0  9990
2 41335  98.6301 311.8949 0000959  99.4610 260.6679 14.26735307549105
SES-9                   
1 41380U 16013A   26244.69486440 -.00000342  00000+0  00000+0 0  9994
2 41380   0.0143 246.7990 0001873 244.7014 207.8078  1.00271392 38204
EUTELSAT 65 WEST A      
1 41382U 16014A   26245.51586426 -.00000275  00000+0  00000+0 0  9999
2 41382   0.0650  33.2364 0002360 129.6158 299.3486  1.00271010 38302
IRNSS-1F                
1 41384U 16015A   26245.25000544  .00000158  00000+0  00000+0 0  9994
2 41384   5.5373  94.9994 0019596 175.3412 193.5140  1.00269928 38441
COSMOS 2515             
1 41394U 16020A   26245.61840426 -.00000065  00000+0  35650-6 0  9996
2 41394  97.9755 264.0197 0024589  43.2251 317.0900 15.08149142572086
BEIDOU-2 IGSO-6         
1 41434U 16021A   26245.38933878 -.00000143  00000+0  00000+0 0  9991
2 41434  60.3413  37.2777 0060804 228.0535 312.4777  1.00283914 38258
IRNSS-1G                
1 41469U 16027A   26244.92267176 -.00000332  00000+0  00000+0 0  9995
2 41469   5.3801  95.6875 0004044  39.3613 307.7217  1.00274626 37948
JCSAT-2B                
1 41471U 16028A   26245.58655956 -.00000165  00000+0  00000+0 0  9993
2 41471   0.0186 143.1563 0001038  36.4400 167.3033  1.00270026 37906
YAOGAN-30 01            
1 41473U 16029A   26245.01611275 -.00000050  00000+0  46378-7 0  9999
2 41473  97.8945 293.2240 0015403 351.2140   8.8798 14.76341377555002
GSAT0211 (GALILEO 14)   
1 41549U 16030A   26242.87904830  .00000050  00000+0  00000+0 0  9991
2 41549  55.0793 219.6409 0003730 327.8062  32.1373  1.70473175 63942
GSAT0210 (GALILEO 13)   
1 41550U 16030B   26223.77897383  .00000047  00000+0  00000+0 0  9991
2 41550  55.0836 220.1634 0004622 250.3639 109.5850  1.70473682 63616
THAICOM 8               
1 41552U 16031A   26245.62475282 -.00000121  00000+0  00000+0 0  9996
2 41552   0.0669  22.7153 0001316  82.1431 180.3502  1.00272996 37498
ZIYUAN 3-02 (ZY 3-02)   
1 41556U 16033A   26245.60565069  .00002998  00000+0  13729-3 0  9992
2 41556  97.3776 319.8695 0013904  35.0029 325.2118 15.21178158569752
COSMOS 2517 (GEO-IK 2)  
1 41579U 16034A   26245.60697939 -.00000026  00000+0  15446-4 0  9990
2 41579  99.1915 252.9329 0001165  89.1898 270.9391 13.85909356518352
INTELSAT 31 (IS-31)     
1 41581U 16035A   26243.48253623 -.00000147  00000+0  00000+0 0  9995
2 41581   0.0419 264.2570 0001580  62.8764  91.2032  1.00271539 37430
BEIDOU-2 G7             
1 41586U 16037A   26245.55061774 -.00000352  00000+0  00000+0 0  9994
2 41586   1.9049  69.6422 0004900 357.8386 222.9992  1.00269943  7669
ABS-2A (MONGOLSAT-1)    
1 41588U 16038A   26245.11589113 -.00000082  00000+0  00000+0 0  9991
2 41588   0.0158 136.8689 0001663 327.9045 352.9478  1.00269169 37483
EUTELSAT 117 WEST B     
1 41589U 16038B   26244.36155907 -.00000008  00000+0  00000+0 0  9996
2 41589   0.0094 282.6843 0000139  50.4099  20.5964  1.00270722 37428
BRISAT                  
1 41591U 16039A   26243.57614360 -.00000193  00000+0  00000+0 0  9990
2 41591   0.0193 238.0684 0002152 281.9816 177.6273  1.00271113 37369
ECHOSTAR 18             
1 41592U 16039B   26243.52070411  .00000000  00000+0  00000+0 0  9995
2 41592   0.0230 138.0171 0001614  32.3706 295.4035  1.00270153 37380
CARTOSAT-2C             
1 41599U 16040A   26245.58250199  .00003586  00000+0  17352-3 0  9999
2 41599  97.4404 304.4644 0007921 217.5909 142.4773 15.19202905565463
SKYSAT-C1               
1 41601U 16040C   26245.50070354  .00005463  00000+0  15083-3 0  9993
2 41601  96.9528 273.0734 0004398  98.7207 261.4538 15.37446560569747
LAPAN-A3                
1 41603U 16040E   26245.65480096  .00002014  00000+0  64324-4 0  9991
2 41603  97.1556 239.3036 0012131  96.5708 263.6917 15.33533755566683
MUOS-5                  
1 41622U 16041A   26245.50771756 -.00000122  00000+0  00000+0 0  9998
2 41622   2.0464 303.3406 0203359 260.7573 215.3416  1.00272077 37866
SJ 16-02                
1 41634U 16043A   26245.63984172  .00000925  00000+0  90046-4 0  9999
2 41634  75.0021 132.3431 0008189 209.3772 150.6958 14.93729192552708
TIANTONG-1 1            
1 41725U 16048A   26245.54879773 -.00000316  00000+0  00000+0 0  9996
2 41725   3.9967  43.9131 0002806  82.1393 154.6248  1.00272362 37045
GAOFEN-3                
1 41727U 16049A   26245.64837558  .00000028  00000+0  21746-4 0  9999
2 41727  98.4045 252.2756 0001030  67.7033 292.4266 14.42223816529811
JCSAT-16                
1 41729U 16050A   26245.55729110 -.00000250  00000+0  00000+0 0  9990
2 41729   0.0159 140.1614 0001025  43.3277 142.8028  1.00271488 36848
USA 270                 
1 41744U 16052A   26243.34401816 -.00000346  00000+0  00000+0 0  9990
2 41744   4.3845  76.1950 0008142 111.5672  41.8279  1.00277895 28888
USA 271                 
1 41745U 16052B   26243.10198609 -.00000279  00000+0  00000+0 0  9993
2 41745   4.3566  76.2714 0013877 166.6302 230.2892  1.00258141 28675
INTELSAT 36 (IS-36)     
1 41747U 16053A   26245.54229771 -.00000023  00000+0  00000+0 0  9998
2 41747   0.0166  89.3896 0001767 253.3557 262.6749  1.00270641 36738
INSAT-3DR               
1 41752U 16054A   26244.75934468 -.00000075  00000+0  00000+0 0  9990
2 41752   0.0903  92.0814 0011531 172.6766  63.5467  1.00271748 36586
PERUSAT 1               
1 41770U 16058A   26245.55096942  .00000207  00000+0  54440-4 0  9997
2 41770  98.1965 318.1789 0001472  84.3351 275.8016 14.58553271530372
SKYSAT-C4               
1 41771U 16058B   26245.04169764  .00012236  00000+0  21355-3 0  9998
2 41771  96.9161 263.7063 0001827  49.5182 310.6230 15.50825150557372
SKYSAT-C5               
1 41772U 16058C   26245.52625740  .00004433  00000+0  13578-3 0  9991
2 41772  97.0410 282.6490 0003451  59.4741 300.6844 15.34286881555600
SKYSAT-C2               
1 41773U 16058D   26245.50337980  .00007953  00000+0  17837-3 0  9998
2 41773  97.0157 264.7660 0004907 113.6491 246.5273 15.43645565556974
SKYSAT-C3               
1 41774U 16058E   26245.34450487  .00015444  00000+0  22583-3 0  9997
2 41774  96.8963 273.3715 0002660  81.1206 279.0351 15.55690651558093
PISAT                   
1 41784U 16059B   26244.97492358  .00000585  00000+0  10710-3 0  9999
2 41784  97.8236 242.1525 0028053 322.7392  37.1867 14.69106739531016
ALSAT-1B                
1 41785U 16059C   26245.58107647  .00000091  00000+0  21890-4 0  9996
2 41785  97.7783 251.0167 0008990 347.2837  12.8143 14.72324626531960
ALSAT-2B                
1 41786U 16059D   26245.55619446  .00000675  00000+0  11805-3 0  9991
2 41786  97.9826 306.3164 0001328  54.9198 305.2133 14.70955714532147
PATHFINDER 1            
1 41787U 16059E   26244.96947125  .00000394  00000+0  77065-4 0  9993
2 41787  97.8220 240.8010 0027538 324.0750  35.8603 14.67744116530978
SCATSAT 1               
1 41790U 16059H   26245.37500801  .00000607  00000+0  86399-4 0  9996
2 41790  98.1123 309.9150 0054371   0.7238 359.4043 14.79684915113001
GSAT-18                 
1 41793U 16060A   26245.59502674 -.00000076  00000+0  00000+0 0  9996
2 41793   0.0669  92.1389 0003367  27.6233 150.2002  1.00271251 36302
SKY MUSTER 2 (NBN1B)    
1 41794U 16060B   26245.56989502 -.00000243  00000+0  00000+0 0  9999
2 41794   0.0193 229.4947 0001644 297.9192 164.2747  1.00271761 36297
HIMAWARI-9              
1 41836U 16064A   26245.41475840  .00000000  00000+0  00000+0 0  9999
2 41836   0.0172 155.5831 0002439  69.3643  46.6773  1.00266929 35984
SHIJIAN-17 (SJ-17)      
1 41838U 16065A   26245.48180411 -.00000346  00000+0  00000+0 0  9990
2 41838   5.9423  71.6322 0001817  78.5372 127.7549  0.99862810 35971
CAS-2T & KS-1Q          
1 41847U 16066G   26245.18189890  .00000444  00000+0  72473-4 0  9994
2 41847  98.3767 320.0351 0340054 255.8684 100.4504 14.44823008515913
RAVAN                   
1 41849U 16067B   26245.21253251  .00058529  00000+0  63987-3 0  9990
2 41849  97.9742 144.1256 0006513  92.0567 268.1435 15.63120962539699
CELTEE 1                
1 41850U 16067C   26245.35960900  .00002884  00000+0  13619-3 0  9993
2 41850  98.0544 117.1821 0001485  51.8861 308.2507 15.20343213537608
OPTICUBE 04             
1 41851U 16067D   26245.35579091  .00001479  00000+0  95429-4 0  9990
2 41851  98.0609 101.6501 0014625 212.0655 147.9684 15.09932731536818
AEROCUBE 8D             
1 41852U 16067E   26245.19335800  .00004814  00000+0  19420-3 0  9993
2 41852  98.0547 121.2307 0002298 204.0188 156.0941 15.25352474537802
AEROCUBE 8C             
1 41853U 16067F   26245.59907877  .00004711  00000+0  18854-3 0  9993
2 41853  98.0422 118.7973 0005966 138.3761 221.7931 15.25614457537863
YUNHAI-1 01             
1 41857U 16068A   26245.61919194  .00000376  00000+0  15483-3 0  9994
2 41857  98.5866 255.9195 0003423 142.5439 217.5984 14.32508258512917
GSAT0207 (GALILEO 15)   
1 41859U 16069A   26244.00181406  .00000026  00000+0  00000+0 0  9993
2 41859  55.5457  98.9869 0003282 356.4608   3.6340  1.70473677 60695
GSAT0212 (GALILEO 16)   
1 41860U 16069B   26242.09542549  .00000031  00000+0  00000+0 0  9997
2 41860  55.5420  99.0346 0004038  34.7013 325.4318  1.70473933 60915
GSAT0213 (GALILEO 17)   
1 41861U 16069C   26244.22220891  .00000025  00000+0  00000+0 0  9991
2 41861  55.5455  98.9837 0002535 330.6279  29.4537  1.70474218 60819
GSAT0214 (GALILEO 18)   
1 41862U 16069D   26243.19544456  .00000029  00000+0  00000+0 0  9997
2 41862  55.5433  99.0048 0001899   6.4968 353.6073  1.70473871 60920
GOES 16                 
1 41866U 16071A   26245.50806422 -.00000090  00000+0  00000+0 0  9994
2 41866   0.5238  84.7546 0001727 128.4120 206.7049  1.00272145 35877
TIANLIAN 1-04           
1 41869U 16072A   26245.35003889  .00000034  00000+0  00000+0 0  9994
2 41869   1.0612  82.2541 0046272  94.5504 107.6198  1.00276146 36075
GOKTURK 1A              
1 41875U 16073A   26245.61024796  .00000191  00000+0  46620-4 0  9998
2 41875  98.1555 139.1357 0001562  79.6774 280.4604 14.62742981520143
RESOURCESAT-2A          
1 41877U 16074A   26245.56175726  .00000010  00000+0  24776-4 0  9993
2 41877  98.7473 318.4125 0001736 183.0981 177.0185 14.21610234505292
WGS F8 (USA 272)        
1 41879U 16075A   26245.33100334 -.00000201  00000+0  00000+0 0  9996
2 41879   0.0204 114.7993 0000052 324.3635 171.3001  1.00271759 35591
FENGYUN 4A              
1 41882U 16077A   26244.98289455 -.00000356  00000+0  00000+0 0  9995
2 41882   2.5098  79.3020 0008153 165.8634 213.1690  1.00264106 35707
CYGFM05                 
1 41884U 16078A   26244.99110241  .00018691  00000+0  22365-3 0  9997
2 41884  34.9553 110.7406 0004300 177.3646 182.7102 15.59997073540742
CYGFM04                 
1 41885U 16078B   26245.59015990  .00027691  00000+0  26131-3 0  9995
2 41885  34.9311  70.1348 0004112 241.7918 118.2394 15.65985135541121
CYGFM02                 
1 41886U 16078C   26245.54933907  .00101332  00000+0  79675-3 0  9994
2 41886  34.9394  62.3507 0004525 249.6838 110.3404 15.70174028541312
CYGFM01                 
1 41887U 16078D   26244.94338607  .00020060  00000+0  23267-3 0  9998
2 41887  34.9382 111.4449 0003897 171.3366 188.7427 15.60798535540697
CYGFM08                 
1 41888U 16078E   26245.58697038  .00024480  00000+0  24902-3 0  9993
2 41888  34.9421  84.4647 0005482 214.7785 145.2584 15.64116811541081
CYGFM07                 
1 41890U 16078G   26245.60469317  .00024087  00000+0  24396-3 0  9996
2 41890  34.9434  72.6140 0004595 235.6803 124.3489 15.64234235541119
CYGFM03                 
1 41891U 16078H   26245.57641822  .00024620  00000+0  24955-3 0  9990
2 41891  34.9393  74.7226 0003764 221.6949 138.3491 15.64215659541088
ECHOSTAR 19             
1 41893U 16079A   26244.34182729 -.00000135  00000+0  00000+0 0  9990
2 41893   0.0177 142.6376 0001508  21.7808 202.0539  1.00271226 35461
ARASE (ERG)             
1 41896U 16080A   26244.37640587 -.00000140  00000+0  24985-3 0  9997
2 41896  31.9439 338.2680 6983293  93.4619 341.5938  2.57781478 90248
TANSAT                  
1 41898U 16081A   26245.62401014  .00000325  00000+0  78077-4 0  9995
2 41898  98.5411 248.1892 0021804  70.7256 289.6299 14.59998879515922
YIJIAN                  
1 41899U 16081B   26244.98164231  .00000372  00000+0  86208-4 0  9998
2 41899  98.5431 245.2813 0022109  72.5329 287.8285 14.60840715515805
SPARK 1                 
1 41900U 16081C   26245.25425308  .00000257  00000+0  64143-4 0  9993
2 41900  98.5550 242.1246 0024957  82.7226 277.6808 14.59855219515517
SPARK 2                 
1 41901U 16081D   26244.93332892  .00000345  00000+0  83464-4 0  9998
2 41901  98.5563 237.0141 0026571  87.8412 272.5828 14.59232260515315
JCSAT-110A (JCSAT-15)   
1 41903U 16082A   26245.55053108  .00000000  00000+0  00000+0 0  9998
2 41903   0.0223 135.2677 0000750  64.3245  90.3700  1.00269290 35537
STAR ONE D1             
1 41904U 16082B   26245.51213758 -.00000210  00000+0  00000+0 0  9998
2 41904   0.0114 120.4385 0002523  27.5434 294.0447  1.00273524 35547
TJS-2                   
1 41911U 17001A   26245.54195104 -.00000006  00000+0  00000+0 0  9998
2 41911   1.0251  84.1434 0001774 143.1388  16.0695  1.00272043 35495
JILIN-1 03              
1 41914U 17002B   26245.61512482  .00008380  00000+0  19008-3 0  9996
2 41914  97.1978 251.7146 0003578 236.5606 123.5301 15.43310123533794
IRIDIUM 106             
1 41917U 17003A   26245.60830972  .00000037  00000+0  59817-5 0  9991
2 41917  86.3922  56.1611 0002192  81.8167 278.3278 14.34218519504306
IRIDIUM 103             
1 41918U 17003B   26245.59562438  .00000040  00000+0  71944-5 0  9998
2 41918  86.3922  56.0659 0002335  91.7712 268.3751 14.34218305504323
IRIDIUM 109             
1 41919U 17003C   26245.60196965  .00000042  00000+0  77927-5 0  9998
2 41919  86.3924  56.1240 0002199  90.8676 269.2772 14.34218416504292
IRIDIUM 102             
1 41920U 17003D   26245.57025765  .00000044  00000+0  84912-5 0  9999
2 41920  86.3922  56.0592 0002112  89.4693 270.6745 14.34217851504376
IRIDIUM 105             
1 41921U 17003E   26245.52885430  .00000133  00000+0  40365-4 0  9990
2 41921  86.3987  24.5200 0002177  99.8159 260.3283 14.34218828506221
IRIDIUM 104             
1 41922U 17003F   26245.58295572  .00000037  00000+0  61824-5 0  9996
2 41922  86.3923  56.0976 0002299  97.3171 262.8286 14.34216664504363
IRIDIUM 114             
1 41923U 17003G   26245.58928437  .00000052  00000+0  11450-4 0  9996
2 41923  86.3923  56.0780 0002251  91.9956 268.1498 14.34217800504341
IRIDIUM 108             
1 41924U 17003H   26245.61757125  .00000169  00000+0  53248-4 0  9995
2 41924  86.3981  24.3681 0002088  94.2081 265.9354 14.34219436506207
IRIDIUM 112             
1 41925U 17003J   26245.57660006  .00000045  00000+0  90852-5 0  9998
2 41925  86.3919  55.9216 0002158  92.1617 267.9826 14.34217895504361
IRIDIUM 111             
1 41926U 17003K   26245.56391210  .00000041  00000+0  75964-5 0  9999
2 41926  86.3921  55.9994 0002196  89.9263 270.2185 14.34218268504349
SBIRS GEO-4 (USA 273)   
1 41937U 17004A   26245.31613240 -.00000065  00000+0  00000+0 0  9995
2 41937   2.3929  45.0712 0002303 104.9408 311.4420  0.99674193 35375
HISPASAT 36W-1          
1 41942U 17006A   26245.30781236 -.00000243  00000+0  00000+0 0  9991
2 41942   0.0100 270.5200 0001124 244.2351 261.5307  1.00272035 35011
TELKOM 3S               
1 41944U 17007A   26245.55209108 -.00000362  00000+0  00000+0 0  9996
2 41944   0.0098 144.4629 0002383  24.6028 129.3950  1.00270285 34910
INTELSAT 32E (IS-32E)   
1 41945U 17007B   26245.56631818 -.00000268  00000+0  00000+0 0  9990
2 41945   0.0297 257.3487 0000402 173.4095  71.6587  1.00269454 35007
CARTOSAT-2D             
1 41948U 17008A   26245.61368701  .00003252  00000+0  15742-3 0  9996
2 41948  97.4033 303.4414 0004500 351.6602   8.4557 15.19261559529330
SENTINEL-2B             
1 42063U 17013A   26245.62006654  .00000044  00000+0  33472-4 0  9995
2 42063  98.5638 319.2809 0001233  86.3266 273.8058 14.30817694495710
ECHOSTAR 23             
1 42070U 17014A   26245.50702422 -.00000056  00000+0  00000+0 0  9997
2 42070   0.0017  47.6509 0001953 116.6784 249.9656  1.00270809 34695
WGS F9 (USA 275)        
1 42075U 17016A   26245.38383904  .00000000  00000+0  00000+0 0  9998
2 42075   0.0164 156.9931 0000324  86.9273 223.8340  1.00269870 34674
SES-10                  
1 42432U 17017A   26245.40475128 -.00000271  00000+0  00000+0 0  9990
2 42432   0.0158  65.4866 0002666 103.5270 251.3550  1.00269114 34523
CHINASAT 16 (SJ-13)     
1 42662U 17018A   26245.62194471 -.00000351  00000+0  00000+0 0  9998
2 42662   0.0728  92.5321 0007582 132.9040  90.8024  1.00267781 34521
KOREASAT 7              
1 42691U 17023A   26245.61364302 -.00000361  00000+0  00000+0 0  9998
2 42691   0.0255  43.2216 0000939 119.8670 155.4740  1.00270885 34146
SGDC                    
1 42692U 17023B   26245.25956401  .00000000  00000+0  00000+0 0  9995
2 42692   0.0153 129.7746 0002260  42.8049 187.4238  1.00270258 34170
GSAT-9                  
1 42695U 17024A   26245.63656141 -.00000286  00000+0  00000+0 0  9996
2 42695   0.0053 162.6416 0002681   6.1253 139.5064  1.00272636 34075
INMARSAT 5-F4           
1 42698U 17025A   26243.75791183  .00000000  00000+0  00000+0 0  9990
2 42698   0.0222 131.5345 0000622  86.4835  91.2539  1.00270872 34039
SES-15                  
1 42709U 17026A   26245.50321087  .00000061  00000+0  00000+0 0  9998
2 42709   0.0459 311.1446 0000372 241.5084 200.9792  1.00268557  8201
COSMOS 2518 (EKS 2)     
1 42719U 17027A   26245.29441315  .00000004  00000+0  00000+0 0  9990
2 42719  63.0199 239.2588 6931412 273.8859  16.0816  2.00742812 67953
QZS-2 (MICHIBIKI-2)     
1 42738U 17028A   26244.84254505 -.00000110  00000+0  00000+0 0  9994
2 42738  39.3181 242.0236 0752102 270.2731 273.9674  1.00264264  8392
VIASAT-2                
1 42740U 17029A   26245.51491093 -.00000264  00000+0  00000+0 0  9998
2 42740   0.0315 265.6269 0000253 276.4002 275.1097  1.00268856 33963
EUTELSAT 172B           
1 42741U 17029B   26245.49151081 -.00000005  00000+0  00000+0 0  9999
2 42741   0.0250 132.1953 0000072 130.7080  67.6940  1.00271949 34517
GSAT-19                 
1 42747U 17031A   26245.53822436  .00000126  00000+0  00000+0 0  9995
2 42747   0.0084 194.5722 0003934 270.8597 117.9026  1.00273348 33926
ECHOSTAR 21             
1 42749U 17032A   26245.31691241  .00000067  00000+0  00000+0 0  9996
2 42749   1.7781   0.5602 0002416 170.8724 294.3836  1.00271735 33879
HXMT (HUIYAN)           
1 42758U 17034A   26245.60697263  .00002540  00000+0  12889-3 0  9990
2 42758  43.0135 111.7553 0032785 276.4083  83.3033 15.19042771509430
CARTOSAT-2E             
1 42767U 17036C   26245.56591506  .00004134  00000+0  19886-3 0  9995
2 42767  97.4200 304.0611 0004244  59.7259 300.4395 15.19331614509895
BULGARIASAT-1           
1 42801U 17038A   26245.24402542  .00000015  00000+0  00000+0 0  9990
2 42801   0.0472 267.8192 0004161 278.5882 244.7554  1.00286181 33618
IRIDIUM 113             
1 42803U 17039A   26245.40434255 -.00000003  00000+0 -80640-5 0  9990
2 42803  86.3944 289.9073 0002184  96.2068 263.9376 14.34217451482256
IRIDIUM 123             
1 42804U 17039B   26245.58535578  .00000150  00000+0  46528-4 0  9997
2 42804  86.4001 321.3026 0002320  92.2404 267.9058 14.34219246481044
IRIDIUM 120             
1 42805U 17039C   26245.53753675  .00000060  00000+0  14299-4 0  9993
2 42805  86.3931 289.6242 0002204  90.2028 269.9420 14.34217151482266
IRIDIUM 115             
1 42806U 17039D   26245.56111838  .00000133  00000+0  33648-4 0  9996
2 42806  86.4468 289.7538 0002458  89.8158 270.3325 14.43277506485422
IRIDIUM 118             
1 42807U 17039E   26245.61706448  .00000149  00000+0  46187-4 0  9999
2 42807  86.4001 321.2870 0002202  95.2760 264.8687 14.34220171481043
IRIDIUM 117             
1 42808U 17039F   26245.63609458  .00000152  00000+0  47091-4 0  9994
2 42808  86.4000 321.2360 0002258  93.6900 266.4554 14.34219697481071
IRIDIUM 126             
1 42809U 17039G   26245.59169542  .00000150  00000+0  46587-4 0  9992
2 42809  86.4002 321.3070 0002324  96.2818 263.8642 14.34219952481044
IRIDIUM 124             
1 42810U 17039H   26245.07895350  .00000095  00000+0  22205-4 0  9999
2 42810  86.4429 258.1968 0002422  90.3740 269.7739 14.43280087486202
IRIDIUM 128             
1 42811U 17039J   26245.58243568  .00000175  00000+0  55554-4 0  9996
2 42811  86.4024 352.8029 0002133  91.5087 268.6353 14.34219383481071
IRIDIUM 121             
1 42812U 17039K   26245.61072227  .00000157  00000+0  48996-4 0  9995
2 42812  86.4002 321.3273 0002178  94.0206 266.1239 14.34220109480927
HELLAS-SAT 3            
1 42814U 17040A   26245.67905830  .00000153  00000+0  00000+0 0  9995
2 42814   0.0524  34.3940 0001987  65.4777 165.4602  1.00275109 33584
GSAT-17                 
1 42815U 17040B   26245.63656141 -.00000257  00000+0  00000+0 0  9996
2 42815   0.0399 265.9652 0003728 348.3930  50.0966  1.00270485 33568
INTELSAT 35E (IS-35E)   
1 42818U 17041A   26245.87831778  .00000000  00000+0  00000+0 0  9992
2 42818   0.0210 132.4510 0002261  63.7190  67.5383  1.00269100 33592
KANOPUS-V-IK            
1 42825U 17042A   26245.63601817  .00001435  00000+0  65124-4 0  9990
2 42825  97.3485 149.5268 0001818  89.1145 271.0300 15.22376300507150
NORSAT 1                
1 42826U 17042B   26244.98081757  .00003816  00000+0  20847-3 0  9990
2 42826  97.4526  51.0636 0007202 164.9877 195.1570 15.14883964498852
NORSAT 2                
1 42828U 17042D   26244.98491076  .00006589  00000+0  28061-3 0  9997
2 42828  97.4102  57.3119 0010209 135.8081 224.3973 15.23260857499420
TECHNOSAT               
1 42829U 17042E   26244.96742732  .00002191  00000+0  15669-3 0  9999
2 42829  97.4393  39.7692 0017217 186.5196 173.5810 15.05343138498258
FLYING LAPTOP           
1 42831U 17042G   26245.63050631  .00002147  00000+0  16994-3 0  9990
2 42831  97.4987  38.3668 0015780 221.2786 138.7247 15.01544647498074
WNISAT 1R               
1 42835U 17042L   26245.30989497  .00002336  00000+0  18246-3 0  9991
2 42835  97.4895  38.6817 0007898 236.8564 123.1903 15.02033423498086
LEMUR-2-GREENBERG       
1 42837U 17042N   26244.74660130  .00012049  00000+0  37342-3 0  9990
2 42837  97.3861  65.1670 0009766  91.4856 268.7505 15.33533865500118
LEMUR-2-ANDIS           
1 42838U 17042P   26245.03907404  .00015520  00000+0  41954-3 0  9993
2 42838  97.3704  65.9398 0009090  89.0098 271.2188 15.37774451500254
LEMUR-2-MONSON          
1 42839U 17042Q   26244.99199438  .00009215  00000+0  31967-3 0  9995
2 42839  97.4124  65.2559 0007713  83.1339 277.0779 15.29992773499906
LEMUR-2-FURIAUS         
1 42840U 17042R   26245.05216864  .00012648  00000+0  40387-3 0  9998
2 42840  97.3809  63.2556 0007609 141.0856 219.0935 15.32584602499973
LEMUR-2-PETERG          
1 42841U 17042S   26245.06724508  .00016915  00000+0  46956-3 0  9998
2 42841  97.4012  70.4102 0004811  72.1941 287.9827 15.36961202500234
LEMUR-2-DEMBITZ         
1 42842U 17042T   26245.07387433  .00011649  00000+0  37347-3 0  9995
2 42842  97.3853  66.3482 0007582 101.1828 259.0266 15.32477782500112
NANOACE                 
1 42844U 17042V   26244.91738859  .00008023  00000+0  31392-3 0  9997
2 42844  97.3794  58.0915 0005478 101.3424 258.8431 15.26077841499778
LEMUR-2-ZACHARY         
1 42845U 17042W   26245.08914581  .00044871  00000+0  61055-3 0  9995
2 42845  97.3552  78.7424 0003652  94.0644 266.1029 15.57440147501146
CORVUS BC2              
1 42846U 17042X   26244.97719100  .00002218  00000+0  15319-3 0  9994
2 42846  97.4170  43.4058 0012246 202.4507 157.6186 15.06701379498625
CORVUS BC1              
1 42847U 17042Y   26244.96350636  .00001650  00000+0  11452-3 0  9992
2 42847  97.4194  44.2561 0011776 176.8697 183.2607 15.06857071498658
COSMOS 2520             
1 42907U 17046A   26245.89409117  .00000137  00000+0  00000+0 0  9997
2 42907   0.0254 111.3365 0000211  32.9869 204.5837  1.00274174 33175
TDRS 13                 
1 42915U 17047A   26245.38383904 -.00000097  00000+0  00000+0 0  9992
2 42915   3.4780   4.5500 0013913 121.2513 342.5520  1.00271168 33127
QZS-3 (MICHIBIKI-3)     
1 42917U 17048A   26245.52058763 -.00000347  00000+0  00000+0 0  9991
2 42917   0.0542 188.2976 0002137 338.2396 129.5462  1.00267696 33039
FORMOSAT-5              
1 42920U 17049A   26245.56750223  .00000065  00000+0  27617-4 0  9994
2 42920  98.2201 319.1377 0011027 199.3556 160.7222 14.50905062477898
ORS-5 SENSORSAT         
1 42921U 17050A   26245.50817664  .00002025  00000+0  90261-4 0  9997
2 42921   0.0495 291.7626 0010251 134.6004 293.7446 15.01119871492664
AMAZONAS 5              
1 42934U 17053A   26245.42694153  .00000000  00000+0  00000+0 0  9999
2 42934   0.0123 300.7651 0001803 265.6459 227.8646  1.00269001 32819
COSMOS 2522 [GLONASS-M] 
1 42939U 17055A   26245.08135774  .00000054  00000+0  00000+0 0  9996
2 42939  64.0808 189.2681 0009921 238.0411 121.8601  2.13102028 69610
ASIASAT 9               
1 42942U 17057A   26245.76667868 -.00000359  00000+0  00000+0 0  9990
2 42942   0.0150 125.8380 0001912  31.9604 222.2247  1.00269142 32643
YAOGAN-30 02A           
1 42945U 17058A   26245.50766200  .00001507  00000+0  11050-3 0  9992
2 42945  34.9974 277.5641 0001464 116.8981 243.1877 15.03482928487534
YAOGAN-30 02B           
1 42946U 17058B   26245.38794562  .00001464  00000+0  10832-3 0  9990
2 42946  34.9976 279.4070 0002774 269.6821  90.3569 15.03159050487480
YAOGAN-30 02C           
1 42947U 17058C   26245.36634265  .00002014  00000+0  14144-3 0  9994
2 42947  34.9973 268.8134 0004588 175.7174 184.3574 15.04906125487455
INTELSAT 37E (IS-37E)   
1 42950U 17059A   26245.88161111 -.00000141  00000+0  00000+0 0  9993
2 42950   0.0163 179.9935 0003389 358.4204 102.9940  1.00271091 32847
BSAT-4A                 
1 42951U 17059B   26245.61919516 -.00000350  00000+0  00000+0 0  9997
2 42951   0.0566 321.6822 0001857 142.8908 209.9399  1.00271548 32573
VRSS-2                  
1 42954U 17060A   26245.53410536  .00000177  00000+0  29092-4 0  9994
2 42954  97.6465 279.7630 0016119 202.0757 157.9764 14.81279273479900
IRIDIUM 133             
1 42955U 17061A   26245.61414854  .00000166  00000+0  52361-4 0  9995
2 42955  86.4027 352.9092 0002170  93.6148 266.5297 14.34218702465874
IRIDIUM 100             
1 42956U 17061B   26245.60780556  .00000164  00000+0  51483-4 0  9992
2 42956  86.4024 352.8287 0002153  94.3888 265.7554 14.34219318465878
IRIDIUM 122             
1 42957U 17061C   26245.57608655  .00000167  00000+0  52508-4 0  9990
2 42957  86.4024 352.8424 0002246  95.0452 265.1000 14.34220669465871
IRIDIUM 129             
1 42958U 17061D   26245.60146246  .00000173  00000+0  54749-4 0  9994
2 42958  86.4026 352.8996 0002188 100.0295 260.1148 14.34219624465894
IRIDIUM 119             
1 42959U 17061E   26245.56974936  .00000165  00000+0  51929-4 0  9993
2 42959  86.4026 352.9090 0002260  95.2311 264.9143 14.34219711465902
IRIDIUM 107             
1 42960U 17061F   26245.58877628  .00000164  00000+0  51541-4 0  9996
2 42960  86.4026 352.9227 0002347  90.8122 269.3342 14.34219962465912
IRIDIUM 132             
1 42961U 17061G   26245.59512080  .00000166  00000+0  52220-4 0  9993
2 42961  86.4026 352.8990 0002171  94.7833 265.3611 14.34219137465915
IRIDIUM 136             
1 42962U 17061H   26245.55706598  .00000161  00000+0  50474-4 0  9993
2 42962  86.4026 352.9220 0002129  94.3016 265.8423 14.34219163465921
IRIDIUM 139             
1 42963U 17061J   26245.56340683  .00000169  00000+0  53366-4 0  9995
2 42963  86.4028 352.9824 0002159  92.9124 267.2319 14.34219724465935
IRIDIUM 125             
1 42964U 17061K   26245.62049233  .00000161  00000+0  50488-4 0  9994
2 42964  86.4030 353.0211 0002696  96.2231 263.9272 14.34219384465958
QZS-4 (MICHIBIKI-4)     
1 42965U 17062A   26242.60248192 -.00000292  00000+0  00000+0 0  9992
2 42965  40.0604 342.5387 0749307 269.3331  84.4362  1.00277866 32550
SES-11 (ECHOSTAR 105)   
1 42967U 17063A   26245.50797756 -.00000088  00000+0  00000+0 0  9995
2 42967   0.0212  41.2614 0002481 107.1671 271.1478  1.00271390 32492
SENTINEL-5P             
1 42969U 17064A   26245.59519760  .00000028  00000+0  34468-4 0  9997
2 42969  98.7962 187.1874 0001241  78.6727 281.4588 14.19529870460545
KOREASAT 5A             
1 42984U 17067A   26245.61364302  .00000000  00000+0  00000+0 0  9990
2 42984   0.0125 130.1567 0001038  66.5094 119.1623  1.00269372 32303
COSMOS 2523             
1 42986U 17037E   26245.61279689  .00000573  00000+0  54531-4 0  9990
2 42986  97.5001 255.4138 0066067 331.1129  28.6441 14.95651509480536
SKYSAT-C11              
1 42987U 17068A   26245.16643879  .00023748  00000+0  27418-3 0  9993
2 42987  97.4445  37.6255 0001414  82.4588 277.6830 15.61916847495243
SKYSAT-C10              
1 42988U 17068B   26245.65740411  .00006271  00000+0  18197-3 0  9994
2 42988  97.4609  23.3788 0001591  88.6609 271.4817 15.35883205494245
SKYSAT-C9               
1 42989U 17068C   26245.31054120  .00009408  00000+0  21345-3 0  9997
2 42989  97.4530  24.7264 0007237 209.2866 150.7977 15.43259997494646
SKYSAT-C8               
1 42990U 17068D   26245.31323370  .00007097  00000+0  19007-3 0  9999
2 42990  97.4623  23.1307 0001619  96.5504 263.5925 15.38333566494168
SKYSAT-C7               
1 42991U 17068E   26245.30951989  .00007284  00000+0  19529-3 0  9999
2 42991  97.4638  24.1221 0005644 176.0948 184.0342 15.38276557494222
SKYSAT-C6               
1 42992U 17068F   26245.30816418  .00005694  00000+0  17476-3 0  9999
2 42992  97.4678  23.7188 0000854  82.8018 277.3321 15.34148215494143
BEIDOU-3 M1             
1 43001U 17069A   26244.91766414 -.00000006  00000+0  00000+0 0  9992
2 43001  56.7625  60.5611 0007390 326.1059  33.8846  1.86230954 60034
BEIDOU-3 M2             
1 43002U 17069B   26245.39356382 -.00000006  00000+0  00000+0 0  9995
2 43002  56.7613  60.5811 0006484   3.6832 356.3589  1.86230639 60030
MOHAMMED VI-A           
1 43005U 17070A   26245.63980792  .00000699  00000+0  10607-3 0  9990
2 43005  97.9499 316.8802 0001782  85.5525 274.5888 14.77100566475417
FENGYUN 3D              
1 43010U 17072A   26245.59877825 -.00000022  00000+0  11611-4 0  9993
2 43010  99.0220 221.4513 0001489 145.9114 214.2157 14.19752545455972
HEAD-1                  
1 43011U 17072B   26245.61941315  .00000194  00000+0  95632-4 0  9997
2 43011  98.9543 266.1944 0008906 292.8255  67.1984 14.28839090458418
NOAA 20 (JPSS-1)        
1 43013U 17073A   26245.60649318  .00000032  00000+0  36375-4 0  9997
2 43013  98.7799 184.3899 0001857  64.4096 295.7272 14.19523980455453
MAKERSAT 0              
1 43016U 17073D   26245.57270184  .00017848  00000+0  44739-3 0  9992
2 43016  97.4479 128.7851 0100288 358.3811   1.7092 15.34983494478329
RADFXSAT (FOX-1B)       
1 43017U 17073E   26245.18001140  .00006314  00000+0  26857-3 0  9991
2 43017  97.4581 110.8230 0149218  62.8001 298.8350 15.13732857477036
JILIN-1 04              
1 43022U 17074A   26245.56475385  .00009875  00000+0  21668-3 0  9996
2 43022  97.4900 357.3653 0002361 280.1098  79.9884 15.44268358486205
JILIN-1 05              
1 43023U 17074B   26245.59434747  .00005563  00000+0  16656-3 0  9998
2 43023  97.4896 352.8717 0003969 331.3424  28.7600 15.34947774485873
JILIN-1 06              
1 43024U 17074C   26245.58218518  .00003517  00000+0  10770-3 0  9992
2 43024  97.4818 349.7522 0005899 337.7157  22.3829 15.34488243485700
YAOGAN-30 03A           
1 43028U 17075A   26245.46863274  .00001663  00000+0  12279-3 0  9995
2 43028  34.9938 159.2850 0002880 263.6951  96.3429 15.03146075478885
YAOGAN-30 03B           
1 43029U 17075B   26244.93455554  .00002173  00000+0  16036-3 0  9997
2 43029  34.9935 162.3352 0003665 208.5320 151.5188 15.03006581478912
YAOGAN-30 03C           
1 43030U 17075C   26244.97951493  .00001719  00000+0  12730-3 0  9998
2 43030  34.9942 162.0314 0002388 334.0303  26.0285 15.03022006478985
COSMOS 2524             
1 43032U 17076A   26245.61232365  .00000128  00000+0  14475-3 0  9994
2 43032  67.1491   4.0522 0001810 277.3038  82.7841 13.97436007446425
LKW-1                   
1 43034U 17077A   26245.49963845  .00004750  00000+0  19532-3 0  9991
2 43034  97.0942 275.6519 0001319  98.6624 261.4764 15.24604605486473
ALCOMSAT 1              
1 43039U 17078A   26245.45254524 -.00000185  00000+0  00000+0 0  9995
2 43039   0.0018  74.8547 0002173  79.2665 325.6137  1.00272521 32072
GSAT0215 (GALILEO 19)   
1 43055U 17079A   26244.27105819  .00000053  00000+0  00000+0 0  9998
2 43055  55.0571 219.4134 0003509 277.8771  82.0536  1.70473901 54287
GSAT0216 (GALILEO 20)   
1 43056U 17079B   26242.21582203  .00000048  00000+0  00000+0 0  9991
2 43056  55.0581 219.4700 0004818 284.9827  74.9292  1.70474062 54269
GSAT0217 (GALILEO 21)   
1 43057U 17079C   26243.60981600  .00000051  00000+0  00000+0 0  9994
2 43057  55.0557 219.4293 0004174 299.3063  60.6200  1.70473988 54275
GSAT0218 (GALILEO 22)   
1 43058U 17079D   26244.41648307  .00000053  00000+0  00000+0 0  9991
2 43058  55.0557 219.4048 0005213 281.9340  77.9785  1.70473953 54310
GCOM-C (SHIKISAI)       
1 43065U 17082A   26245.19147948  .00000063  00000+0  43488-4 0  9997
2 43065  98.6220 317.7976 0001280  95.3705 264.7622 14.27288076452923
IRIDIUM 135             
1 43070U 17083A   26245.38531501  .00000079  00000+0  21169-4 0  9996
2 43070  86.3936 289.7473 0002237  93.6926 266.4525 14.34216920455219
IRIDIUM 138             
1 43071U 17083B   26245.55022274 -.00000016  00000+0 -12953-4 0  9992
2 43071  86.3949 289.3852 0002275  96.1718 263.9737 14.34217290455229
IRIDIUM 116             
1 43072U 17083C   26245.51850881  .00000010  00000+0 -35053-5 0  9992
2 43072  86.3935 289.6762 0002060  86.3573 273.7859 14.34217597455257
IRIDIUM 130             
1 43073U 17083D   26245.55656482  .00000014  00000+0 -19019-5 0  9996
2 43073  86.3944 289.9433 0002212  87.8667 272.2782 14.34217556455204
IRIDIUM 151             
1 43074U 17083E   26245.53119434  .00000024  00000+0  16748-5 0  9992
2 43074  86.3937 289.7304 0002109  92.1572 267.9865 14.34217531455229
IRIDIUM 134             
1 43075U 17083F   26245.22040746  .00000012  00000+0 -26265-5 0  9991
2 43075  86.3939 289.8700 0002314  92.0161 268.1300 14.34217605455144
IRIDIUM 137             
1 43076U 17083G   26245.16332321 -.00000004  00000+0 -85424-5 0  9992
2 43076  86.3941 289.9878 0001809  90.5461 269.5942 14.34217501455208
IRIDIUM 141             
1 43077U 17083H   26245.15698062  .00000019  00000+0 -17687-6 0  9991
2 43077  86.3936 289.8171 0002302  94.3169 265.8290 14.34217872455200
IRIDIUM 153             
1 43078U 17083J   26245.59753764  .00000103  00000+0  29616-4 0  9997
2 43078  86.3908 258.0950 0002417  92.6976 267.4497 14.34218619456373
IRIDIUM 131             
1 43079U 17083K   26245.56290650  .00000029  00000+0  32459-5 0  9992
2 43079  86.3941 289.8385 0002250  94.6072 265.5381 14.34217924455197
LKW-2                   
1 43080U 17084A   26245.49530124  .00006039  00000+0  22885-3 0  9997
2 43080  97.1135 281.7017 0001881  24.7873 335.3457 15.27237354483484
YAOGAN-30 04A           
1 43081U 17085A   26245.61487278  .00001648  00000+0  12227-3 0  9994
2 43081  34.9964  38.0420 0003754 108.8580 251.2536 15.02961330474378
YAOGAN-30 04B           
1 43082U 17085B   26245.36997307  .00001648  00000+0  12215-3 0  9993
2 43082  34.9954  39.5966 0005457 296.7281  63.2869 15.03008895474319
YAOGAN-30 04C           
1 43083U 17085C   26245.59136453  .00001648  00000+0  12224-3 0  9996
2 43083  34.9958  38.6546 0003957  91.1426 268.9736 15.02982072474403
SUPERVIEW-1 03          
1 43099U 18002A   26245.59471986  .00010681  00000+0  24833-3 0  9992
2 43099  97.3088 330.4301 0042749 260.6677  98.9735 15.41532026480288
BEIDOU-3 M7             
1 43107U 18003A   26245.13587542 -.00000027  00000+0  00000+0 0  9999
2 43107  54.2561 299.6271 0003236 105.2594 254.8488  1.86228292 58783
BEIDOU-3 M8             
1 43108U 18003B   26245.07944686 -.00000027  00000+0  00000+0 0  9999
2 43108  54.2489 299.6102 0004186 260.9755  99.0497  1.86231221 58795
CARTOSAT-2F             
1 43111U 18004A   26245.59955859  .00002729  00000+0  13287-3 0  9990
2 43111  97.4712 304.4464 0002012  36.6133 323.5239 15.19212092479081
LEO 1 (LEO VANTAGE 1)   
1 43113U 18004C   26245.26616035  .00001092  00000+0  81310-4 0  9991
2 43113  99.2404 173.6475 0348217 202.5990 155.9557 14.68232941448796
LKW-3                   
1 43146U 18006A   26245.64631339  .00008554  00000+0  24185-3 0  9991
2 43146  97.6699  49.3679 0003866  47.3299 312.8270 15.36586096480601
ASNARO-2                
1 43152U 18007A   26244.69282725  .00005510  00000+0  24115-3 0  9996
2 43152  97.3999 250.4316 0001760  95.0187 265.1251 15.22447769479052
JILIN-1 07              
1 43159U 18008E   26245.52222324  .00005481  00000+0  15919-3 0  9995
2 43159  97.1765 263.4456 0009700 130.7884 229.4203 15.35842606476869
JILIN-1 08              
1 43160U 18008F   26245.51646716  .00005248  00000+0  15888-3 0  9997
2 43160  97.1805 262.6607 0007349 142.0409 218.1354 15.34567820476808
SBIRS GEO-3 (USA 282)   
1 43162U 18009A   26245.50169015  .00000130  00000+0  00000+0 0  9992
2 43162   2.2464  15.5170 0001952 154.8276 192.5258  1.00271890 31616
WEINA 1A                
1 43169U 18011A   26245.54570817  .00001431  00000+0  11137-3 0  9994
2 43169  34.9960  51.5314 0002828 343.8640  16.1977 15.01253215469750
YAOGAN-30 05A           
1 43170U 18011B   26245.63115006  .00001633  00000+0  12116-3 0  9993
2 43170  34.9967  38.8337 0004189 291.3139  68.7122 15.02965424469808
YAOGAN-30 05B           
1 43171U 18011C   26245.62574804  .00001663  00000+0  12338-3 0  9997
2 43171  34.9958  38.6153 0002433 294.2155  65.8299 15.02958185469879
YAOGAN-30 05C           
1 43172U 18011D   26245.62073661  .00002458  00000+0  18101-3 0  9990
2 43172  34.9973  38.9153 0001296  21.3852 338.6911 15.03023778469749
AL YAH 3                
1 43174U 18012A   26245.38219236 -.00000154  00000+0  00000+0 0  9993
2 43174   1.7437  82.0712 0003540  82.4171 294.5445  1.00272101 31627
SES-14                  
1 43175U 18012B   26245.87571777 -.00000279  00000+0  00000+0 0  9997
2 43175   0.0189  62.9380 0001156 104.5358  82.3080  1.00270324  7802
KANOPUS-V 3             
1 43180U 18014A   26245.61992257  .00001572  00000+0  70935-4 0  9992
2 43180  97.3486 149.5106 0001901  89.6495 270.4959 15.22445957476505
KANOPUS-V 4             
1 43181U 18014B   26245.58604514  .00000383  00000+0  19518-4 0  9994
2 43181  97.3495 149.6481 0001818  87.1592 272.9853 15.22430209476516
S-NET D                 
1 43186U 18014G   26245.30728338  .00002812  00000+0  14445-3 0  9992
2 43186  97.5263 149.6128 0009775 106.9336 253.2970 15.17289024470450
S-NET B                 
1 43187U 18014H   26245.25434860  .00002715  00000+0  13969-3 0  9993
2 43187  97.5268 149.5489 0010445 103.5039 256.7359 15.17257292470444
S-NET A                 
1 43188U 18014J   26245.30574122  .00002875  00000+0  14755-3 0  9997
2 43188  97.5279 149.8238 0010326 103.9461 256.2922 15.17297371470457
S-NET C                 
1 43189U 18014K   26245.32464330  .00002736  00000+0  14070-3 0  9995
2 43189  97.5296 149.9291 0011735  98.0421 262.2145 15.17247597469000
ZHANGHENG 1-01 (CSES-1) 
1 43194U 18015C   26245.31446051  .00003823  00000+0  17449-3 0  9992
2 43194  97.6950  52.5453 0015672   4.2581 355.8785 15.21143933476363
BEIDOU-3 M4             
1 43207U 18018A   26244.98596811 -.00000006  00000+0  00000+0 0  9994
2 43207  56.7218  60.6201 0006332  42.4001 317.6866  1.86230835 58171
BEIDOU-3 M3             
1 43208U 18018B   26243.97856575 -.00000006  00000+0  00000+0 0  9999
2 43208  56.7198  60.6572 0005768 349.8438  10.1843  1.86231147 58155
PAZ                     
1 43215U 18020A   26245.56813164  .00000954  00000+0  48618-4 0  9997
2 43215  97.4460 251.8604 0001695  89.8578 270.2851 15.19141306472750
GOES 17                 
1 43226U 18022A   26245.51101090 -.00000181  00000+0  00000+0 0  9995
2 43226   1.1288  84.4187 0001154 129.3372 222.3669  1.00269870 31196
HISPASAT 30W-6          
1 43228U 18023A   26245.45150523 -.00000215  00000+0  00000+0 0  9994
2 43228   0.0410  50.0143 0003489  80.8086 343.3337  1.00270998 31188
PODSAT                  
1 43229U 18023B   26245.48145679  .00061192 -30769-6  50505-3 0  9996
2 43229  26.8206 295.4700 3429329  68.7281 324.2053  8.67333834199459
O3B FM15                
1 43231U 18024A   26245.05062316 -.00000015  00000+0  00000+0 0  9995
2 43231   0.0558 356.3245 0002566 165.2951 198.3919  5.00115809154873
O3B FM16                
1 43232U 18024B   26245.10292697 -.00000015  00000+0  00000+0 0  9999
2 43232   0.0579 359.8489 0002565 160.3115 199.8517  5.00115980154793
O3B FM14                
1 43233U 18024C   26245.34365460 -.00000015  00000+0  00000+0 0  9995
2 43233   0.0574   1.1938 0002826 159.3949 199.4242  5.00115787154806
O3B FM13                
1 43234U 18024D   26245.40955603 -.00000015  00000+0  00000+0 0  9997
2 43234   0.0580 342.4215 0001201 109.1662 268.4281  5.00115630154913
LKW-4                   
1 43236U 18025A   26245.04268844  .00043245  00000+0  37868-3 0  9991
2 43236  97.6378  62.3429 0002430  33.4175 326.7239 15.68779061472058
BEIDOU-3 M9             
1 43245U 18029A   26245.27086509 -.00000022  00000+0  00000+0 0  9997
2 43245  54.1214 297.2475 0001685 223.9110 136.1470  1.86228279 57336
BEIDOU-3 M10            
1 43246U 18029B   26244.66787149 -.00000022  00000+0  00000+0 0  9998
2 43246  54.1193 297.2951 0002700  18.6567 341.4265  1.86229407 57300
IRIDIUM 144             
1 43249U 18030A   26245.60387847  .00000077  00000+0  20275-4 0  9999
2 43249  86.3906 258.0196 0002230  88.1923 271.9528 14.34217281441236
IRIDIUM 149             
1 43250U 18030B   26245.61022382  .00000077  00000+0  20416-4 0  9999
2 43250  86.3905 257.9831 0002337  91.7451 268.4013 14.34218194441251
IRIDIUM 157             
1 43251U 18030C   26245.55948132  .00000074  00000+0  19531-4 0  9996
2 43251  86.3907 258.0593 0002309  90.7721 269.3739 14.34218652441220
IRIDIUM 140             
1 43252U 18030D   26245.57850948  .00000080  00000+0  21584-4 0  9994
2 43252  86.3907 258.0637 0002322  90.4192 269.7270 14.34218609441286
IRIDIUM 145             
1 43253U 18030E   26245.56582458  .00000081  00000+0  21733-4 0  9999
2 43253  86.3906 258.0411 0002207  83.7477 276.3971 14.34218416441210
IRIDIUM 146             
1 43254U 18030F   26245.61656280  .00000080  00000+0  21511-4 0  9994
2 43254  86.3906 258.0318 0002255  88.1981 271.9473 14.34218871441234
IRIDIUM 148             
1 43255U 18030G   26245.58485086  .00000044  00000+0  84819-5 0  9996
2 43255  86.3907 258.0894 0002198  91.6623 268.4825 14.34217177441266
IRIDIUM 142             
1 43256U 18030H   26245.55313857  .00000078  00000+0  20643-4 0  9991
2 43256  86.3904 257.9888 0002197  87.4923 272.6524 14.34218693441223
IRIDIUM 150             
1 43257U 18030J   26245.31212156  .00000066  00000+0  16375-4 0  9990
2 43257  86.3906 258.2085 0002309  88.9102 271.2358 14.34218285441215
IRIDIUM 143             
1 43258U 18030K   26245.57216645  .00000078  00000+0  20754-4 0  9995
2 43258  86.3910 258.1953 0002315  87.7188 272.4273 14.34220322441182
GAOFEN-1 02             
1 43259U 18031A   26245.62508559  .00000675  00000+0  10437-3 0  9990
2 43259  98.0456 307.9067 0004031 110.1707 249.9937 14.76470705454124
GAOFEN-1 03             
1 43260U 18031B   26245.60302833  .00000375  00000+0  61295-4 0  9993
2 43260  98.0449 307.7342 0003028 151.2108 208.9270 14.76472172454112
GAOFEN-1 04             
1 43262U 18031D   26245.57876541  .00000225  00000+0  39660-4 0  9998
2 43262  98.0457 307.9109 0001797 117.1899 242.9494 14.76465132454108
SUPERBIRD-B3            
1 43271U 18033A   26245.58862978 -.00000091  00000+0  00000+0 0  9993
2 43271   0.0160 229.7165 0001434 315.0675 170.8732  1.00271364 30833
HYLAS 4                 
1 43272U 18033B   26245.37959235 -.00000232  00000+0  00000+0 0  9991
2 43272   0.0724 271.4464 0001150 291.8893 241.3450  1.00269763 30835
YAOGAN-31 01A           
1 43275U 18034A   26245.58278503  .00000041  00000+0  17397-3 0  9998
2 43275  63.3920 252.1237 0281830   7.6609 352.8588 13.45465720412517
YAOGAN-31 01B           
1 43276U 18034B   26245.58423079  .00000086  00000+0  23429-3 0  9991
2 43276  63.3922 252.1296 0281843   7.6119 352.9051 13.45461416412632
YAOGAN-31 01C           
1 43277U 18034C   26245.58758980  .00000083  00000+0  23049-3 0  9999
2 43277  63.3931 251.4952 0282133   7.3481 353.1548 13.45449692412654
WEINA 1B                
1 43279U 18034E   26245.60346111  .00000014  00000+0  13825-3 0  9998
2 43279  63.3926 252.7034 0281846   8.0551 352.4862 13.45375325412620
IRNSS-1I                
1 43286U 18035A   26244.61296404  .00000084  00000+0  00000+0 0  9990
2 43286  28.9296  73.0045 0019817 176.8219   6.9175  1.00279203 30847
USA 283                 
1 43339U 18036A   26245.52058763  .00000000  00000+0  00000+0 0  9993
2 43339   0.0196 148.1447 0001095  95.1743  59.8450  1.00269341 26064
COSMOS 2526             
1 43432U 18037A   26245.26898553 -.00000343  00000+0  00000+0 0  9999
2 43432   0.0115 167.1597 0000424 273.7273 125.4580  1.00271027 30730
TESS                    
1 43435U 18038A   26250.65368729 -.00001173  00000+0  00000+0 0  9991
2 43435  56.1129  32.5552 4840503  66.1373  10.7235  0.06998157  1911
SENTINEL-3B             
1 43437U 18039A   26245.47279056  .00000045  00000+0  36770-4 0  9996
2 43437  98.6296 311.8800 0001600  86.2953 273.8410 14.26734946435142
ZHUHAI-1 OVS-02         
1 43440U 18040B   26245.63356042  .00003747  00000+0  14871-3 0  9990
2 43440  97.0389 258.3143 0003526  16.9515 343.1841 15.25918948464529
ZHUHAI-1 OHS-02         
1 43441U 18040C   26245.63880083  .00003872  00000+0  14928-3 0  9990
2 43441  97.0352 265.3319 0007736 326.1684  33.9062 15.26844786126098
USA 285                 
1 43445U 18036E   26243.18500225 -.00000175  00000+0  00000+0 0  9990
2 43445   7.2927  66.0180 0011296 169.2844  53.2633  1.02114935 27707
USA 286                 
1 43446U 18036F   26236.45941201 -.00000198  00000+0  00000+0 0  9991
2 43446   7.2743  66.0784 0010759 166.9425 180.7877  1.02122931 27617
APSTAR-6C               
1 43450U 18041A   26245.55529775  .00000000  00000+0  00000+0 0  9992
2 43450   0.0134 329.1753 0001854 265.9469  80.5080  1.00269483 30585
GAOFEN-5 01             
1 43461U 18043A   26245.19725390  .00000189  00000+0  48887-4 0  9995
2 43461  98.4663 218.4364 0001680 157.5598 202.5675 14.60650413442938
BANGABANDHUSAT-1        
1 43463U 18044A   26245.55235108 -.00000362  00000+0  00000+0 0  9995
2 43463   0.0108 187.8780 0002684 349.6274 122.1415  1.00269864 30482
GRACE-FO 1              
1 43476U 18047A   26245.62811301  .00002685  00000+0  69129-4 0  9996
2 43476  88.9983 187.3175 0011740 151.8482 208.3410 15.38750220461704
GRACE-FO 2              
1 43477U 18047B   26245.62838619  .00002678  00000+0  68948-4 0  9998
2 43477  88.9983 187.3171 0011752 151.8520 208.3373 15.38752263461704
IRIDIUM 161             
1 43478U 18047C   26244.98756153  .00000041  00000+0  62004-5 0  9999
2 43478  86.4443  56.3306 0002156  95.4832 264.6615 14.43279853436217
IRIDIUM 152             
1 43479U 18047D   26245.61465614  .00000047  00000+0  96608-5 0  9993
2 43479  86.3918  55.9301 0002178  91.4243 268.7202 14.34217926433587
IRIDIUM 147             
1 43480U 18047E   26245.62099679  .00000042  00000+0  77685-5 0  9999
2 43480  86.3920  55.9340 0002095  87.2300 272.9135 14.34217941433589
IRIDIUM 110             
1 43481U 18047F   26245.62734097  .00000034  00000+0  50844-5 0  9999
2 43481  86.3922  56.0253 0002183  97.8317 262.3127 14.34218309433572
IRIDIUM 162             
1 43482U 18047G   26244.98126009  .00000056  00000+0  10712-4 0  9999
2 43482  86.4442  56.2235 0002215  88.8801 271.2654 14.43279811436209
GAOFEN-6                
1 43484U 18048A   26245.60286082  .00000301  00000+0  50880-4 0  9993
2 43484  98.0900 308.4057 0009313 284.6714  75.3463 14.76430064444810
LUOJIA-1 01             
1 43485U 18048B   26245.60464524  .00000812  00000+0  95474-4 0  9998
2 43485  97.8058 322.5421 0007749 220.2801 139.7842 14.87519512445723
SES-12                  
1 43488U 18049A   26245.76139198 -.00000269  00000+0  00000+0 0  9998
2 43488   0.0186  87.9003 0001949 151.7975 111.3175  1.00270918 30199
FENGYUN 2H              
1 43491U 18050A   26245.54446439 -.00000129  00000+0  00000+0 0  9994
2 43491   3.2221  78.1079 0002701 147.3595  31.5270  1.00273137 30217
COSMOS 2527 [GLONASS-M] 
1 43508U 18053A   26245.04361079  .00000027  00000+0  00000+0 0  9993
2 43508  65.6237  71.3459 0006871 214.4264 145.5813  2.13102165 63912
PAKTES 1A               
1 43529U 18056A   26245.62449944  .00000884  00000+0  77419-4 0  9995
2 43529  98.1386  45.4746 0019778 216.8363 143.1501 14.99381596443529
PRSS-1                  
1 43530U 18056B   26245.56299978  .00000876  00000+0  11662-3 0  9998
2 43530  97.7753 311.2678 0001825  90.4588 269.6835 14.82089993439898
BEIDOU-2 IGSO-7         
1 43539U 18057A   26244.76456388 -.00000116  00000+0  00000+0 0  9997
2 43539  55.2139 162.4106 0108102 236.7853 329.3143  1.00280807 29896
TELSTAR 19V             
1 43562U 18059A   26245.51629760 -.00000279  00000+0  00000+0 0  9995
2 43562   0.0125 175.0999 0002835 352.3901 297.0424  1.00270265 29924
GSAT0221 (GALILEO 25)   
1 43564U 18060A   26237.28182826 -.00000090  00000+0  00000+0 0  9992
2 43564  57.1421 339.9161 0003631 268.6398  91.3447  1.70476440 50344
GSAT0222 (GALILEO 26)   
1 43565U 18060B   26239.26134237 -.00000083  00000+0  00000+0 0  9998
2 43565  57.1448 339.8664 0004255 238.6216 121.3694  1.70476192 50421
GSAT0219 (GALILEO 23)   
1 43566U 18060C   26242.41507177 -.00000076  00000+0  00000+0 0  9999
2 43566  57.1426 339.7826 0003514 273.9182  86.0846  1.70476242 50453
GSAT0220 (GALILEO 24)   
1 43567U 18060D   26240.28976461 -.00000079  00000+0  00000+0 0  9992
2 43567  57.1433 339.8408 0003194 267.3450  92.6548  1.70476219 50409
IRIDIUM 160             
1 43569U 18061A   26245.57317047  .00000158  00000+0  49424-4 0  9996
2 43569  86.3984  24.4266 0002098  93.5928 266.5508 14.34219943424468
IRIDIUM 166             
1 43570U 18061B   26245.59854321  .00000157  00000+0  49167-4 0  9994
2 43570  86.3983  24.3654 0002112  90.7413 269.4025 14.34219379424496
IRIDIUM 158             
1 43571U 18061C   26245.56683073  .00000156  00000+0  48562-4 0  9993
2 43571  86.3983  24.3886 0002211  93.1339 267.0110 14.34219300424457
IRIDIUM 165             
1 43572U 18061D   26245.59220094  .00000167  00000+0  52672-4 0  9996
2 43572  86.3985  24.4259 0002114  89.9829 270.1609 14.34219370424482
IRIDIUM 155             
1 43573U 18061E   26245.62391534  .00000153  00000+0  47732-4 0  9995
2 43573  86.3981  24.2779 0002188  91.0103 269.1343 14.34218328424456
IRIDIUM 154             
1 43574U 18061F   26245.60488657  .00000157  00000+0  49137-4 0  9992
2 43574  86.3985  24.4232 0002084  90.7140 269.4295 14.34219008424500
IRIDIUM 163             
1 43575U 18061G   26245.58585687  .00000155  00000+0  48332-4 0  9995
2 43575  86.3982  24.3440 0002170  94.2165 265.9279 14.34219590424475
IRIDIUM 156             
1 43576U 18061H   26245.56048725  .00000159  00000+0  49536-4 0  9992
2 43576  86.3982  24.3620 0002259  90.0625 270.0829 14.34219686424462
IRIDIUM 164             
1 43577U 18061J   26245.61122840  .00000152  00000+0  47213-4 0  9993
2 43577  86.3984  24.3823 0002047  90.5976 269.5455 14.34219420424519
IRIDIUM 159             
1 43578U 18061K   26245.57951617  .00000156  00000+0  48780-4 0  9995
2 43578  86.3982  24.3309 0002164  94.7620 265.3823 14.34219325424471
BEIDOU-3 M5             
1 43581U 18062A   26244.89175250  .00000042  00000+0  00000+0 0  9997
2 43581  54.0839 179.6980 0004467 305.8437  54.1144  1.86228805 55068
BEIDOU-3 M6             
1 43582U 18062B   26245.29250273  .00000039  00000+0  00000+0 0  9998
2 43582  54.0837 179.6737 0006138  25.1312 334.8989  1.86228083 55072
GAOFEN-11 01            
1 43585U 18063A   26245.58523012  .00014879  00000+0  20429-3 0  9996
2 43585  97.1206 312.3281 0005011  58.6844 301.4902 15.57405085452385
TELKOM 4 (MERAH PUTIH)  
1 43587U 18064A   26245.61919516 -.00000343  00000+0  00000+0 0  9992
2 43587   0.0054 143.9957 0001728  55.6337 113.0515  1.00270282 29653
BEIDOU-3 M12            
1 43602U 18067A   26245.23104028  .00000038  00000+0  00000+0 0  9995
2 43602  54.1796 178.4292 0008581  35.0488 325.0097  1.86227663 54558
BEIDOU-3 M11            
1 43603U 18067B   26244.82934902  .00000041  00000+0  00000+0 0  9996
2 43603  54.1770 178.4062 0005097  22.6581 337.3657  1.86227187 54572
HAIYANG-1C              
1 43609U 18068A   26245.61688898 -.00000004  00000+0  13968-4 0  9993
2 43609  98.5129 316.7794 0010133 219.4367 140.6081 14.34136714418181
TELSTAR 18V             
1 43611U 18069A   26245.51503272 -.00000293  00000+0  00000+0 0  9996
2 43611   0.0355 276.5242 0001976 251.9208 136.6605  1.00271102 29415
ICESAT-2                
1 43613U 18070A   26245.55128350  .00005221  00000+0  18949-3 0  9994
2 43613  92.0045 311.8811 0004541 134.9935 225.1683 15.28284064444278
SSTL S1-4               
1 43618U 18071A   26245.73103242  .00000676  00000+0  64128-4 0  9993
2 43618  97.4907 114.0769 0000300 309.9770  50.1425 14.96613517434535
NOVASAR 1               
1 43619U 18071B   26245.62853615  .00000207  00000+0  23150-4 0  9998
2 43619  97.4933 114.7269 0001332  92.0537 268.0838 14.96313097434510
BEIDOU-3 M13            
1 43622U 18072A   26243.70957954 -.00000006  00000+0  00000+0 0  9993
2 43622  56.6935  60.1708 0004403 332.2723  27.7441  1.86231333 54068
BEIDOU-3 M14            
1 43623U 18072B   26244.11195427 -.00000007  00000+0  00000+0 0  9990
2 43623  56.6957  60.1520 0004103  24.7273 335.3311  1.86231301 54064
AZERSPACE 2 (IS-38)     
1 43632U 18074A   26245.89409117  .00000000  00000+0  00000+0 0  9994
2 43632   0.0210 128.3932 0001397  52.4533 168.1722  1.00271758 29226
HORIZONS-3E             
1 43633U 18074B   26245.59072659 -.00000030  00000+0  00000+0 0  9993
2 43633   0.0097 190.6614 0000779   3.2491 169.4943  1.00272561 29119
CENTISPACE-1 S1         
1 43636U 18075A   26245.48231586  .00000286  00000+0  68597-4 0  9993
2 43636  97.8715 265.3789 0007379 231.7979 128.2558 14.60061016421839
SAOCOM 1A               
1 43641U 18076A   26245.57062478  .00000335  00000+0  48652-4 0  9997
2 43641  97.8898  71.2048 0001524  84.3089 275.8298 14.82160192427564
YAOGAN-32 A             
1 43642U 18077A   26245.53333725  .00000514  00000+0  10890-3 0  9992
2 43642  98.1445 273.1391 0001091  78.4362 281.6963 14.63255131421158
YAOGAN-32 B             
1 43643U 18077B   26245.53323091  .00000500  00000+0  10609-3 0  9991
2 43643  98.1449 273.0975 0005556 351.3954   8.7151 14.63256841421145
BEIDOU-3 M16            
1 43647U 18078A   26243.19238735 -.00000022  00000+0  00000+0 0  9996
2 43647  54.0191 297.3507 0006041  34.0689 326.0483  1.86232300 53559
BEIDOU-3 M15            
1 43648U 18078B   26244.39655973 -.00000022  00000+0  00000+0 0  9997
2 43648  54.0138 297.3083 0002675  42.9875 317.1075  1.86227427 53590
AEHF-4 (USA 288)        
1 43651U 18079A   26245.51551759 -.00000273  00000+0  00000+0 0  9992
2 43651   1.4197 357.0393 0068574   1.7290 100.9560  1.00271011 29074
HAIYANG-2B              
1 43655U 18081A   26245.63437946  .00000106  00000+0  14619-3 0  9992
2 43655  99.3317 253.2298 0001993  81.7251 278.4127 13.79305257395600
COSMOS 2528             
1 43657U 18082A   26245.27441654 -.00000056  00000+0  14088-4 0  9992
2 43657  67.1465 250.3944 0008011 262.5857  97.4317 13.96713896400714
CFOSAT                  
1 43662U 18083A   26245.62851099  .00002073  00000+0  11034-3 0  9993
2 43662  97.3649 247.8931 0001752 133.7756 226.3622 15.16319611434178
GOSAT 2 (IBUKI 1)       
1 43672U 18084B   26245.28348566  .00001122  00000+0  14049-3 0  9990
2 43672  97.8849 355.8607 0001470  90.5466 269.5916 14.84222103424998
KHALIFASAT              
1 43676U 18084F   26245.63635940  .00000731  00000+0  61566-4 0  9990
2 43676  98.0866  71.1971 0004172 210.1954 149.9029 15.01539927427398
TEN-KOH                 
1 43677U 18084G   26245.27986780  .00001440  00000+0  11132-3 0  9993
2 43677  98.0758  80.9023 0008648 212.1720 147.8977 15.03211461427740
DIWATA-2B               
1 43678U 18084H   26245.58720127  .00001144  00000+0  95447-4 0  9992
2 43678  98.1188  85.2020 0010738 271.1799  88.8193 15.00697400427829
STARS-AO                
1 43679U 18084J   26245.35753427  .00003705  00000+0  18707-3 0  9995
2 43679  98.0403 104.0962 0000500 246.7744 113.3435 15.17792680429175
AUTCUBE 2               
1 43681U 18084K   26244.55327216  .00002182  00000+0  13659-3 0  9991
2 43681  98.0633  94.7798 0009753 137.1050 223.0940 15.10525109428450
BEIDOU-3 G1             
1 43683U 18085A   26245.67217841 -.00000108  00000+0  00000+0 0  9999
2 43683   2.5829  95.1960 0006315  19.6616 269.0120  1.00272148 28832
COSMOS 2529 [GLONASS-M] 
1 43687U 18086A   26245.13960507  .00000055  00000+0  00000+0 0  9999
2 43687  64.2971 189.9972 0010973 255.4267 104.4487  2.13101972 60926
METOP-C                 
1 43689U 18087A   26245.49424735  .00000043  00000+0  39329-4 0  9997
2 43689  98.6573 303.6569 0000612  44.9821 315.1406 14.21512996405817
GSAT-29                 
1 43698U 18089A   26245.53961103  .00000086  00000+0  00000+0 0  9995
2 43698   0.0779 270.3880 0001686 243.2802  77.2830  1.00271067 28567
ES'HAIL 2               
1 43700U 18090A   26245.24870544  .00000146  00000+0  00000+0 0  9994
2 43700   0.0244 241.3946 0002655 317.1353 258.2127  1.00272845 28440
BEIDOU-3 M17            
1 43706U 18093A   26245.36477228  .00000038  00000+0  00000+0 0  9998
2 43706  54.1671 179.6800 0008898 300.8721 239.7703  1.86228192 52974
BEIDOU-3 M18            
1 43707U 18093B   26244.95935126  .00000041  00000+0  00000+0 0  9993
2 43707  54.1684 179.6857 0007563 332.9148  27.0455  1.86226707 52969
SHIYAN-6 01 (SY-6 01)   
1 43711U 18094B   26245.46745773  .00002784  00000+0  97483-4 0  9995
2 43711  97.3606 258.8905 0011168 228.6774 131.3507 15.30291784433302
MOHAMMED VI-B           
1 43717U 18095A   26245.60611065  .00000054  00000+0  14846-4 0  9994
2 43717  97.9497 316.8389 0001080  80.8786 279.2546 14.77082536419612
HYSIS                   
1 43719U 18096A   26245.55872850  .00001005  00000+0  14431-3 0  9998
2 43719  97.9774 311.6728 0000922  98.0664 262.0651 14.78637746418854
COSMOS 2530 (RODNIK-S *)
1 43751U 18097A   26245.65417563 -.00000009  00000+0 -13922-3 0  9991
2 43751  82.5188 174.2124 0018122 225.7056 134.2538 12.42882700351915
COSMOS 2531 (RODNIK-S *)
1 43752U 18097B   26245.59399900 -.00000020  00000+0 -21771-3 0  9993
2 43752  82.5233 175.3340 0015178 246.3392 113.6095 12.42914193351921
COSMOS 2532 (RODNIK-S *)
1 43753U 18097C   26245.62242988  .00000116  00000+0  76937-3 0  9999
2 43753  82.5178 174.0675 0016568 248.7049 111.2262 12.42911827351893
MINXSS-2                
1 43758U 18099A   26245.19645625  .00032607  00000+0  53562-3 0  9992
2 43758  97.4461 324.0156 0005500 347.0328  13.0782 15.52328374426056
SIRION PATHFINDER-2     
1 43759U 18099B   26245.40046647  .00002687  00000+0  14682-3 0  9991
2 43759  97.4186 292.6243 0009604  41.4696 318.7263 15.15116626424310
STPSAT-5                
1 43762U 18099E   26245.09471757  .00002918  00000+0  16307-3 0  9997
2 43762  97.4017 292.7861 0004654  78.2899 281.8855 15.14264503424502
HAWK-A                  
1 43765U 18099H   26245.11425471  .00004131  00000+0  16313-3 0  9991
2 43765  97.3840 296.3619 0034412  17.3187 342.9217 15.25531974424825
SPAWAR-CAL-O            
1 43766U 18099J   26245.43608968  .00013276  00000+0  35898-3 0  9990
2 43766  97.4251 310.1830 0007637  25.0284 335.1330 15.37817048425380
CORVUS BC4              
1 43767U 18099K   26245.04999845  .00002679  00000+0  15511-3 0  9990
2 43767  97.4004 285.7819 0009944  95.0712 265.1654 15.13022133424025
AISTECHSAT 2            
1 43768U 18099L   26245.12706648  .00003137  00000+0  16611-3 0  9999
2 43768  97.4225 291.4851 0005684  48.3069 311.8649 15.16127538423934
FOX-1CLIFF (AO-95)      
1 43770U 18099N   26245.11752866  .00007958  00000+0  29188-3 0  9992
2 43770  97.4308 305.1308 0009897  79.5968 280.6387 15.28196807424967
RANGE-A                 
1 43773U 18099R   26245.39009043  .00002900  00000+0  16325-3 0  9998
2 43773  97.3906 285.7149 0011876  82.1578 278.1002 15.13949981424178
SPAWAR-CAL-R            
1 43776U 18099U   26245.56737084  .00001190  00000+0  85541-4 0  9990
2 43776  97.4328 283.2182 0021668  95.8775 264.4923 15.05909906423645
SPAWAR-CAL-OR           
1 43778U 18099W   26244.61579117  .00006374  00000+0  26144-3 0  9990
2 43778  97.3724 291.6326 0012344  53.8561 306.3817 15.24524334424296
SNUSAT-2                
1 43782U 18099AA  26245.10460579  .00005175  00000+0  22347-3 0  9990
2 43782  97.3981 297.3328 0010718  34.9580 325.2358 15.22887829424733
KAZSTSAT                
1 43783U 18099AB  26245.54853715  .00000672  00000+0  58443-4 0  9991
2 43783  97.4216 273.9678 0011850 147.1884 213.0078 15.00001073422901
SNUGLITE                
1 43784U 18099AC  26245.42116982  .00006347  00000+0  23043-3 0  9999
2 43784  97.3793 298.9930 0003454  46.1401 314.0124 15.28651759425115
ITASAT                  
1 43786U 18099AE  26245.13636466  .00004033  00000+0  19051-3 0  9997
2 43786  97.3954 295.1283 0014027  85.2785 275.0052 15.19898979424597
EAGLET-I                
1 43790U 18099AJ  26245.55389517  .00002693  00000+0  15402-3 0  9996
2 43790  97.4160 293.1700 0012615  80.3946 279.8710 15.13440793424033
ESEO                    
1 43792U 18099AL  26245.53828978  .00000283  00000+0  24386-4 0  9990
2 43792  97.3918 279.6030 0013691  71.9260 288.3457 15.04438959423437
HAWK-B                  
1 43794U 18099AN  26245.09843703  .00004015  00000+0  16823-3 0  9999
2 43794  97.3886 295.5960 0032326  36.0145 324.3261 15.23624746424743
THEA                    
1 43796U 18099AQ  26245.45210220  .00012179  00000+0  33297-3 0  9997
2 43796  97.4367 316.0077 0006956  21.4319 338.7215 15.37501969424552
SKYSAT-C12              
1 43797U 18099AR  26245.04489846  .00012419  00000+0  21374-3 0  9995
2 43797  96.9245 265.3029 0002669 204.7327 155.3798 15.51213700433768
ASTROCAST 0.1           
1 43798U 18099AS  26245.49327847  .00029193  00000+0  43704-3 0  9995
2 43798  97.4313 326.6849 0002551 298.9359  61.1639 15.54934338426425
HAWK-C                  
1 43799U 18099AT  26245.56640490  .00005097  00000+0  17849-3 0  9994
2 43799  97.3813 298.1118 0039567  13.8730 346.3587 15.29196748425736
ICEYE-X2                
1 43800U 18099AU  26245.58820985  .00004126  00000+0  20283-3 0  9996
2 43800  97.4282 298.0779 0011096  41.3868 318.8205 15.18536922424568
JY1SAT (JO-97)          
1 43803U 18099AX  26245.15795822  .00011342  00000+0  32612-3 0  9990
2 43803  97.4050 308.3564 0005124  12.9635 347.1740 15.35955015425435
SUOMI-100               
1 43804U 18099AY  26245.41777020  .00007378  00000+0  25589-3 0  9999
2 43804  97.4107 305.5833 0009629  16.7702 343.3855 15.30061507425229
EUCROPIS                
1 43807U 18099BB  26245.42890129  .00004626  00000+0  20815-3 0  9999
2 43807  97.4148 300.0534 0006121  42.0909 318.0796 15.21572352424205
POLAR SCOUT YUKON       
1 43808U 18099BC  26245.48358180  .00015002  00000+0  36508-3 0  9998
2 43808  97.4622 319.7888 0005328  61.2138 298.9643 15.41034833425406
CENTAURI-1              
1 43809U 18099BD  26245.13190387  .00003083  00000+0  15876-3 0  9995
2 43809  97.4150 295.2053 0015374  64.2961 295.9858 15.17042686424169
NEXTSAT-1               
1 43811U 18099BF  26245.05746728  .00001978  00000+0  12888-3 0  9996
2 43811  97.4009 285.0721 0013706  75.0513 285.2232 15.08955209423479
GLOBAL-2                
1 43812U 18099BG  26245.06847034  .00001212  00000+0  80369-4 0  9991
2 43812  97.3508 278.3838 0004205 241.6757 118.4049 15.09048603423501
FALCONSAT-6             
1 43815U 18099BK  26245.23100825  .00002301  00000+0  87327-4 0  9994
2 43815  97.3745 320.4185 0016051  35.0365  30.6476 15.27753976425498
EXCITE                  
1 43819U 18099BP  26245.05297174  .00001809  00000+0  12509-3 0  9993
2 43819  97.3917 280.7764 0019780  88.5791 271.7702 15.06774846423328
SEAHAWK-1               
1 43820U 18099BQ  26245.11967439  .00005057  00000+0  21195-3 0  9990
2 43820  97.3884 296.4632 0009113  48.3124 311.8892 15.23931779424241
GEO-KOMPSAT-2A          
1 43823U 18100A   26243.00169725  .00000000  00000+0  00000+0 0  9995
2 43823   0.0201 109.3380 0001753   6.8875 351.8379  1.00269640 28384
GSAT-11                 
1 43824U 18100B   26245.47218407 -.00000076  00000+0  00000+0 0  9995
2 43824   0.1074 268.8869 0006849 207.6570 109.0830  1.00272228 28258
SAUDISAT 5A             
1 43831U 18102A   26245.61570444  .00003125  00000+0  11445-3 0  9999
2 43831  97.2989 305.7096 0008521 209.9686 150.1067 15.28730925427501
SAUDISAT 5B             
1 43833U 18102C   26245.62246373  .00003006  00000+0  10946-3 0  9996
2 43833  97.3101 308.9262 0009164 213.1864 146.8803 15.28952420427628
GSAT-7A                 
1 43864U 18105A   26245.54117104  .00000028  00000+0  00000+0 0  9990
2 43864   0.0163 176.0070 0001861 358.5375  64.7544  1.00270493 28220
COSMOS 2533             
1 43867U 18107A   26245.40004578 -.00000038  00000+0  00000+0 0  9992
2 43867   0.0153 136.6081 0000134 103.4749 315.5093  1.00273355 28226
HONGYUN 1               
1 43871U 18108A   26245.60909713  .00000071  00000+0  17593-3 0  9990
2 43871  99.7455 265.9331 0010831 229.0281 130.9918 13.51560973379549
NAVSTAR 77 (USA 289)    
1 43873U 18109A   26245.30183764  .00000011  00000+0  00000+0 0  9995
2 43873  55.7318  89.1442 0039722 196.2440 168.0925  2.00564609 56625
TJS-3                   
1 43874U 18110A   26245.68350095 -.00000076  00000+0  00000+0 0  9994
2 43874   2.7371  79.4895 0003973 135.2277 172.8471  1.00451702 28199
KANOPUS-V 5             
1 43876U 18111A   26245.60270947  .00001615  00000+0  72855-4 0  9997
2 43876  97.3488 149.4831 0001935  86.0905 274.0553 15.22411516426562
KANOPUS-V 6             
1 43877U 18111B   26245.60281801  .00003477  00000+0  87083-4 0  9996
2 43877  97.3649 163.3156 0001799  90.8250 269.3203 15.40769865427441
ISAT                    
1 43879U 18111D   26245.33378211  .00262877  00000+0  98564-3 0  9996
2 43879  97.5803 187.5472 0007032 112.9981 247.2033 15.87185362423301
UWE-4                   
1 43880U 18111E   26245.31022273  .00028132  00000+0  48683-3 0  9991
2 43880  97.5814 177.5197 0009094  58.9374 301.2769 15.50863867422717
GRUS-1A                 
1 43890U 18111Q   26245.61273235  .00000607  00000+0  54855-4 0  9997
2 43890  97.4384 109.2539 0006973 259.2747 100.7692 14.98837826419309
YUNHAI-2 01A            
1 43909U 18112A   26245.58519289 -.00000206  00000+0 -17475-4 0  9991
2 43909  50.0085  75.6528 0000304 114.0284 246.0664 14.29046321402157
YUNHAI-2 01B            
1 43910U 18112B   26245.60640795 -.00000032  00000+0  50850-4 0  9993
2 43910  50.0102 139.2227 0004798 134.7173 225.4134 14.29027432401311
YUNHAI-2 01C            
1 43911U 18112C   26245.56415384 -.00000222  00000+0 -23703-4 0  9992
2 43911  50.0125  18.9977 0000610  74.0896 286.0087 14.29022187402851
YUNHAI-2 01D            
1 43912U 18112D   26245.60602985  .00000016  00000+0  69382-4 0  9995
2 43912  50.0115 318.7869 0015720 256.9584 102.9576 14.29056695398657
YUNHAI-2 01E            
1 43913U 18112E   26245.63413841  .00000007  00000+0  66216-4 0  9993
2 43913  50.0058 197.9657 0005301 279.9904  80.0413 14.29036514400233
HONGYAN 1 (CHONGQING)   
1 43914U 18112F   26245.50670347 -.00000087  00000+0  72113-4 0  9998
2 43914  50.0097 312.6227 0006787 134.6680 225.4753 13.43823831376935
YUNHAI-2 01F            
1 43915U 18112G   26245.51301192 -.00000153  00000+0  31995-5 0  9997
2 43915  50.0101 259.4087 0007371 240.3014 119.7168 14.29052968399367
ZHONGXING-2D            
1 43920U 19001A   26245.55451775 -.00000336  00000+0  00000+0 0  9998
2 43920   0.0613 292.2200 0001287   9.6404   9.4973  1.00270921 54854
IRIDIUM 180             
1 43922U 19002A   26245.29994580  .00000147  00000+0  45470-4 0  9992
2 43922  86.4000 321.3815 0002202  96.1001 264.0445 14.34220807400040
IRIDIUM 176             
1 43923U 19002B   26245.57420612  .00000458  00000+0  68682-4 0  9999
2 43923  86.6121 321.1997 0002376  93.9943 266.1545 14.72252997410635
IRIDIUM 168             
1 43924U 19002C   26245.57266977  .00000145  00000+0  44830-4 0  9994
2 43924  86.4003 321.3470 0002193  95.9536 264.1910 14.34219186400069
IRIDIUM 173             
1 43925U 19002D   26245.62975170  .00000153  00000+0  47620-4 0  9992
2 43925  86.3999 321.2088 0002254  95.1732 264.9721 14.34219718400053
IRIDIUM 169             
1 43926U 19002E   26245.32003716  .00000180  00000+0  52230-4 0  9991
2 43926  86.4281 352.9559 0002566  89.7415 270.4077 14.38606631401310
IRIDIUM 172             
1 43927U 19002F   26245.62341036  .00000151  00000+0  46771-4 0  9996
2 43927  86.4000 321.2198 0002212  95.9051 264.2397 14.34219408400066
IRIDIUM 175             
1 43928U 19002G   26245.07577282  .00000091  00000+0  20855-4 0  9998
2 43928  86.4460 258.3691 0002829  13.5172 346.6105 14.43643324410071
IRIDIUM 171             
1 43929U 19002H   26245.60438405  .00000145  00000+0  44751-4 0  9992
2 43929  86.4010 321.5424 0002197  92.6007 267.5441 14.34218587400053
IRIDIUM 170             
1 43930U 19002J   26245.24054429  .00000466  00000+0  70013-4 0  9990
2 43930  86.6119 321.3408 0002384  96.7027 263.4461 14.72246952410598
IRIDIUM 167             
1 43931U 19002K   26245.59803703  .00000150  00000+0  46350-4 0  9993
2 43931  86.4000 321.2533 0002245  87.7651 272.3802 14.34219988400058
JILIN-1 09              
1 43943U 19005B   26245.55644840  .00002950  00000+0  13584-3 0  9992
2 43943  97.4733 339.8882 0002791 145.7677 214.3739 15.21091485420905
JILIN-1 10              
1 43946U 19005E   26245.56281172  .00003723  00000+0  14554-3 0  9998
2 43946  97.4794 344.4140 0008248  18.1433 342.0098 15.26468555421112
HELLAS-SAT 4 & SGS-1    
1 44034U 19007A   26245.82162557  .00000153  00000+0  00000+0 0  9994
2 44034   0.0596 131.3308 0006150  27.4110 158.0315  1.00269411 28156
GSAT-31                 
1 44035U 19007B   26245.53822436  .00000126  00000+0  00000+0 0  9992
2 44035   0.0462 276.9614 0003697 312.9902 353.3518  1.00271945 27743
EGYPTSAT-A (MISRSAT-A)  
1 44047U 19008A   26245.61835873  .00000452  00000+0  79405-4 0  9996
2 44047  98.0126 309.3174 0001288  70.7486 289.3861 14.72283889404631
NUSANTARA SATU          
1 44048U 19009A   26243.49697359 -.00000231  00000+0  00000+0 0  9993
2 44048   0.0236 136.5717 0004694   9.2120 158.8200  1.00271223 27528
ONEWEB-0012             
1 44057U 19010A   26245.61806909  .00000038  00000+0  64731-4 0  9994
2 44057  87.9116 213.4037 0002330  94.7322 265.4075 13.16593195361753
ONEWEB-0010             
1 44058U 19010B   26245.18741233  .00001456  00000+0  37735-2 0  9992
2 44058  87.9126 213.4879 0001994  73.9641 286.1710 13.16608218361745
ONEWEB-0008             
1 44059U 19010C   26245.28875741  .00000114  00000+0  26373-3 0  9993
2 44059  87.9123 213.4625 0001726  90.2847 269.8481 13.16594957361876
ONEWEB-0007             
1 44060U 19010D   26245.08087531  .00000114  00000+0  26864-3 0  9990
2 44060  87.8961 243.8878 0002304  86.7542 273.3852 13.15547318361486
ONEWEB-0006             
1 44061U 19010E   26245.46513179  .00000041  00000+0  73656-4 0  9996
2 44061  87.8970 243.7832 0001916  84.2766 275.8582 13.15549300361586
ONEWEB-0011             
1 44062U 19010F   26245.05315965  .00000071  00000+0  15364-3 0  9999
2 44062  87.8971 243.8765 0001870  84.0155 276.1188 13.15549269361527
S5                      
1 44065U 19009D   26245.37491233 -.00000217  00000+0  00000+0 0  9998
2 44065   6.7526  69.8813 0004856 131.8000 217.9247  0.99338109 27203
ZHONGXING-6C            
1 44067U 19012A   26245.55451775 -.00000334  00000+0  00000+0 0  9991
2 44067   0.0307 327.1337 0014063  96.4627 248.1858  1.00274071 27510
WGS 10 (USA 291)        
1 44071U 19014A   26245.54073771  .00000047  00000+0  00000+0 0  9993
2 44071   0.0095 133.7376 0000472 146.5694 316.3725  1.00271209 27390
PRISMA                  
1 44072U 19015A   26245.56422589  .00000720  00000+0  93606-4 0  9999
2 44072  97.8737 319.2133 0001465  83.8661 276.2720 14.83652683403526
TIANLIAN 2-01           
1 44076U 19017A   26245.54403105 -.00000106  00000+0  00000+0 0  9996
2 44076   0.7321  82.6549 0003048 119.4541  52.4546  1.00271253 27422
EMISAT                  
1 44078U 19018A   26245.56221448  .00000087  00000+0  38688-4 0  9994
2 44078  98.4576 303.9083 0018137 349.0016  11.0775 14.43665732391222
O3B FM20                
1 44112U 19020A   26244.77006155 -.00000014  00000+0  00000+0 0  9997
2 44112   0.0542 353.1261 0002244 164.7852 202.1006  5.00115697135409
O3B FM19                
1 44113U 19020B   26244.19735504 -.00000014  00000+0  00000+0 0  9991
2 44113   0.0747 330.9469 0002922 175.9045 213.1690  5.00116136135243
O3B FM17                
1 44114U 19020C   26245.47691949 -.00000015  00000+0  00000+0 0  9999
2 44114   0.0460  13.7772 0002554 149.0745 197.1589  5.00115664135387
O3B FM18                
1 44115U 19020D   26245.42328709 -.00000015  00000+0  00000+0 0  9996
2 44115   0.0545 352.7998 0002740 169.1412 198.0707  5.00115395135517
ARABSAT-6A              
1 44186U 19021A   26244.89328081  .00000155  00000+0  00000+0 0  9992
2 44186   0.0586 329.4598 0005554 285.7417  77.8989  1.00262779 26928
BEIDOU-3 IGSO-1         
1 44204U 19023A   26240.34823663 -.00000187  00000+0  00000+0 0  9993
2 44204  58.7997  36.9119 0027056 222.6066 321.7076  1.00270870  7934
TIANHUI 2-01A           
1 44207U 19024A   26245.47929195  .00001044  00000+0  56579-4 0  9992
2 44207  97.4841 248.4004 0001457 112.2621 247.8767 15.16766090113856
TIANHUI 2-01B           
1 44209U 19024C   26245.47929302  .00001052  00000+0  56983-4 0  9992
2 44209  97.4841 248.3985 0001858  97.7358 262.4086 15.16766096406425
BEIDOU-2 G8             
1 44231U 19027A   26245.55737777 -.00000246  00000+0  00000+0 0  9991
2 44231   1.8467  74.3534 0008950 280.8096 331.6964  1.00275331 26858
RISAT-2B                
1 44233U 19028A   26245.36664525  .00001448  00000+0  11647-3 0  9990
2 44233  36.9966 256.5584 0008545 297.2372  62.7500 15.01318256399436
COSMOS 2534 [GLONASS-M] 
1 44299U 19030A   26245.66200302  .00000052  00000+0  00000+0 0  9994
2 44299  64.3707 190.0089 0012368 275.6366 259.6325  2.13102212 56578
YAMAL 601               
1 44307U 19031A   26245.82361891  .00000120  00000+0  00000+0 0  9990
2 44307   0.0107 126.6425 0002263  36.8440 163.9931  1.00272509 26705
BUFENG 1A               
1 44310U 19032A   26245.56393256  .00008096  00000+0  28536-3 0  9994
2 44310  44.9724 353.2427 0010594 331.9807  28.0505 15.29747112399033
BUFENG 1B               
1 44311U 19032B   26245.47211153  .00005384  00000+0  19621-3 0  9992
2 44311  44.9720 307.3994 0025327  52.9544 307.3651 15.29049803399573
JILIN-1 GAOFEN 3A       
1 44312U 19032C   26245.47815691  .00006550  00000+0  20354-3 0  9991
2 44312  44.9740 291.0580 0006368  26.0784 334.0421 15.34142257399708
TIANQI-3                
1 44314U 19032E   26245.37254624  .00009356  00000+0  23038-3 0  9994
2 44314  44.9996 270.4730 0008943  53.8581 306.3134 15.40925428399973
WT 1B                   
1 44316U 19032G   26245.61032206  .00007174  00000+0  26325-3 0  9991
2 44316  44.9723 357.8745 0011247 327.4606  32.5583 15.28575615398923
RCM-1                   
1 44322U 19033A   26245.64427536  .00000805  00000+0  83657-4 0  9992
2 44322  97.7601 251.9975 0001511  90.3881 336.4281 14.92589087393636
RCM-3                   
1 44323U 19033B   26245.72150354  .00000256  00000+0  30291-4 0  9999
2 44323  97.7602 252.1678 0001506  90.0383 270.1009 14.92588149393662
RCM-2                   
1 44324U 19033C   26245.67667225  .00000219  00000+0  26734-4 0  9990
2 44324  97.7599 252.0740 0001529  90.5375 269.6020 14.92587769393649
AT&T T-16               
1 44333U 19034A   26245.50875756 -.00000114  00000+0  00000+0 0  9991
2 44333   0.0140 104.3726 0000264 264.7896  54.7936  1.00272742 26402
EUTELSAT 7C             
1 44334U 19034B   26245.31630573  .00000049  00000+0  00000+0 0  9993
2 44334   0.0739 179.7948 0003187 331.0761 311.4688  1.00270376  7604
BEIDOU-3 IGSO-2         
1 44337U 19035A   26241.71502684 -.00000141  00000+0  00000+0 0  9992
2 44337  55.2506 158.2181 0038917 211.5634 345.2616  1.00278019 26409
PROX-1                  
1 44339U 19036A   26244.59620286  .00008497  00000+0  78523-3 0  9993
2 44339  23.9957 323.1819 0005234 194.3026 165.7326 14.92231047384891
NPSAT1                  
1 44340U 19036B   26245.58491346  .00003276  00000+0  43793-3 0  9999
2 44340  23.9990  73.4137 0007614   5.7344 354.3239 14.75194162383930
OTB                     
1 44341U 19036C   26244.95098035  .00000913  00000+0  15036-3 0  9992
2 44341  23.9953 213.9708 0011194 128.6485 231.5010 14.57327762382581
FORMOSAT 7-3            
1 44343U 19036E   26245.03195076  .00003215  00000+0  17052-3 0  9995
2 44343  24.0004   9.4414 0001101 101.8444 258.2183 15.10302790394875
DSX                     
1 44344U 19036F   26237.28946213 -.00000046  00000+0  00000+0 0  9992
2 44344  42.3102 325.4443 1967321  45.4755 329.0440  4.54371676118934
FORMOSAT 7-1            
1 44349U 19036L   26244.98547239  .00001827  00000+0  13000-3 0  9992
2 44349  23.9971 234.5289 0000659  24.7774 335.2758 14.96770965396174
FORMOSAT 7-4            
1 44350U 19036M   26245.47477877  .00001710  00000+0  11998-3 0  9994
2 44350  23.9982 293.3396 0001234  32.0015 328.0561 14.96779319395667
FORMOSAT 7-2            
1 44351U 19036N   26245.56390090  .00001842  00000+0  13124-3 0  9995
2 44351  23.9992 347.0537 0000811  38.8006 321.2553 14.96777291395198
FORMOSAT 7-6            
1 44353U 19036Q   26245.09649865  .00001866  00000+0  13329-3 0  9995
2 44353  23.9968 171.0095 0000847 275.3152  84.7252 14.96782107393351
FORMOSAT 7-5            
1 44358U 19036V   26244.94129732  .00001968  00000+0  14206-3 0  9997
2 44358  23.9981 110.8212 0000342  42.7218 317.3310 14.96763573393864
METEOR-M2 2             
1 44387U 19038A   26245.58520723  .00000324  00000+0  15988-3 0  9990
2 44387  98.9225 234.0406 0001890 120.1164 240.0202 14.24384209372318
ICEYE-X4                
1 44390U 19038D   26245.56321554  .00006979  00000+0  23641-3 0  9990
2 44390  97.8708 283.0971 0013547  39.6774 320.5455 15.30839328393637
MOMENTUS-X1             
1 44408U 19038Y   26245.10291782  .00045596  00000+0  32233-3 0  9994
2 44408  97.6650 297.9063 0007351  92.0335 268.1771 15.73865165398626
COSMOS 2538             
1 44424U 19039D   26245.60042501  .00003892  00000+0  17231-3 0  9995
2 44424  97.5831 325.5525 0042538 133.3892 227.0898 15.21448738391676
YAOGAN-30 06A           
1 44449U 19045A   26245.23551558  .00001895  00000+0  14007-3 0  9994
2 44449  34.9926 220.3589 0004571 239.0175 121.0085 15.03004318388217
YAOGAN-30 06B           
1 44450U 19045B   26245.61136828  .00001652  00000+0  12240-3 0  9995
2 44450  34.9914 217.5886 0007815  28.0225 332.0903 15.03016020388317
YAOGAN-30 06C           
1 44451U 19045C   26245.25675228  .00001664  00000+0  12339-3 0  9990
2 44451  34.9926 219.6534 0001083 272.3065  87.7519 15.02994363388154
MERIDIAN 8              
1 44453U 19046A   26245.48653068  .00000077  00000+0  00000+0 0  9991
2 44453  63.2102  40.7230 7093679 275.0412  14.6101  2.00604668 51892
COSMOS 2539             
1 44457U 19048A   26245.99527201  .00000080  00000+0  00000+0 0  9996
2 44457   0.0131 121.7176 0000207 184.1135  46.6111  1.00271326 26007
EDRS-C                  
1 44475U 19049A   26245.55694443 -.00000261  00000+0  00000+0 0  9994
2 44475   0.0252 217.4498 0001072 321.3675 145.8946  1.00271297 25987
INTELSAT 39 (IS-39)     
1 44476U 19049B   26245.89747117  .00000000  00000+0  00000+0 0  9999
2 44476   0.0177 142.4168 0000096 305.5951 279.0601  1.00270355 25905
AMOS-17                 
1 44479U 19050A   26245.53215767  .00000110  00000+0  00000+0 0  9998
2 44479   0.0374 343.4657 0001541 184.6342  22.1411  1.00271495 25967
AEHF-5 (USA 292)        
1 44481U 19051A   26245.63656141 -.00000255  00000+0  00000+0 0  9999
2 44481   1.3996 342.3790 0064011 352.4731 329.0887  1.00266785 26039
GLOBAL-4                
1 44499U 19054E   26244.76535502  .00059577  00000+0  42860-3 0  9995
2 44499  45.0028 151.9396 0006052 176.9787 183.1151 15.72791537392385
NAVSTAR 78 (USA 293)    
1 44506U 19056A   26245.48936689 -.00000070  00000+0  00000+0 0  9998
2 44506  55.5939 328.0689 0065562 199.6428 205.5218  2.00570854 51624
COSMOS 2540             
1 44517U 19057A   26245.57973560  .00000011  00000+0  47750-4 0  9992
2 44517  99.2076 255.8188 0015094 326.8081  33.2127 13.85959223354591
KX-09                   
1 44520U 19058B   26245.60121894  .00001425  00000+0  12941-3 0  9999
2 44520  97.7785 258.4736 0012238  85.4338 274.8281 14.96832158381610
ZY-1 02D                
1 44528U 19059A   26245.58878948  .00000030  00000+0  26101-4 0  9999
2 44528  98.6655 307.3661 0004995 133.0597 227.1007 14.35279404365445
BNU-1 (JINGSHI 1)       
1 44529U 19059B   26245.59254803  .00000342  00000+0  10342-3 0  9994
2 44529  98.6167  16.1562 0014023 135.4967 224.7354 14.48437152368192
TAURUS-1 (JINNIUZUO 1)  
1 44530U 19059C   26245.57430271  .00004747  00000+0  75059-3 0  9998
2 44530  98.6491  55.2819 0009434  71.9595 288.2638 14.72798086370033
ZHUHAI-1 03B            
1 44536U 19060C   26245.60161309  .00022205  00000+0  29347-3 0  9991
2 44536  97.5614  47.8452 0008037  38.1655 322.0168 15.58332681388364
ZHUHAI-1 03D            
1 44538U 19060E   26245.59533537  .00026214  00000+0  40202-3 0  9994
2 44538  97.5460  39.2769 0006456  21.8886 338.2642 15.54273837388087
ZHUHAI-1 03E            
1 44539U 19060F   26245.58458162  .00012452  00000+0  28086-3 0  9999
2 44539  97.5715  38.4014 0006728 101.0407 259.1597 15.43362822387694
BEIDOU-3 M24            
1 44542U 19061A   26245.02694453  .00000042  00000+0  00000+0 0  9992
2 44542  54.3951 180.1380 0009119   9.4632 350.5531  1.86229469 47227
BEIDOU-3 M23            
1 44543U 19061B   26245.43157181  .00000038  00000+0  00000+0 0  9995
2 44543  54.3934 180.0929 0005943 356.3921 186.0092  1.86227611 47235
YUNHAI-1 02             
1 44547U 19063A   26245.58412708  .00000160  00000+0  74615-4 0  9990
2 44547  98.4145 253.7895 0004989 297.1913  62.8762 14.32592471362952
COSMOS 2541 (EKS 3)     
1 44552U 19065A   26245.04106687  .00000167  00000+0  00000+0 0  9994
2 44552  62.7122 149.7856 6505766 272.0642  20.2893  2.00579504 50764
GAOFEN-10R              
1 44622U 19066A   26245.60734278  .00000684  00000+0  90677-4 0  9996
2 44622  98.0564 199.7788 0004293 236.8416 123.2386 14.83145406373856
EUTELSAT 5 WEST B       
1 44624U 19067A   26245.88421111 -.00000042  00000+0  00000+0 0  9993
2 44624   0.0971 306.8536 0003215 220.4818 128.0075  1.00271655 25205
MEV-1                   
1 44625U 19067B   26245.41709840 -.00000145  00000+0  00000+0 0  9995
2 44625   0.8524 268.1059 0004144 259.2461 120.5152  1.00270774 62344
PALISADE                
1 44634U 19069A   26245.08102924 -.00000457  00000+0 -13158-2 0  9998
2 44634  87.8810 264.4290 0008266 210.7856 149.2788 13.11907779329191
TJS-4                   
1 44637U 19070A   26245.54533105 -.00000169  00000+0  00000+0 0  9991
2 44637   0.0147 122.8149 0002800 120.6783  18.0551  1.00270506 25314
GAOFEN-7                
1 44703U 19072A   26245.62225167  .00002356  00000+0  10832-3 0  9999
2 44703  97.5644 306.5920 0019714 133.7341 226.5531 15.21213512379415
BEIDOU-3 IGSO-3         
1 44709U 19073A   26243.50237293 -.00000156  00000+0  00000+0 0  9993
2 44709  54.6728 280.0769 0046840 197.7740 162.1531  1.00267582 25217
STARLINK-1008           
1 44714U 19074B   26244.85778710  .00082321  00000+0  88762-3 0  9991
2 44714  53.1490  58.1766 0003624  92.3520 267.7910 15.62985876376154
STARLINK-1012           
1 44718U 19074F   26245.61716254  .00079134  00000+0  83579-3 0  9994
2 44718  53.1507  54.7248 0001468 274.1883  85.8965 15.63535771376267
STARLINK-1017           
1 44723U 19074L   26245.48886073  .00037560  00000+0  99393-3 0  9990
2 44723  53.0445  66.7831 0001283 269.3192  90.7664 15.38047234376050
STARLINK-1020           
1 44725U 19074N   26245.54122703  .00035968  00000+0  32199-3 0  9993
2 44725  53.1506  75.8683 0000604 137.4746 222.6318 15.68018505375944
STARLINK-1036           
1 44741U 19074AE  26245.61597567  .00142721  00000+0  54673-3 0  9990
2 44741  53.0379  32.5680 0002772 282.3918  77.6795 15.86527583376539
STARLINK-1039           
1 44744U 19074AH  26244.91525180  .00020471  00000+0  61935-3 0  9993
2 44744  53.0567 116.9212 0002523  70.2285 289.8989 15.34192047375306
STARLINK-1042           
1 44747U 19074AL  26245.48169102  .00019961  00000+0  24530-3 0  9999
2 44747  53.0398 320.8166 0004646   0.8224 359.2795 15.60294736377569
STARLINK-1043           
1 44748U 19074AM  26245.16570814  .00047148  00000+0  35985-3 0  9995
2 44748  53.0461  52.0186 0001454 163.2367 196.8698 15.71748721376233
STARLINK-1046           
1 44751U 19074AQ  26245.55275686  .00039796  00000+0  33361-3 0  9997
2 44751  53.0429  74.9989 0000575 227.3109 132.7859 15.69571975375941
STARLINK-1047           
1 44752U 19074AR  26244.70932702  .00008211  00000+0  22794-3 0  9999
2 44752  53.0675  40.9509 0001943  51.6903 308.4275 15.37807254376375
STARLINK-1048           
1 44753U 19074AS  26244.80671895  .00067278  00000+0  40415-3 0  9992
2 44753  53.0432  22.5763 0004015 330.9907  29.0889 15.77142642376605
STARLINK-1063           
1 44768U 19074BH  26245.59048035  .00071936  00000+0  88450-3 0  9996
2 44768  53.1494  96.5692 0003729 122.1297 238.0078 15.59632196375694
STARLINK-1067           
1 44771U 19074BL  26245.56121857  .00464322  10961-3  70923-3 0  9993
2 44771  53.0349  40.9723 0006218 307.2373  52.8090 16.03826018376416
STARLINK-1068           
1 44772U 19074BM  26245.66668981  .00155008  20440-4  40556-3 0  9990
2 44772  53.0340  16.4067 0003371 318.1887 211.8518 15.94623058  5885
JILIN-1 GAOFEN 2A       
1 44777U 19075A   26245.57464348  .00009984  00000+0  24239-3 0  9993
2 44777  97.4922 331.2649 0006620 152.8027 207.3567 15.41208166376797
NINGXIA-1 1             
1 44779U 19076A   26245.63669083 -.00000065  00000+0  42386-4 0  9992
2 44779  45.0046 193.7213 0010396 166.3308 193.7810 14.02112575348725
NINGXIA-1 2             
1 44780U 19076B   26245.19611159 -.00000198  00000+0 -44676-4 0  9998
2 44780  45.0070 196.0757 0005804 161.0821 199.0230 14.02024540348665
NINGXIA-1 3             
1 44781U 19076C   26245.18043807 -.00000067  00000+0  41164-4 0  9990
2 44781  44.9985 194.2912 0009133 153.2820 206.8486 14.02010776348669
NINGXIA-1 4             
1 44782U 19076D   26245.23563073  .00000002  00000+0  85854-4 0  9991
2 44782  45.0069 195.5052 0011598 129.9012 230.2844 14.02077113348639
NINGXIA-1 5             
1 44783U 19076E   26245.64931247  .00000057  00000+0  12167-3 0  9995
2 44783  45.0042 192.9975 0009901 157.7425 202.3840 14.02093832348641
KL-ALPHA A              
1 44785U 19077A   26245.59742731 -.00000024  00000+0 -52466-4 0  9993
2 44785  88.9285 214.1018 0008851 240.1297 119.8978 13.56048729336228
KL-ALPHA B              
1 44786U 19077B   26245.60764271  .00000025  00000+0  18534-4 0  9996
2 44786  88.9152 211.5853 0024402 287.0680  72.7801 13.56007671335677
BEIDOU-3 M22            
1 44793U 19078A   26245.40480801 -.00000022  00000+0  00000+0 0  9999
2 44793  53.8629 297.1061 0004888  43.8425 316.2672  1.86227432 46082
BEIDOU-3 M21            
1 44794U 19078B   26242.85974398 -.00000021  00000+0  00000+0 0  9994
2 44794  53.8383 297.1553 0002799  33.7450 326.3521  1.86228059 46048
TIBA-1                  
1 44800U 19080A   26245.46441862  .00000157  00000+0  00000+0 0  9999
2 44800   0.0551 339.6394 0002459 199.1165   5.5886  1.00275350 24829
INMARSAT GX5            
1 44801U 19080B   26245.53085766  .00000076  00000+0  00000+0 0  9995
2 44801   0.0460   6.3724 0001911 169.9532   7.4787  1.00271531  7569
CARTOSAT-3              
1 44804U 19081A   26245.61278676  .00003061  00000+0  14810-3 0  9997
2 44804  97.4229 306.2024 0010382 239.3625 120.6586 15.19298808375224
GAOFEN-12 01            
1 44819U 19082A   26245.60160331  .00000209  00000+0  33897-4 0  9999
2 44819  97.8146 249.9534 0002228 110.2391 249.9061 14.80511016365541
JILIN-1 GAOFEN 2B       
1 44836U 19086A   26245.57473217  .00003440  00000+0  15571-3 0  9996
2 44836  97.4816 317.0960 0014997  53.8153 306.4467 15.21480565372259
COSMOS 2544 [GLONASS-M] 
1 44850U 19088A   26245.45726006  .00000027  00000+0  00000+0 0  9993
2 44850  65.6117  71.1542 0011848 246.5067 113.4201  2.13102989 52364
RISAT-2BR1              
1 44857U 19089F   26245.56647995  .00002557  00000+0  20057-3 0  9990
2 44857  36.9610  12.6483 0008920  90.4282 269.7483 15.01367148368836
IHOPSAT-TD              
1 44859U 19089H   26244.55474053  .00001756  00000+0  10476-3 0  9997
2 44859  36.9674 297.9731 0004697 163.2343 196.8559 15.12165473369559
BEIDOU-3 M19            
1 44864U 19090A   26244.71055113 -.00000007  00000+0  00000+0 0  9992
2 44864  56.6289  60.2648 0015664 294.0073  64.8482  1.86231418 45653
BEIDOU-3 M20            
1 44865U 19090B   26244.57751722 -.00000007  00000+0  00000+0 0  9996
2 44865  56.6307  60.3041 0013165 309.5531  49.6821  1.86231284 45635
JCSAT-18 (KACIFIC 1)    
1 44868U 19091A   26245.56989502  .00000000  00000+0  00000+0 0  9991
2 44868   0.0167 285.0576 0000533 329.5819  82.2259  1.00270592 24782
CSG-1                   
1 44873U 19092A   26245.62098641  .00000225  00000+0  34785-4 0  9991
2 44873  97.8914  68.1186 0001451  86.2968 273.8411 14.82150193362940
CHEOPS                  
1 44874U 19092B   26245.49115251  .00000165  00000+0  42329-4 0  9990
2 44874  98.1516  72.6898 0009754 211.6836 148.3779 14.62008045357195
TIANQIN 1 (CAS-6)       
1 44879U 19093A   26245.56440201  .00002078  00000+0  19145-3 0  9994
2 44879  97.7766 328.8478 0011545 150.1430 210.0452 14.95752722363613
ETRSS-1                 
1 44880U 19093B   26245.61467721  .00001529  00000+0  14059-3 0  9997
2 44880  97.7795 329.4289 0011727 148.7908 211.4011 14.96227693363632
TIANYAN 01              
1 44881U 19093C   26245.58609269  .00000346  00000+0  45023-4 0  9991
2 44881  97.7471 315.9105 0013039 185.9259 174.1805 14.86620150362911
TIANYAN 02              
1 44882U 19093D   26245.61014750  .00004370  00000+0  30323-3 0  9998
2 44882  97.7932 341.1872 0014719 119.1576 241.1125 15.06041963364265
CBERS 4A                
1 44883U 19093E   26245.56046325  .00001002  00000+0  13466-3 0  9994
2 44883  98.0127 313.0451 0002347  68.9674 291.1789 14.81514727362535
WEILAI 1R               
1 44884U 19093F   26245.52089520  .00004016  00000+0  31672-3 0  9992
2 44884  97.7910 335.5886 0015909 127.6731 232.5939 15.01225834364021
FLORIPASAT-1            
1 44885U 19093G   26245.52243258  .00003965  00000+0  28675-3 0  9994
2 44885  97.7928 340.3575 0012023 159.8360 200.3343 15.04570368364276
SHUNTIAN                
1 44886U 19093H   26245.56386302  .00001282  00000+0  12101-3 0  9994
2 44886  97.7988 333.3376 0011771 160.7069 199.4600 14.95465812363741
ELEKTRO-L 3             
1 44903U 19095A   26245.68633833 -.00000095  00000+0  00000+0 0  9996
2 44903   0.4492  82.5035 0001296  68.5060 153.8481  1.00270627 24480
GONETS-M 14             
1 44905U 19096A   26245.56785214 -.00000069  00000+0 -56840-3 0  9996
2 44905  82.5237  36.6493 0013134 348.1518  11.9251 12.42871711303294
GONETS-M 15             
1 44906U 19096B   26245.59671257 -.00000034  00000+0 -31607-3 0  9997
2 44906  82.5257  37.1045 0015417  10.5540 349.5861 12.42883559303264
GONETS-M 16             
1 44907U 19096C   26245.62217334 -.00000019  00000+0 -20601-3 0  9999
2 44907  82.5204  36.0054 0011556  52.2071 308.0054 12.42893651303254
RS-44 & BREEZE-KM R/B   
1 44909U 19096E   26245.55912996  .00000009  00000+0 -12264-5 0  9995
2 44909  82.5192 288.2986 0216761 323.7215  34.9350 12.79749137312240
SHIJIAN-20 (SJ-20)      
1 44910U 19097A   26245.25156545  .00000149  00000+0  00000+0 0  9998
2 44910   5.1103  74.0723 0002329 162.7741 235.5147  1.00267284 24471
STARLINK-1114           
1 44927U 20001P   26245.54587101  .00077392  00000+0  39861-3 0  9996
2 44927  53.0352 180.2060 0005952  84.8581 275.3119 15.80491456367803
STARLINK-1123           
1 44930U 20001S   26245.61489254  .00039491  00000+0  32263-3 0  9995
2 44930  53.1374 214.0625 0001833 113.0792 247.0419 15.70200990367368
STARLINK-1094           
1 44941U 20001AD  26245.53725897  .00033093  00000+0  32744-3 0  9990
2 44941  53.1458 192.0408 0003388  38.7417 321.3842 15.65567468367671
STARLINK-1122           
1 44949U 20001AM  26245.56145775  .00031826  00000+0  31931-3 0  9991
2 44949  53.1482 192.7016 0002885  54.4187 305.7098 15.65240090367665
STARLINK-1080           
1 44961U 20001AZ  26245.00095619  .00065987  00000+0  38532-3 0  9994
2 44961  53.0434 144.2918 0004402  95.2494 264.9029 15.77786619368261
STARLINK-1090           
1 44968U 20001BG  26245.33232556  .00052440  00000+0  61097-3 0  9992
2 44968  53.1421 184.1185 0002153  75.4083 284.7170 15.61179233367761
TJS-5                   
1 44978U 20002A   26245.55001108 -.00000341  00000+0  00000+0 0  9992
2 44978   0.1854  83.3024 0007504 346.9584 216.9586  1.00270847 24481
JILIN-1 KUANFU 01       
1 45016U 20003A   26245.57231751  .00001526  00000+0  94858-4 0  9992
2 45016  97.4965 318.0117 0010641  43.9191 316.2884 15.11095655367015
YINHE-1                 
1 45024U 20004A   26245.59517634  .00000565  00000+0  72376-4 0  9994
2 45024  86.3876  80.7235 0015857  88.5146 271.7891 14.79207792357365
GSAT-30                 
1 45026U 20005A   26245.64211314 -.00000164  00000+0  00000+0 0  9995
2 45026   0.0291 247.2512 0001943 235.0534 173.6951  1.00271126 24281
EUTELSAT KONNECT        
1 45027U 20005B   26245.31630573  .00000053  00000+0  00000+0 0  9998
2 45027   0.0635 101.3427 0002439 108.4793 252.7631  1.00282796 25112
STARLINK-1132           
1 45044U 20006A   26244.96905026  .00043606  00000+0  33500-3 0  9992
2 45044  53.1455 121.6475 0001990 140.9358 219.1805 15.71629464364382
STARLINK-1131           
1 45047U 20006D   26245.06030933  .00034990  00000+0  34836-3 0  9992
2 45047  53.1494 157.1439 0004852  93.9764 266.1806 15.65377401363892
STARLINK-1134           
1 45048U 20006E   26245.31028660  .00039038  00000+0  35299-3 0  9997
2 45048  53.0185 101.7340 0004992  43.6381 316.5028 15.67717910364653
STARLINK-1156           
1 45054U 20006L   26245.12898553  .00049090  00000+0  11326-2 0  9992
2 45054  53.1531 175.2650 0002010  72.4280 287.6945 15.42097879363645
STARLINK-1166           
1 45060U 20006S   26245.60259042  .00058151  00000+0  35930-3 0  9992
2 45060  53.0366 130.2190 0001951 193.9997 166.0968 15.76570385364285
STARLINK-1169           
1 45061U 20006T   26245.08052176  .00056133  00000+0  11117-2 0  9992
2 45061  53.1502 171.7152 0002536 121.2653 238.8604 15.46547615363696
STARLINK-1171           
1 45062U 20006U   26245.66668981  .00131987  17594-4  40506-3 0  9991
2 45062  53.0314  87.4004 0002881 195.6657 203.7315 15.91668368  5982
STARLINK-1133           
1 45064U 20006W   26244.97635291  .00044783  00000+0  10389-2 0  9995
2 45064  53.1524 152.8242 0001619  98.7590 261.3599 15.41974705363954
STARLINK-1167           
1 45071U 20006AD  26245.01800200  .00050082  00000+0  10457-2 0  9998
2 45071  53.1521 149.9764 0003859 129.5059 230.6290 15.45049784363991
STARLINK-1168           
1 45072U 20006AE  26245.05770552  .00043509  00000+0  98670-3 0  9999
2 45072  53.1532 152.3288 0001832  99.0995 261.0218 15.42668266363966
STARLINK-1172           
1 45074U 20006AG  26245.43441453  .00020418  00000+0  41907-3 0  9993
2 45074  53.1503 146.6681 0003272 108.3373 251.7991 15.46027644364073
STARLINK-1153           
1 45080U 20006AN  26245.06265139  .00049844  00000+0  10361-2 0  9997
2 45080  53.1536 149.6546 0003751 145.1297 214.9957 15.45183432364008
STARLINK-1185           
1 45087U 20006AV  26244.93346376  .00045986  00000+0  65941-3 0  9990
2 45087  53.1527 124.5289 0001763  94.5139 265.6075 15.55714826364343
STARLINK-1183           
1 45088U 20006AW  26245.00738164  .00043581  00000+0  10170-2 0  9992
2 45088  53.1533 137.5697 0001840  89.4734 270.6482 15.41810916364168
STARLINK-1152           
1 45096U 20006BE  26245.53737769  .00061860  00000+0  79379-3 0  9996
2 45096  53.0288  79.0809 0003708  97.7513 262.3919 15.58564260364990
STARLINK-1184           
1 45098U 20006BG  26245.03353670  .00022317  00000+0  11037-2 0  9998
2 45098  53.0483 164.1767 0002376  12.3882 347.7170 15.17763143363756
STARLINK-1193           
1 45100U 20006BJ  26244.94938724  .00064301  00000+0  37448-3 0  9994
2 45100  53.0408  82.1951 0003859 208.3979 151.6831 15.77858935364894
ONEWEB-0013             
1 45131U 20008A   26244.96282562  .00000562  00000+0  15939-2 0  9993
2 45131  87.8524  37.3204 0002396 116.9318 243.2054 13.09457550316119
ONEWEB-0017             
1 45132U 20008B   26244.89176191  .00000114  00000+0  29056-3 0  9995
2 45132  87.8882  20.9893 0001586  93.0312 267.0997 13.10377430317995
ONEWEB-0020             
1 45133U 20008C   26245.31934976 -.00000373  00000+0 -11050-2 0  9990
2 45133  87.8880  20.9060 0001734  98.8748 261.2575 13.10369903318446
ONEWEB-0021             
1 45134U 20008D   26245.64005506 -.00000528  00000+0 -15481-2 0  9999
2 45134  87.8872  20.8529 0001838  97.1101 263.0236 13.10374094318796
ONEWEB-0023             
1 45136U 20008F   26244.88752570 -.00000097  00000+0 -31318-3 0  9995
2 45136  87.8883  20.9892 0001641 102.3985 257.7326 13.10376325318121
ONEWEB-0024             
1 45137U 20008G   26245.31780440 -.00000291  00000+0 -87029-3 0  9998
2 45137  87.8885  20.9009 0001759  96.3614 263.7714 13.10369882318347
ONEWEB-0025             
1 45138U 20008H   26245.31751616 -.00000242  00000+0 -73088-3 0  9998
2 45138  87.8883  20.8905 0001281  99.1358 260.9914 13.10370018318676
ONEWEB-0026             
1 45139U 20008J   26245.59991220 -.00000579  00000+0 -16709-2 0  9995
2 45139  87.8955   5.6697 0001712  95.0574 265.0750 13.11417323321254
ONEWEB-0028             
1 45140U 20008K   26245.57420921  .00000171  00000+0  44577-3 0  9991
2 45140  87.8946   5.6791 0002185 112.6339 247.5020 13.11416192318761
ONEWEB-0032             
1 45141U 20008L   26244.89359842  .00000175  00000+0  46608-3 0  9990
2 45141  87.8882  20.9912 0001917 111.9873 248.1458 13.10375867318341
ONEWEB-0033             
1 45142U 20008M   26245.32613361 -.00000592  00000+0 -17310-2 0  9991
2 45142  87.8871  20.9087 0001727  80.4677 279.6646 13.10371213318310
ONEWEB-0035             
1 45143U 20008N   26244.88850964 -.00000087  00000+0 -28533-3 0  9993
2 45143  87.8880  20.9908 0001785  94.9503 265.1829 13.10376423317988
ONEWEB-0036             
1 45144U 20008P   26245.32430021 -.00000500  00000+0 -14674-2 0  9992
2 45144  87.8891  20.9293 0001763 104.4221 255.7103 13.10371803318469
ONEWEB-0038             
1 45145U 20008Q   26245.61009982 -.00000132  00000+0 -40831-3 0  9999
2 45145  87.8966   5.6872 0003344  85.0221 275.1289 13.11418442320474
ONEWEB-0039             
1 45146U 20008R   26245.32953471 -.00000609  00000+0 -17798-2 0  9993
2 45146  87.8880  20.9019 0002091 108.5366 251.5988 13.10372745318264
ONEWEB-0040             
1 45147U 20008S   26245.62817627 -.00000446  00000+0 -13132-2 0  9996
2 45147  87.8871  20.8503 0001582 105.8563 254.2738 13.10371472318006
ONEWEB-0043             
1 45149U 20008U   26245.32458435 -.00000510  00000+0 -14981-2 0  9998
2 45149  87.8882  20.9044 0002076 111.0735 249.0615 13.10372297318282
ONEWEB-0044             
1 45150U 20008V   26245.65873285  .00000269  00000+0  73532-3 0  9997
2 45150  87.8876  20.8396 0001752 101.1074 259.0251 13.10376490318626
ONEWEB-0045             
1 45151U 20008W   26245.29968260 -.00000228  00000+0 -67936-3 0  9994
2 45151  87.8959   5.7267 0001903 100.7572 259.3770 13.11417708320513
ONEWEB-0047             
1 45152U 20008X   26244.88822441 -.00000067  00000+0 -22750-3 0  9995
2 45152  87.8887  20.9931 0001856  90.9355 269.1985 13.10376090318248
ONEWEB-0048             
1 45153U 20008Y   26245.64683579 -.00000562  00000+0 -16460-2 0  9998
2 45153  87.8874  20.8565 0001879  97.8685 262.2656 13.10374929317959
ONEWEB-0049             
1 45154U 20008Z   26245.11559690 -.00000197  00000+0 -60015-3 0  9997
2 45154  87.8877  20.9510 0001474 108.9798 251.1489 13.10375827318101
ONEWEB-0051             
1 45155U 20008AA  26245.29799468 -.00000289  00000+0 -85095-3 0  9993
2 45155  87.8956   5.7304 0001764  99.5726 260.5602 13.11418294321191
ONEWEB-0052             
1 45156U 20008AB  26245.28898007  .00000711  00000+0  20000-2 0  9994
2 45156  87.8883  20.9074 0001622 109.4528 250.6774 13.10374155318033
ONEWEB-0053             
1 45157U 20008AC  26245.32104433 -.00000420  00000+0 -12388-2 0  9992
2 45157  87.8872  20.9173 0001898 112.4313 247.7015 13.10369690318014
ONEWEB-0054             
1 45158U 20008AD  26245.12763558  .00000404  00000+0  11207-2 0  9999
2 45158  87.8878  20.9444 0001678  97.5874 262.5445 13.10374117318105
ONEWEB-0056             
1 45159U 20008AE  26245.32769342 -.00000582  00000+0 -17035-2 0  9993
2 45159  87.8885  20.8999 0001449  96.0577 264.0716 13.10372666318282
ONEWEB-0057             
1 45160U 20008AF  26245.11588448 -.00000186  00000+0 -56775-3 0  9993
2 45160  87.8886  20.9521 0001807 114.4154 245.7162 13.10375828318421
ONEWEB-0058             
1 45161U 20008AG  26245.33136972 -.00000622  00000+0 -18180-2 0  9991
2 45161  87.8870  20.9094 0001884  90.8030 269.3313 13.10372562318528
ONEWEB-0059             
1 45162U 20008AH  26245.32797935 -.00000601  00000+0 -17581-2 0  9994
2 45162  87.8876  20.9109 0001886 110.1449 249.9881 13.10373403318422
ONEWEB-0062             
1 45163U 20008AJ  26245.65688419  .00000105  00000+0  26349-3 0  9997
2 45163  87.8887  20.8385 0001754  86.2849 273.8479 13.10377591318332
ONEWEB-0065             
1 45164U 20008AK  26245.30904272  .00000173  00000+0  45991-3 0  9997
2 45164  87.8880  20.9147 0001610 108.3666 251.7636 13.10369956317983
STARLINK-1202           
1 45183U 20012F   26245.54512719  .00038987  00000+0  90876-3 0  9996
2 45183  53.1522 291.8625 0001567  61.9464 298.1700 15.41895647362113
STARLINK-1216           
1 45185U 20012H   26245.52841693  .00013812  00000+0  30062-3 0  9993
2 45185  53.1545 290.4259 0001941  16.1523 343.9545 15.44611573362070
STARLINK-1225           
1 45187U 20012K   26245.30901335  .00010324  00000+0  24848-3 0  9991
2 45187  53.1533 293.0920 0002114  25.2959 334.8150 15.41901098362061
STARLINK-1230           
1 45189U 20012M   26245.32423696  .00037748  00000+0  87458-3 0  9999
2 45189  53.1527 293.1294 0001965  31.1350 328.9772 15.42091636359299
STARLINK-1234           
1 45190U 20012N   26245.93535216  .00453698  11184-3  52703-3 0  9990
2 45190  53.0242 157.5669 0003615 145.3470 214.7798 16.08258755363877
STARLINK-1269           
1 45197U 20012V   26245.32038596  .00035493  00000+0  82703-3 0  9992
2 45197  53.1528 293.0038 0002422   8.1691 351.9354 15.41949078362045
STARLINK-1154           
1 45198U 20012W   26245.25833115  .00043234  00000+0  34331-3 0  9991
2 45198  53.0382 229.1196 0001666  24.3073 335.8022 15.70840757362860
STARLINK-1199           
1 45201U 20012Z   26245.48297155  .00030911  00000+0  71800-3 0  9999
2 45201  53.1536 276.4694 0000719  36.7629 323.3426 15.42114519362316
STARLINK-1209           
1 45206U 20012AE  26245.10955355  .00089117  00000+0  41946-3 0  9996
2 45206  53.0289 185.0485 0006433  80.7648 279.4101 15.82380171362579
STARLINK-1231           
1 45212U 20012AL  26245.46541756  .00028027  00000+0  87180-3 0  9991
2 45212  53.0361 275.7015 0003637 358.3886   1.7102 15.33120789362248
STARLINK-1271           
1 45217U 20012AR  26245.46663283  .00035314  00000+0  80798-3 0  9991
2 45217  53.1532 276.5216 0001530  52.1597 307.9548 15.42500185362319
STARLINK-1191           
1 45222U 20012AW  26245.25092949  .00013462  00000+0  23422-3 0  9990
2 45222  53.1511 247.6512 0001202  90.2754 269.8394 15.51134867362702
STARLINK-1212           
1 45223U 20012AX  26245.30150402  .00077838  00000+0  39373-3 0  9995
2 45223  53.0365 200.2965 0005872  69.7351 290.4301 15.80883943363333
STARLINK-1215           
1 45225U 20012AZ  26245.33486377  .00040498  00000+0  93068-3 0  9996
2 45225  53.1525 251.3900 0002147  64.6079 295.5149 15.42303033362614
STARLINK-1221           
1 45227U 20012BB  26245.03050316  .00021096  00000+0  37122-3 0  9997
2 45227  53.0608 149.7773 0003167 146.1215 213.9996 15.50442759363978
STARLINK-1222           
1 45228U 20012BC  26245.16694758  .00035103  00000+0  38318-3 0  9998
2 45228  53.0496 208.8313 0004178  70.9136 289.2330 15.63037695363094
STARLINK-1226           
1 45229U 20012BD  26245.38626503  .00065595  00000+0  10118-2 0  9991
2 45229  53.1508 240.9864 0003008  57.5109 302.6193 15.53560623362705
STARLINK-1227           
1 45230U 20012BE  26245.26365562  .00062163  00000+0  95752-3 0  9991
2 45230  53.1480 241.6250 0003338  71.3374 288.7999 15.53621773362800
STARLINK-1246           
1 45235U 20012BK  26245.50876658  .00033560  00000+0  77377-3 0  9998
2 45235  53.1520 291.6021 0003026  64.2399 295.8919 15.42292425362136
STARLINK-1270           
1 45237U 20012BM  26245.15230901  .00070249  00000+0  38525-3 0  9993
2 45237  53.0362 203.4678 0005822  69.7594 290.4052 15.79150653363274
JCSAT-17                
1 45245U 20013A   26244.76587368 -.00000311  00000+0  00000+0 0  9998
2 45245   5.3960 357.5578 0004416 174.4256 220.6456  1.00270149 24004
GEO-KOMPSAT-2B          
1 45246U 20013B   26244.62752410 -.00000341  00000+0  00000+0 0  9999
2 45246   0.0500 311.3132 0001521 278.2665 105.3866  1.00271215 24045
MERIDIAN 9              
1 45254U 20015A   26245.23399890  .00000039  00000+0  00000+0 0  9990
2 45254  65.5368 310.8889 6835503 276.5959  16.0347  2.00616087 47838
BEIDOU-3 G2             
1 45344U 20017A   26245.54463772 -.00000139  00000+0  00000+0 0  9999
2 45344   2.5587  48.2141 0002285 116.9994  92.6054  1.00271332 24039
COSMOS 2545 [GLONASS-M] 
1 45358U 20018A   26243.30590382 -.00000023  00000+0  00000+0 0  9997
2 45358  64.3053 309.7767 0011530 234.8469 125.1252  2.13102819 50261
STARLINK-1279           
1 45360U 20019A   26245.55255861  .05416568  12138-4  10851-2 0  9997
2 45360  53.0153 292.2211 0002654 338.5791  21.5140 16.30679862358613
STARLINK-1262           
1 45366U 20019G   26244.89284329  .00047429  00000+0  11325-2 0  9998
2 45366  53.1512  61.6184 0001909  88.6971 271.4253 15.41081259356809
STARLINK-1273           
1 45367U 20019H   26245.08556781  .00038312  00000+0  35105-3 0  9999
2 45367  53.0399  19.6425 0000627  68.1353 291.9729 15.67411299357373
STARLINK-1276           
1 45368U 20019J   26244.96497774  .00016541  00000+0  81658-3 0  9996
2 45368  53.0692  85.8274 0001277  99.6866 260.4273 15.18023421356441
STARLINK-1277           
1 45369U 20019K   26244.76348091  .00067040  00000+0  40348-3 0  9993
2 45369  53.0407   9.8871 0001470 329.1389  30.9544 15.77109344357481
STARLINK-1281           
1 45370U 20019L   26245.50382749  .00042702  00000+0  98734-3 0  9996
2 45370  53.1533  57.8507 0001643  27.7374 332.3720 15.42096437356912
STARLINK-1300           
1 45374U 20019Q   26244.89321182  .00052644  00000+0  11749-2 0  9991
2 45374  53.1552  60.2193 0001789  54.1477 305.9696 15.43061543356824
STARLINK-1302           
1 45375U 20019R   26244.73492576  .00061317  00000+0  37552-3 0  9999
2 45375  53.0420   5.8646 0004554 354.5615   5.5355 15.76740491357536
STARLINK-1304           
1 45376U 20019S   26245.60513327  .00050075  00000+0  37141-3 0  9