ISS (ZARYA)
1 25544U 98067A   26245.46626010  .00004070  00000+0  82080-4 0  9996
2 25544  51.6313 277.6073 0005029  99.7358 260.4199 15.48970443583732
POISK
1 36086U 09060A   26245.46626010  .00004070  00000+0  82080-4 0  9994
2 36086  51.6313 277.6073 0005029  99.7358 260.4199 15.48970443584422
CSS (TIANHE)
1 48274U 21035A   26245.54682553  .00011867  00000+0  14919-3 0  9992
2 48274  41.4680 212.3806 0002102 255.8013 104.2592 15.59519691305249
ISS (NAUKA)
1 49044U 21066A   26245.46626010  .00004070  00000+0  82080-4 0  9992
2 49044  51.6313 277.6073 0005029  99.7358 260.4199 15.48970443584464
FREGAT DEB
1 49271U 11037PF  26244.68482880  .00015151  00000+0  22242-1 0  9992
2 49271  51.6381 131.5994 0933136  91.7767 279.0049 12.44007934234568
CSS (WENTIAN)
1 53239U 22085A   26245.54682553  .00011867  00000+0  14919-3 0  9995
2 53239  41.4680 212.3806 0002102 255.8013 104.2592 15.59519691288235
CSS (MENGTIAN)
1 54216U 22143A   26245.54682553  .00011867  00000+0  14919-3 0  9996
2 54216  41.4680 212.3806 0002102 255.8013 104.2592 15.59519691305837
HRC MONOBLOCK CAMERA
1 66052U 98067XR  26245.26474875  .00140668  18279-4  47584-3 0  9998
2 66052  51.6159 239.2452 0005926  61.4335 298.7267 15.89675674 50193
SZ-21 MODULE
1 66515U 25246C   26244.89343983  .00052339  00000+0  22890-3 0  9992
2 66515  41.4704 187.1296 0010783 216.6559 143.3551 15.83708059 45874
DUPLEX
1 66906U 98067XS  26245.29615331  .00035519  00000+0  31175-3 0  9998
2 66906  51.6243 258.4174 0004373  82.6534 277.4959 15.68464293 42733
KNACKSAT-2
1 67683U 98067XZ  26245.30519538  .00042693  00000+0  39006-3 0  9997
2 67683  51.6254 264.5058 0007510 110.8334 249.3467 15.67367502 32347
GXIBA-1
1 67685U 98067YB  26245.25332194  .00058943  00000+0  46531-3 0  9990
2 67685  51.6230 262.6312 0008264 105.8421 254.3488 15.70773733 32365
UITMSAT-2
1 67686U 98067YC  26245.31308261  .00129893  00000+0  68369-3 0  9992
2 67686  51.6221 257.7395 0008159  70.8071 289.3812 15.79746664 32436
LEOPARD
1 67687U 98067YD  26245.30385195  .00070438  00000+0  55077-3 0  9995
2 67687  51.6251 263.0048 0007982  75.4354 284.7528 15.70933019 32282
HMU-SAT2
1 67688U 98067YE  26245.30940571  .00084128  00000+0  54897-3 0  9991
2 67688  51.6237 260.0071 0007729  73.2107 286.9740 15.75103268 32326
CREW DRAGON 12
1 67796U 26031A   26245.46626010  .00004070  00000+0  82080-4 0  9993
2 67796  51.6313 277.6073 0005029  99.7358 260.4199 15.48970443584558
PROGRESS-MS 33
1 68319U 26058A   26245.46626010  .00004070  00000+0  82080-4 0  9994
2 68319  51.6313 277.6073 0005029  99.7358 260.4199 15.48970443584583
CYGNUS NG-24
1 68689U 26079A   26245.46626010  .00004070  00000+0  82080-4 0  9997
2 68689  51.6313 277.6073 0005029  99.7358 260.4199 15.48970443584673
PROGRESS-MS 34
1 68837U 26093A   26245.46626010  .00004070  00000+0  82080-4 0  9998
2 68837  51.6313 277.6073 0005029  99.7358 260.4199 15.48970443584713
TIANZHOU-10
1 69049U 26102A   26245.54682553  .00011867  00000+0  14919-3 0  9995
2 69049  41.4680 212.3806 0002102 255.8013 104.2592 15.59519691305770
SHENZHOU-23 (SZ-23)
1 69180U 26113A   26245.54682553  .00011867  00000+0  14919-3 0  9993
2 69180  41.4680 212.3806 0002102 255.8013 104.2592 15.59519691305653
ATLAS CENTAUR 2
1 00694U 63047A   26245.45195059  .00001371  00000+0  15271-3 0  9996
2 00694  30.3554 287.2578 0545209 198.9716 158.9815 14.12652850156638
THOR AGENA D R/B
1 00733U 64002A   26245.32321163  .00000058  00000+0  37794-4 0  9991
2 00733  99.1146 268.2136 0033871 103.8823 256.6132 14.34090930263616
SL-3 R/B
1 00877U 64053B   26245.17753466  .00000044  00000+0  32857-4 0  9994
2 00877  65.0769 173.7637 0077795 236.7601 122.6027 14.61458741292588
SL-8 R/B
1 02802U 67045B   26245.65747641  .00000155  00000+0  50608-4 0  9996
2 02802  74.0126  17.5569 0064595 341.4318  18.4482 14.45714869114596
SL-8 R/B
1 03230U 68040B   26245.47719273  .00001650  00000+0  12137-3 0  9993
2 03230  74.0314 312.1791 0022657  83.4699 276.9069 15.04162609116588
OAO 2
1 03597U 68110A   26245.04163657  .00000107  00000+0  33906-4 0  9993
2 03597  34.9948   0.5431 0005344 179.2998 180.7701 14.47376158 44667
ISIS 1
1 03669U 69009A   26245.46593907  .00000140  00000+0  82593-4 0  9995
2 03669  88.4423 135.9180 1707715  92.2181 287.4422 11.30445679368504
SERT 2
1 04327U 70009A   26245.29106078 -.00000004  00000+0  50753-4 0  9992
2 04327  99.2855 178.8693 0005824  75.8714  49.1412 13.58744459803876
SL-3 R/B
1 05118U 71028B   26245.57312325  .00060866  00000+0  35786-3 0  9997
2 05118  81.2298 190.9359 0010657  28.9321 331.2530 15.77925915 16417
ASTEX 1
1 05560U 71089A   26245.31687246  .00000222  00000+0  56369-4 0  9995
2 05560  92.7074 208.7168 0014459 199.7086 160.3564 14.50903268887918
SL-8 R/B
1 05730U 71119B   26245.28005124  .00003617  00000+0  18738-3 0  9991
2 05730  73.8853 204.8805 0538982 135.1578 229.4473 14.40238834680892
OAO 3 (COPERNICUS)
1 06153U 72065A   26245.63760273  .00000187  00000+0  42637-4 0  9999
2 06153  35.0069   9.0822 0006394 174.5815 202.6424 14.60096777872075
ATLAS CENTAUR R/B
1 06155U 72065B   26245.01811843  .00000546  00000+0  77234-4 0  9993
2 06155  35.0028 352.0782 0033006  53.9812 306.3941 14.78028779867363
SL-8 R/B
1 08459U 75112B   26245.45718445  .00000164  00000+0  62529-4 0  9997
2 08459  74.0596  53.7155 0014679 100.8826 259.3981 14.38274738657289
SL-3 R/B
1 10114U 77057B   26245.56295750  .00007805  00000+0  14437-3 0  9992
2 10114  97.5883  65.9588 0006901  12.8990 347.2436 15.49320475695688
SEASAT 1
1 10967U 78064A   26245.43020906  .00000061  00000+0  55561-4 0  9993
2 10967 108.0096 136.4332 0001885 302.0151  58.0811 14.46281554532064
SL-14 R/B
1 11267U 79011B   26245.23185635  .00000298  00000+0  26805-4 0  9990
2 11267  82.5225 289.0441 0015865 181.9446 178.1715 14.92071170555107
SL-8 R/B
1 11574U 79089B   26245.39826912  .00000093  00000+0  36048-4 0  9996
2 11574  74.0687 123.9270 0016766 251.6935 108.2397 14.42432411461583
SL-14 R/B
1 11672U 80005B   26245.42842406  .00000309  00000+0  28576-4 0  9992
2 11672  82.5161 139.5798 0014263 296.9709  63.0053 14.91088075502829
SL-8 R/B
1 12139U 81003B   26245.59885542  .00008634  00000+0  20377-3 0  9995
2 12139  82.9366 125.7142 0239763 280.4687  76.9613 15.16946588341440
SL-3 R/B
1 12465U 81046B   26245.52142203  .00007280  00000+0  14937-3 0  9998
2 12465  81.2275  76.7921 0018022 119.5631 240.7413 15.45673258465716
SL-3 R/B
1 12904U 81103B   26245.60298778  .00003128  00000+0  13237-3 0  9997
2 12904  81.1608   5.6341 0013447  52.5235 307.7218 15.22822786   159
SL-3 R/B
1 13068U 82013B   26245.55090611  .00002082  00000+0  86343-4 0  9997
2 13068  81.1747 313.2241 0020660 303.6677  56.2584 15.23237926431266
SL-3 R/B
1 13154U 82039B   26245.59446585  .00001260  00000+0  73407-4 0  9994
2 13154  81.1505  11.6610 0031494  95.3023 265.1797 15.10869330408346
SL-3 R/B
1 13403U 82079B   26245.55104120  .00003274  00000+0  12396-3 0  9993
2 13403  81.1487 343.9325 0022634 286.4959  73.3788 15.26391755404661
SL-14 R/B
1 13553U 82092B   26245.50679863  .00000261  00000+0  26372-4 0  9993
2 13553  82.5712 335.9540 0021802  75.8033 294.8274 14.86796081355203
SL-3 R/B
1 13819U 83010B   26245.19677479  .00010158  00000+0  17315-3 0  9997
2 13819  81.1021 144.9942 0015180 140.8970 219.3378 15.51073678385264
SL-3 R/B
1 14208U 83075B   26245.46324752  .00006379  00000+0  15182-3 0  9994
2 14208  97.6124 257.2083 0018518 319.6435  40.3436 15.41833077357360
COSMOS 1536
1 14699U 84013A   26245.56620692  .00003077  00000+0  11873-3 0  9999
2 14699  82.5425 291.7390 0014293  27.2255 332.9729 15.25818208299577
SL-14 R/B
1 14820U 84027B   26245.04153712  .00000239  00000+0  24425-4 0  9992
2 14820  82.5382  79.6340 0019414 107.8989 252.4346 14.86103734273820
SL-8 R/B
1 15483U 85006B   26245.31701706  .00000063  00000+0  29635-4 0  9991
2 15483  74.0452 296.1267 0018011 170.9834 260.8112 14.37861748179412
SL-12 R/B(2)
1 15772U 85042D   26245.53284225 -.00000053  00000+0 -23578-5 0  9990
2 15772  71.1064  74.1015 0036225 213.2779 166.9605 14.22019069139538
SL-14 R/B
1 15945U 85069B   26245.30872844  .00000295  00000+0  30469-4 0  9998
2 15945  82.5256 218.8264 0017956 331.7736  28.2506 14.86562045199073
SL-16 R/B
1 16182U 85097B   26245.10217031  .00000191  00000+0  11958-3 0  9998
2 16182  71.0025 129.1510 0008291 332.6679 133.5202 14.16618328112213
SL-14 R/B
1 16496U 86006B   26245.57251032  .00000329  00000+0  31853-4 0  9997
2 16496  82.5240  93.2872 0077420  46.9576 313.8089 14.87004792175497
COSMOS 1743
1 16719U 86034A   26245.04474111  .00049675  00000+0  34004-3 0  9990
2 16719  82.5213 246.5488 0003112  67.2529 292.9064 15.74555668207858
SL-14 R/B
1 16792U 86046B   26245.33618582  .00000212  00000+0  21529-4 0  9991
2 16792  82.4789 273.2806 0023216   8.0940 352.0646 14.85717387152632
SL-14 R/B
1 16882U 86055B   26245.45114066  .00000239  00000+0  24534-4 0  9990
2 16882  82.5226 320.4971 0020359 106.1775 264.8551 14.85770308145615
AJISAI (EGS)
1 16908U 86061A   26245.64706053 -.00000093  00000+0  29320-4 0  9997
2 16908  50.0079 269.2114 0011252  17.7682 121.0014 12.44517221490038
SL-14 R/B
1 17567U 87024B   26245.37274002  .00000209  00000+0  20896-4 0  9990
2 17567  82.5264 286.7089 0019153  39.5786 320.6824 14.86259781114374
COSMOS 1833
1 17589U 87027A   26245.33916536 -.00000315  00000+0 -14247-3 0  9990
2 17589  70.9205 314.7114 0027108 296.0546  63.7784 14.13056176 35272
SL-16 R/B
1 17590U 87027B   26245.29383302  .00000222  00000+0  13389-3 0  9997
2 17590  71.0007 264.3421 0006586 229.7659 130.2889 14.17183312 40361
SL-14 R/B
1 17912U 87038B   26245.18928133  .00000227  00000+0  23515-4 0  9990
2 17912  82.5023 130.5503 0017916 304.0596  55.8918 14.85490651105432
COSMOS 1844
1 17973U 87041A   26245.11408247 -.00000070  00000+0 -11177-4 0  9992
2 17973  70.9011  22.0389 0028662 119.4862 240.9125 14.14584471 28536
SL-14 R/B
1 18153U 87055B   26245.26980066  .00000271  00000+0  28262-4 0  9992
2 18153  82.5018 182.5635 0021410 145.8954 214.3643 14.85752867 96155
COSMOS 1867
1 18187U 87060A   26245.53893828 -.00000068  00000+0  12212-4 0  9997
2 18187  65.0108 171.4287 0018245 281.3061  78.5973 14.31522735 45256
SL-14 R/B
1 18749U 88001B   26245.34442582  .00000283  00000+0  29730-4 0  9994
2 18749  82.5133  29.1634 0018459  18.8787 341.3110 14.85653243 68259
COSMOS 1933
1 18958U 88020A   26245.24573002  .00001638  00000+0  76491-4 0  9999
2 18958  82.5096  76.0894 0002972 324.6464  35.4573 15.19139789 77022
SL-3 R/B
1 19046U 88032B   26245.60457506  .00002798  00000+0  12706-3 0  9997
2 19046  97.5341 228.6278 0024550 340.6934  19.3369 15.21379917 78990
SL-16 R/B
1 19120U 88039B   26245.48807497 -.00000058  00000+0 -46168-5 0  9991
2 19120  71.0138  54.7019 0019781  66.2912 294.0285 14.19636653983478
COSMOS 1953
1 19210U 88050A   26245.30037296  .00005238  00000+0  17395-3 0  9998
2 19210  82.5101 340.2168 0009850 212.0831 147.9811 15.30931122 64788
SL-8 R/B
1 19257U 88053B   26245.47432878  .00000110  00000+0  44111-4 0  9996
2 19257  74.0482 146.5909 0021196 282.3860 250.3422 14.38990904  1919
COSMOS 1975
1 19573U 88093A   26245.53545169  .00004102  00000+0  13908-3 0  9990
2 19573  82.5181 299.8551 0009357 262.6716  97.3461 15.30205057 46430
SL-14 R/B
1 19574U 88093B   26245.04847303  .00000236  00000+0  24258-4 0  9997
2 19574  82.5280 236.4780 0020865 170.0443 251.5230 14.85783119 27209
SL-16 R/B
1 19650U 88102B   26245.42031112 -.00000259  00000+0 -10664-3 0  9990
2 19650  70.9997 139.6332 0011959 103.4700 256.7757 14.16171294951911
INTERCOSMOS 24
1 20261U 89080A   26245.29174841  .00000412  00000+0  12126-3 0  9992
2 20261  82.6122 349.4534 1186149 242.8811 104.6552 12.59716447689037
SL-14 R/B
1 20262U 89080C   26245.44972370  .00000287  00000+0  77875-4 0  9996
2 20262  82.5891  59.6526 1230047 140.6731 229.0577 12.50597443682243
DELTA 1 R/B
1 20323U 89089B   26245.12234450  .00000132  00000+0  41632-4 0  9999
2 20323  97.0657  64.3810 0067576 285.2776  74.0959 14.50769189921316
ARIANE 40 R/B
1 20443U 90005H   26245.38430046  .00000101  00000+0  45467-4 0  9995
2 20443  98.2890 300.5734 0010784  39.2838 320.9132 14.39958978918232
DELTA 2 R/B(1)
1 20453U 90008B   26245.56903736  .00169565  11671-4  59190-3 0  9998
2 20453  35.5941  71.9582 0032390 128.6679 231.6971 15.87392337953926
COSMOS 2058
1 20465U 90010A   26245.02576189  .00001717  00000+0  97154-4 0  9999
2 20465  82.4658 233.5513 0011125  87.3025 272.9479 15.12374291968883
SL-14 R/B
1 20466U 90010B   26245.11942574  .00000203  00000+0  21548-4 0  9998
2 20466  82.5000 101.6950 0021299  79.1666 281.1945 14.83686773954646
SL-14 R/B
1 20511U 90018B   26245.44205074  .00000229  00000+0  25692-4 0  9992
2 20511  82.5186  57.8781 0015004 226.8751 133.1209 14.82257082948760
HST
1 20580U 90037B   26245.37978871  .00003814  00000+0  11432-3 0  9992
2 20580  28.4726 272.6734 0001492 278.0085  82.0342 15.31534579800418
SL-16 R/B
1 20625U 90046B   26245.35491455  .00000082  00000+0  66801-4 0  9993
2 20625  70.9987 286.8788 0013086  27.3893 332.7916 14.15034226873382
COSMOS 2084
1 20663U 90055A   26244.93861576  .00001250  00000+0  98176-4 0  9991
2 20663  62.7880  94.0705 0015014 344.8063  15.2585 15.06382941962860
SL-6 R/B(2)
1 20666U 90055D   26244.56981897  .00001057  00000+0  88285-4 0  9997
2 20666  62.7826  15.3984 0052506  15.1198 345.1456 15.04246692964642
SL-8 R/B
1 20775U 90078B   26245.03574882  .00013738  00000+0  37694-3 0  9994
2 20775  82.8976  92.0515 0342423 137.5345 225.2926 14.94575548835591
SL-8 R/B
1 21088U 91006B   26244.99645378  .00000121  00000+0  10604-3 0  9991
2 21088  82.9414  38.8708 0021102 260.5556 219.7786 13.77520027788342
OKEAN-3
1 21397U 91039A   26245.23918032  .00001397  00000+0  94629-4 0  9994
2 21397  82.5180 165.6535 0016342  87.8392 272.4706 15.05621825891597
COSMOS 2151
1 21422U 91042A   26245.54730767  .00000939  00000+0  72104-4 0  9993
2 21422  82.4934 273.0188 0012409 173.6701 186.4682 15.00614484889714
SL-14 R/B
1 21423U 91042B   26244.99245991  .00000217  00000+0  24349-4 0  9999
2 21423  82.4904  54.8500 0017625  26.4483 333.7627 14.81940239879186
ERS-1
1 21574U 91050A   26245.52566410  .00000175  00000+0  70632-4 0  9996
2 21574  98.7787 268.1095 0032581  39.2232 321.1307 14.39558763841177
ARIANE 40 R/B
1 21610U 91050F   26245.57301782  .00000142  00000+0  54735-4 0  9991
2 21610  98.1813 290.9519 0001866 245.8203 114.2793 14.42995352844504
INTERCOSMOS 25
1 21819U 91086A   26245.28688001  .00000830  00000+0  15475-3 0  9992
2 21819  82.6045 203.1668 1485630  96.0771 281.1003 12.12305206518080
SL-8 R/B
1 21876U 92008B   26245.44578279  .00000056  00000+0  41490-4 0  9990
2 21876  82.9286 136.3567 0034926   3.2513 169.7365 13.75990219733725
SL-8 R/B
1 21938U 92020B   26244.95104976  .00000097  00000+0  84588-4 0  9997
2 21938  82.9320  22.8217 0029493 163.2865 316.0466 13.75558168725367
USA 81
1 21949U 92023A   26245.32581932  .00000117  00000+0  35888-4 0  9997
2 21949  85.0081  29.4658 0001953 114.8325 245.3071 14.32414985120078
COSMOS 2219
1 22219U 92076A   26245.57711600  .00000015  00000+0  32507-4 0  9992
2 22219  71.0636   8.2846 0020339 288.3311  71.5599 14.14114872743386
SL-16 R/B
1 22220U 92076B   26245.57083503 -.00000098  00000+0 -25140-4 0  9996
2 22220  71.0008 175.7683 0013173 195.4965 344.9482 14.16881575746880
COSMOS 2221
1 22236U 92080A   26245.09318089  .00000877  00000+0  74366-4 0  9992
2 22236  82.5021 110.0779 0013355 324.9268  35.1074 14.96719198807179
SL-16 R/B
1 22285U 92093B   26245.34260897  .00000282  00000+0  16877-3 0  9993
2 22285  71.0241 353.4150 0003417   8.9765 351.1418 14.15469594738152
COSMOS 2228
1 22286U 92094A   26245.58831560  .00001172  00000+0  97217-4 0  9999
2 22286  82.5147  67.8779 0019145  67.8208 292.5044 14.97796020802533
SL-16 R/B
1 22566U 93016B   26245.33084871 -.00000091  00000+0 -22096-4 0  9997
2 22566  71.0072 204.1771 0008544  44.0526 316.1276 14.15320594727167
COSMOS 2242
1 22626U 93024A   26245.58341009  .00000944  00000+0  79325-4 0  9991
2 22626  82.5160  97.4845 0017600  71.4308 288.8825 14.97101947806857
SL-16 R/B
1 22803U 93059B   26244.78702657  .00000234  00000+0  13936-3 0  9994
2 22803  70.9927 359.7622 0019080 298.4503  61.4698 14.17255607704489
ARIANE 40 R/B
1 22830U 93061H   26245.43471748  .00000082  00000+0  45675-4 0  9991
2 22830  98.4752 310.6625 0011812 118.5269 241.7106 14.32933876719419
COSMOS 2278
1 23087U 94023A   26245.19314220 -.00000004  00000+0  22779-4 0  9994
2 23087  71.0532 165.8092 0007094 127.7774 232.3992 14.14399452669762
SL-16 R/B
1 23088U 94023B   26245.23120994  .00000179  00000+0  11689-3 0  9992
2 23088  70.9992  60.1284 0003009 349.9172  10.1889 14.15033343671061
SL-16 R/B
1 23343U 94074B   26245.53373435  .00000213  00000+0  35001-4 0  9999
2 23343  97.6971 269.0235 0006893  18.0457 135.1983 14.79557915713390
SL-16 R/B
1 23405U 94077B   26245.28535193 -.00000035  00000+0  65154-5 0  9990
2 23405  70.9858 340.9575 0004921 264.2559  95.8003 14.15583375641227
ARIANE 40+ R/B
1 23561U 95021B   26245.18974152  .00000126  00000+0  54041-4 0  9996
2 23561  98.4349 314.1296 0006169 342.9857  75.5727 14.39867843644642
SL-16 R/B
1 23705U 95058B   26245.23014389 -.00000155  00000+0 -55044-4 0  9997
2 23705  71.0224 169.6039 0013852 219.1480 140.8642 14.15517687592830
SL-16 R/B
1 24298U 96051B   26245.22399057  .00000148  00000+0  10676-3 0  9997
2 24298  70.7688 161.6284 0019273 237.3589 122.5671 14.12474979546579
ORBVIEW 2 (SEASTAR)
1 24883U 97037A   26245.31544939  .00000119  00000+0  57580-4 0  9997
2 24883  98.8769  54.5095 0001136 251.0337 109.0725 14.35586285533815
SL-16 R/B
1 25400U 98043G   26245.61145960  .00000017  00000+0  26161-4 0  9993
2 25400  98.8439 200.4628 0009092 216.9086 143.1469 14.26079225464200
SL-16 R/B
1 25407U 98045B   26245.50760476 -.00000238  00000+0 -96040-4 0  9995
2 25407  71.0119 169.7224 0005361 125.5185 234.6439 14.16211348452139
CZ-4B R/B
1 25732U 99025C   26245.54981352  .00000007  00000+0  24170-4 0  9994
2 25732  98.6428 285.4203 0036854 194.2826 336.0779 14.18293874413235
OKEAN-O
1 25860U 99039A   26245.53027671  .00000331  00000+0  49960-4 0  9999
2 25860  97.9242 303.4134 0001923  99.9167 260.2262 14.80542434460555
SL-16 R/B
1 25861U 99039B   26245.14284951  .00000282  00000+0  42359-4 0  9993
2 25861  97.9764 303.7586 0015753  48.4104 311.8456 14.81910482462996
DELTA 2 R/B
1 25876U 99041E   26245.46270147  .00000423  00000+0  10727-3 0  9999
2 25876  51.7627 314.9929 0500935 150.1927 212.8565 14.12231070388001
HELIOS 1B
1 25977U 99064A   26245.30396234  .00000846  00000+0  98086-4 0  9999
2 25977  98.1525 152.6493 0001272 131.9981 228.1344 14.88176306711520
TERRA
1 25994U 99068A   26245.47922774  .00000191  00000+0  47828-4 0  9995
2 25994  97.9389 291.9359 0002302  22.4508  88.8566 14.61153557420894
SL-16 R/B
1 26070U 00006B   26245.56871119 -.00000197  00000+0 -75730-4 0  9992
2 26070  71.0011  85.9176 0018892 272.3182  87.5778 14.15846701373592
TITAN 4B R/B
1 26474U 00047B   26245.54003971  .00001531  00000+0  99013-4 0  9997
2 26474  67.9855 262.7774 0043086 208.5440 151.3351 15.10557766419617
ENVISAT
1 27386U 02009A   26245.36748461  .00000045  00000+0  28307-4 0  9997
2 27386  98.3897 194.9866 0001153  87.8643  25.9458 14.39079875284584
IDEFIX & ARIANE 42P R/B
1 27422U 02021B   26245.31728946  .00000127  00000+0  64657-4 0  9992
2 27422  98.5963 181.9713 0012549  32.4057 327.7894 14.31111894269281
AQUA
1 27424U 02022A   26245.60114509  .00000464  00000+0  10209-3 0  9998
2 27424  98.4367 216.4639 0001763  76.9486  54.5137 14.62187675294586
CZ-4B R/B
1 27432U 02024C   26245.12518980  .00000010  00000+0  28276-4 0  9998
2 27432  98.8631 297.4209 0049202 241.0935 173.8157 14.14573822254188
MIDORI II (ADEOS-II)
1 27597U 02056A   26245.34885132  .00000139  00000+0  72436-4 0  9994
2 27597  98.7959 205.2934 0001081 136.9037 223.2229 14.29383536235537
H-2A R/B
1 27601U 02056E   26245.34198071  .00000172  00000+0  74717-4 0  9990
2 27601  98.3387 199.2293 0070191 356.4512 118.7051 14.33856531239427
CZ-4B R/B
1 28059U 03049C   26244.97072878  .00000206  00000+0  58654-4 0  9995
2 28059  98.6950 246.8925 0049082  54.5802 305.9963 14.55143400212238
CZ-2C R/B
1 28222U 04012C   26246.01916116  .00448274  10056-3  53898-3 0  9998
2 28222  97.7077 332.0773 0007132 278.0666  81.9806 16.08265671232267
SL-16 R/B
1 28353U 04021B   26245.30783478 -.00000076  00000+0 -14889-4 0  9995
2 28353  70.9994 221.8369 0003421 156.9668 203.1608 14.14622619147810
CZ-4B R/B
1 28415U 04035C   26245.25034394  .00005111  00000+0  16746-3 0  9995
2 28415  97.3325 277.4886 0031737  62.4447 298.0012 15.31606771206918
CZ-2C R/B
1 28480U 04046B   26245.45912660  .00000092  00000+0  49556-4 0  9991
2 28480  98.1853 149.3747 0139271 352.5880   7.3242 14.27048202133710
ARIANE 5 R/B
1 28499U 04049H   26245.05376130  .00000574  00000+0  69308-4 0  9998
2 28499  98.2785  60.3147 0084603 138.8429 221.9207 14.85541783171974
CZ-2D R/B
1 28738U 05024B   26245.01131938  .00068310  00000+0  37797-3 0  9997
2 28738  97.3437 268.7923 0005167  99.1000 261.0852 15.79388872167420
ALOS (DAICHI)
1 28931U 06002A   26245.34135647  .00000818  00000+0  14414-3 0  9996
2 28931  98.1394 200.7014 0002174  87.2887 272.8568 14.70192635 99438
H-2A R/B
1 28932U 06002B   26245.34619056  .00003924  00000+0  18537-3 0  9999
2 28932  98.2658  48.2593 0049556   0.8290 359.3015 15.19040415121238
RESURS-DK 1
1 29228U 06021A   26245.43542185  .00001221  00000+0  74164-4 0  9994
2 29228  69.9311 139.5481 0005571 223.5979 136.4748 15.13474698114265
CZ-4B R/B
1 29507U 06046C   26245.57187183  .00002169  00000+0  10773-3 0  9996
2 29507  97.5386 289.9387 0032591  16.5177 343.7111 15.18325875 86870
CZ-2C R/B
1 31114U 07010B   26245.55334841  .00000056  00000+0  44184-4 0  9995
2 31114  98.4137 350.1365 0059804 139.2563 221.3111 14.20292051  4812
COSMO-SKYMED 1
1 31598U 07023A   26245.59091613  .00001054  00000+0  95887-4 0  9991
2 31598  97.8835  78.1167 0001112  80.6423 279.4924 14.97400172 41373
COSMOS 2428
1 31792U 07029A   26245.31030527  .00000189  00000+0  12700-3 0  9990
2 31792  70.9428 192.5604 0009655 349.1170  10.9741 14.12972655989045
SL-16 R/B
1 31793U 07029B   26245.25328520  .00000305  00000+0  18273-3 0  9998
2 31793  70.9765 161.2260 0001716 272.4013 202.5094 14.14861346990346
KORONAS-FOTON
1 33504U 09003A   26245.52827035  .00008218  00000+0  16034-3 0  9993
2 33504  82.4263  91.4781 0008455 231.0236 129.0261 15.47272750973056
CZ-2C R/B
1 37731U 11030B   26245.16029311  .00000597  00000+0  81025-4 0  9998
2 37731  97.8727 199.1925 0053125 134.7012 236.1094 14.81602332816227
H-2A R/B
1 38341U 12025E   26245.21599139  .00001451  00000+0  13295-3 0  9990
2 38341  98.4908 226.7612 0044925  94.8377 265.7973 14.95997986774607
SHIJIAN-16 (SJ-16)
1 39358U 13057A   26245.65167833  .00000463  00000+0  47545-4 0  9993
2 39358  74.9715 209.9472 0015037  39.0283 321.1987 14.92750311697902
SL-4 R/B
1 39679U 14021B   26245.15139854  .00011737  00000+0  23164-3 0  9994
2 39679  51.6044 193.3180 0088323  29.0733 331.5130 15.43494798683499
ALOS-2
1 39766U 14029A   26245.57877234  .00001348  00000+0  18727-3 0  9992
2 39766  97.9227 341.6354 0001558  91.7666 268.3724 14.79483100663025
YAOGAN-29
1 41038U 15069A   26245.62973390  .00000014  00000+0  83621-5 0  9994
2 41038  97.9998 274.3735 0002696 107.8966 252.2542 14.83136150582100
ASTRO-H (HITOMI)
1 41337U 16012A   26245.47235109  .00001567  00000+0  86307-4 0  9994
2 41337  30.9992 294.9357 0009527 310.6893  49.2917 15.10818110578989
HXMT (HUIYAN)
1 42758U 17034A   26245.60697263  .00002540  00000+0  12889-3 0  9990
2 42758  43.0135 111.7553 0032785 276.4083  83.3033 15.19042771509430
SAOCOM 1A
1 43641U 18076A   26245.57062478  .00000335  00000+0  48652-4 0  9997
2 43641  97.8898  71.2048 0001524  84.3089 275.8298 14.82160192427564
H-2A R/B
1 43682U 18084L   26245.44551151  .00015490  00000+0  29638-3 0  9998
2 43682  98.8430 141.3539 0022678 123.9650 236.3755 15.47921511433067
SAOCOM 1B
1 46265U 20059A   26245.60188778  .00000219  00000+0  34126-4 0  9994
2 46265  97.8903  70.3351 0001404  84.4021 275.7352 14.82159097324958
COSMOS 2550
1 48865U 21056A   26245.68629740  .00004011  00000+0  12769-3 0  9999
2 48865  67.1414 225.4697 0008373 269.4903  90.5292 15.33829828290608
CZ-2C R/B
1 52794U 22058K   26244.88047447  .00038521  00000+0  34398-3 0  9992
2 52794  50.1827 122.8058 0029703 230.3918 129.4435 15.67392363237651
CZ-2C R/B
1 54039U 22132E   26245.02061263  .00074477  00000+0  36145-3 0  9990
2 54039  97.2890 256.0494 0013502 136.5155 223.7181 15.82122888218050
GSLV R/B
1 54149U 22138AN  26245.56991175  .00001360  00000+0  11372-3 0  9997
2 54149  87.3756 106.9794 0019289 223.3122 136.6595 14.97549264210392
XRISM
1 57800U 23137A   26245.25803929  .00003083  00000+0  16480-3 0  9998
2 57800  31.0014 220.1452 0007402  21.2653 338.8292 15.13020518164540
ACS3
1 59588U 24077B   26245.48275452  .00012173  00000+0  83475-2 0  9993
2 59588  97.2052 147.3425 0098992 340.0299  19.7007 13.97251027118823
SPACEMOBILE-003
1 61045U 24163A   26244.58569685 -.00000937  00000+0 -27507-4 0  9997
2 61045  52.9718 318.1571 0004360   1.8117 358.2892 15.20582821109390
SPACEMOBILE-005
1 61046U 24163B   26245.49041227  .00008773  00000+0  40928-3 0  9991
2 61046  52.9809 313.9799 0008177 356.9770   3.1174 15.20593220109525
SPACEMOBILE-001
1 61047U 24163C   26244.89786797 -.00000141  00000+0  83792-5 0  9993
2 61047  52.9775 316.3954 0006368   6.0448 354.0622 15.20591852109438
SPACEMOBILE-002
1 61048U 24163D   26244.62105695  .00013829  00000+0  63530-3 0  9999
2 61048  52.9779 317.7509 0006388   0.5919 359.5081 15.20652081109394
SPACEMOBILE-004
1 61049U 24163E   26244.60221061  .00009455  00000+0  44020-3 0  9997
2 61049  52.9695 317.5890 0007689  24.3188 335.8167 15.20573511109392
CZ-8A R/B
1 66004U 25231K   26245.54288770 -.00000010  00000+0  55460-4 0  9994
2 66004  50.0033  70.1961 0116712 136.5116 224.5076 14.30177157 46017
SPACEMOBILE-006
1 67232U 25309A   26244.97330351  .00000388  00000+0  33692-4 0  9993
2 67232  52.9968 339.8424 0010938  17.1354 343.0007 15.18852419 38266
SPACEMOBILE-008
1 69589U 26139A   26245.43539182  .00000698  00000+0  56044-4 0  9997
2 69589  52.9945 271.8271 0003586 180.1283 179.9708 15.12939709 11678
SPACEMOBILE-009
1 69590U 26139B   26245.30860442  .00000537  00000+0  47125-4 0  9993
2 69590  52.9938 272.4501 0003952 177.2339 182.8675 15.12833402 11658
SPACEMOBILE-010
1 69591U 26139C   26245.51501227  .00000652  00000+0  53805-4 0  9990
2 69591  52.9941 271.6054 0004216 167.9236 192.1857 15.12689626 11690
GPS BIIR-5  (PRN 22)
1 26407U 00040A   26245.08564843  .00000065  00000+0  00000+0 0  9999
2 26407  54.8416 212.1096 0118786 303.5500  63.4894  2.00558168191490
GPS BIIR-8  (PRN 16)
1 27663U 03005A   26244.90295000  .00000065  00000+0  00000+0 0  9994
2 27663  54.8715 211.9226 0149790  53.5079 317.7628  2.00556345172855
GPS BIIR-11 (PRN 19)
1 28190U 04009A   26241.74511818  .00000023  00000+0  00000+0 0  9996
2 28190  54.7726 272.7094 0118411 176.1549 226.7649  2.00552089164427
GPS BIIR-13 (PRN 02)
1 28474U 04045A   26245.15878041 -.00000062  00000+0  00000+0 0  9998
2 28474  55.0856 321.7930 0171626 318.2533  95.2542  2.00559164159979
GPS BIIRM-1 (PRN 17)
1 28874U 05038A   26245.38132569  .00000035  00000+0  00000+0 0  9997
2 28874  54.8201 270.0557 0128707 297.2383 242.3992  2.00560301153384
INMARSAT 4-F2 (SOUTHPA*)
1 28899U 05044A   26245.42544610 -.00000259  00000+0  00000+0 0  9999
2 28899   5.1943  43.7077 0002471 124.7540 109.7883  1.00271450 76295
GPS BIIRM-2 (PRN 31)
1 29486U 06042A   26244.79004097  .00000020  00000+0  00000+0 0  9995
2 29486  54.7143 148.2966 0108513  56.7205 315.8520  2.00565721145938
GPS BIIRM-3 (PRN 12)
1 29601U 06052A   26245.20063842  .00000065  00000+0  00000+0 0  9994
2 29601  54.9260 210.9551 0085244  91.1165 269.8422  2.00562268144952
GPS BIIRM-4 (PRN 15)
1 32260U 07047A   26245.50831908  .00000001  00000+0  00000+0 0  9993
2 32260  54.1568  76.8798 0168928  89.1817 272.8159  2.00551865138364
COSMOS 2433 (720)
1 32275U 07052A   26245.34317640 -.00000032  00000+0  00000+0 0  9994
2 32275  65.5285 313.3358 0005178 222.5434 137.4901  2.13104326146706
COSMOS 2432 (719)
1 32276U 07052B   26245.49124750 -.00000033  00000+0  00000+0 0  9990
2 32276  65.5443 313.4600 0008475 308.6890 108.5411  2.13103367146731
GPS BIIRM-5 (PRN 29)
1 32384U 07062A   26245.57058274  .00000034  00000+0  00000+0 0  9997
2 32384  54.9746 271.0356 0036086 169.8181   4.7943  2.00564248137063
COSMOS 2434 (721)
1 32393U 07065A   26245.16962358  .00000054  00000+0  00000+0 0  9994
2 32393  64.3202 189.3201 0001353  22.3862  93.9409  2.13101302145410
COSMOS 2436 (723)
1 32395U 07065C   26245.49183319  .00000052  00000+0  00000+0 0  9992
2 32395  64.3286 189.3825 0017382 357.6029 137.8814  2.13100040145375
GPS BIIRM-6 (PRN 07)
1 32711U 08012A   26243.92063575  .00000027  00000+0  00000+0 0  9996
2 32711  54.5024 146.8985 0211350 248.4600 109.3329  2.00551991135270
GPS BIIRM-8 (PRN 05)
1 35752U 09043A   26245.39891920 -.00000054  00000+0  00000+0 0  9996
2 35752  56.2566  24.4252 0051922  85.7770 270.7465  2.00577453124906
COSMOS 2456 (730)
1 36111U 09070A   26243.16824907  .00000025  00000+0  00000+0 0  9997
2 36111  65.0585  68.4162 0001952 351.8138 187.7059  2.13103784130028
COSMOS 2457 (733)
1 36112U 09070B   26244.87854742  .00000023  00000+0  00000+0 0  9995
2 36112  65.0458  68.2007 0005733 129.3549  48.9597  2.13101124130064
COSMOS 2460 (732)
1 36402U 10007C   26245.22902208 -.00000029  00000+0  00000+0 0  9997
2 36402  65.3712 311.8580 0002235 205.8291 243.3189  2.13101882128373
GPS BIIF-1  (PRN 25)
1 36585U 10022A   26245.46918541  .00000059  00000+0  00000+0 0  9991
2 36585  54.2629 205.4510 0128500  66.3487 101.0155  2.00566078119147
BEIDOU-2 IGSO-1 (C06)
1 36828U 10036A   26233.75814490 -.00000137  00000+0  00000+0 0  9991
2 36828  54.3073 162.3689 0058186 224.3483 321.2966  1.00253816 58750
BEIDOU-2 G4 (C04)
1 37210U 10057A   26245.67217841 -.00000112  00000+0  00000+0 0  9994
2 37210   3.8323  68.3956 0007600 177.9605 137.4754  1.00271239 58064
BEIDOU-2 IGSO-2 (C07)
1 37256U 10068A   26243.01642102 -.00000167  00000+0  00000+0 0  9994
2 37256  47.4138 270.8943 0057472 215.6625 325.4311  1.00258049 57546
BEIDOU-2 IGSO-3 (C08)
1 37384U 11013A   26230.91979428 -.00000155  00000+0  00000+0 0  9993
2 37384  62.4969  39.5609 0036994 183.8957 178.9703  1.00253025 56292
GSAT-8 (GAGAN/PRN 127)
1 37605U 11022A   26245.53969770  .00000085  00000+0  00000+0 0  9993
2 37605   2.3234  80.8011 0005805 155.8866 354.3883  1.00271849 53994
BEIDOU-2 IGSO-4 (C09)
1 37763U 11038A   26243.76490878 -.00000059  00000+0  00000+0 0  9998
2 37763  54.6036 165.0022 0160427 231.0482 313.7907  1.00270703 55402
GSAT0101 (GALILEO-PFM)
1 37846U 11060A   26245.27765018 -.00000080  00000+0  00000+0 0  9998
2 37846  56.9635 339.6718 0000481  63.0846 296.9646  1.70475552 92437
GSAT0102 (GALILEO-FM2)
1 37847U 11060B   26238.17148139 -.00000087  00000+0  00000+0 0  9996
2 37847  56.9676 339.8652 0001497 344.4713  20.0598  1.70476016 92325
COSMOS 2476 (744)
1 37867U 11064A   26243.49642594  .00000027  00000+0  00000+0 0  9990
2 37867  65.3161  70.3310 0022300 231.2268 108.3746  2.13103854115362
COSMOS 2477 (745)
1 37868U 11064B   26241.17223030  .00000035  00000+0  00000+0 0  9993
2 37868  65.3210  70.4891 0019266 231.6424 305.0263  2.13103059115310
COSMOS 2475 (743)
1 37869U 11064C   26243.12289840  .00000028  00000+0  00000+0 0  9994
2 37869  65.3290  70.4459 0024501 246.8157 301.1425  2.13101856115363
BEIDOU-2 IGSO-5 (C10)
1 37948U 11073A   26245.54758440 -.00000101  00000+0  00000+0 0  9990
2 37948  47.5418 270.5775 0116850 223.8486 139.9876  1.00280852 53916
LUCH 5A (SDCM/PRN 140)
1 37951U 11074B   26245.59163785 -.00000050  00000+0  00000+0 0  9995
2 37951   8.9432  72.6502 0003959 117.3405 171.6761  1.00271408 53822
BEIDOU-2 G5 (C05)
1 38091U 12008A   26245.54039104  .00000057  00000+0  00000+0 0  9997
2 38091   3.7595  69.1378 0006315 247.2876 278.5603  1.00275282 53148
BEIDOU-2 M3 (C11)
1 38250U 12018A   26244.43674078 -.00000029  00000+0  00000+0 0  9997
2 38250  55.6886 302.3014 0022784 272.3619  87.4536  1.86230204 97368
BEIDOU-2 M4 (C12)
1 38251U 12018B   26243.29525112 -.00000027  00000+0  00000+0 0  9993
2 38251  55.5893 301.5477 0014074 272.0564  87.8625  1.86229830 97343
SES-5 (EGNOS/PRN 136)
1 38652U 12036A   26245.88611779  .00000000  00000+0  00000+0 0  9990
2 38652   0.0180 359.3441 0001954 172.2733 134.3968  1.00271052 45234
BEIDOU-2 M6 (C14)
1 38775U 12050B   26244.61540588 -.00000007  00000+0  00000+0 0  9999
2 38775  56.6149  60.3705 0011353   4.8448 355.2041  1.86230830 94739
GSAT-10 (GAGAN/PRN 128)
1 38779U 12051B   26245.64211314 -.00000164  00000+0  00000+0 0  9994
2 38779   0.0782 270.2312 0005725 200.0511 185.6778  1.00270329 50874
GPS BIIF-3  (PRN 24)
1 38833U 12053A   26245.09646050  .00000014  00000+0  00000+0 0  9998
2 38833  53.5947 140.4467 0184864  67.1359 294.8715  2.00556754100986
GSAT0103 (GALILEO-FM3)
1 38857U 12055A   26244.73214219  .00000023  00000+0  00000+0 0  9994
2 38857  55.8520  99.4435 0002247 317.1657  42.9103  1.70473436 86319
BEIDOU-2 G6 (C02)
1 38953U 12059A   26245.54541772 -.00000176  00000+0  00000+0 0  9992
2 38953   4.6100  72.6425 0007063 326.4941 222.9646  1.00272243 50683
LUCH 5B (SDCM/PRN 125)
1 38977U 12061A   26245.27696110 -.00000136  00000+0  00000+0 0  9994
2 38977  10.6448  49.0909 0005934 159.1825 216.6201  1.00270698 50389
COSMOS 2485 (747)
1 39155U 13019A   26244.86848873  .00000026  00000+0  00000+0 0  9993
2 39155  65.4657  71.0331 0022889 226.6341 133.2270  2.13103256103911
GPS BIIF-4  (PRN 27)
1 39166U 13023A   26243.46856440  .00000033  00000+0  00000+0 0  9992
2 39166  54.4507 265.9012 0141952  51.1456 310.1602  2.00563176 97392
IRNSS-1A
1 39199U 13034A   26245.06989294  .00000077  00000+0  00000+0 0  9990
2 39199  35.8895  62.7696 0019774 177.6805 181.0125  1.00271590 48138
GPS BIIF-5  (PRN 30)
1 39533U 14008A   26244.96609668  .00000017  00000+0  00000+0 0  9990
2 39533  53.6611 146.1867 0083716 231.6236 127.6793  2.00564741 91226
ASTRA 5B (EGNOS/PRN 123)
1 39617U 14011B   26245.88984448  .00000137  00000+0  00000+0 0  9994
2 39617   0.0953 295.5308 0002728 251.6651 138.6630  1.00271209 45448
COSMOS 2492 (754)
1 39620U 14012A   26245.29667251 -.00000029  00000+0  00000+0 0  9995
2 39620  65.2479 311.3134 0011451 308.3597  51.6123  2.13103501 96883
IRNSS-1B
1 39635U 14017A   26241.09350273  .00000120  00000+0  00000+0 0  9994
2 39635  28.8014 239.1486 0020751 194.1058 352.9027  1.00279231 45526
LUCH 5V (SDCM/PRN 141)
1 39727U 14023A   26245.54749773 -.00000269  00000+0  00000+0 0  9999
2 39727   5.3187  68.8917 0002531 128.6458  75.9866  1.00274684 45134
GPS BIIF-6  (PRN 06)
1 39741U 14026A   26245.24431958 -.00000068  00000+0  00000+0 0  9995
2 39741  56.4549 328.5162 0038996 324.3338  35.4634  2.00555325 90086
COSMOS 2500 (755)
1 40001U 14032A   26244.52695094 -.00000027  00000+0  00000+0 0  9991
2 40001  65.1834 311.0808 0009338 201.9509 158.0859  2.13106185 95078
GPS BIIF-7  (PRN 09)
1 40105U 14045A   26244.83592198  .00000010  00000+0  00000+0 0  9996
2 40105  55.4067  85.4113 0036128 119.5219 240.9115  2.00563360 87618
GSAT0201 (GALILEO 5)
1 40128U 14050A   26241.71889678  .00000013  00000+0  00000+0 0  9996
2 40128  48.7978 270.4138 1684517 182.2407 176.9249  1.85519651 79680
GSAT0202 (GALILEO 6)
1 40129U 14050B   26244.66908983  .00000020  00000+0  00000+0 0  9993
2 40129  48.8121 269.3789 1686354 183.0642 175.7799  1.85520211 81901
IRNSS-1C
1 40269U 14061A   26245.54524439 -.00000163  00000+0  00000+0 0  9997
2 40269   6.7093  87.4423 0020599   9.0265 164.5634  1.00272875 43461
GPS BIIF-8  (PRN 03)
1 40294U 14068A   26244.20767629 -.00000048  00000+0  00000+0 0  9996
2 40294  57.0383  28.0323 0067197  73.6148 287.1308  2.00556048 86737
COSMOS 2501 (702K)
1 40315U 14075A   26245.25918909  .00000051  00000+0  00000+0 0  9996
2 40315  63.6178 187.7051 0022263 210.9139 148.9546  2.13101419 91497
GPS BIIF-9  (PRN 26)
1 40534U 15013A   26244.84268366  .00000055  00000+0  00000+0 0  9995
2 40534  53.1599 201.0092 0112215  40.8368 319.9783  2.00571388 83369
GSAT0203 (GALILEO 7)
1 40544U 15017A   26224.52472422 -.00000106  00000+0  00000+0 0  9991
2 40544  56.7648 340.0615 0003323 250.3663 109.6043  1.70476340 70169
GSAT0204 (GALILEO 8)
1 40545U 15017B   26245.31116905 -.00000080  00000+0  00000+0 0  9994
2 40545  56.7622 339.5137 0004517 238.5793 121.4210  1.70475724 33568
BEIDOU-3S IGSO-1S (C31)
1 40549U 15019A   26243.62271124 -.00000154  00000+0  00000+0 0  9999
2 40549  49.0506 294.5494 0039137 200.2477 164.3210  1.00292195 41832
GPS BIIF-10 (PRN 08)
1 40730U 15033A   26245.00548335  .00000041  00000+0  00000+0 0  9996
2 40730  53.9284 263.9138 0116688  30.4575 330.2555  2.00552181 81537
BEIDOU-3S M2S (C58)
1 40748U 15037A   26245.10719539 -.00000025  00000+0  00000+0 0  9999
2 40748  54.7994 299.3935 0011403 259.1516 100.7931  1.86232345 75558
BEIDOU-3S M1S (C57)
1 40749U 15037B   26245.30520428 -.00000025  00000+0  00000+0 0  9999
2 40749  54.7958 299.3724 0001842  51.6117 308.4773  1.86254830 75568
GSAT0206 (GALILEO 10)
1 40890U 15045B   26227.70212104  .00000037  00000+0  00000+0 0  9990
2 40890  54.9326 219.9607 0002304 336.2121  23.7563  1.70473365 68054
BEIDOU-3S IGSO-2S (C56)
1 40938U 15053A   26242.02753071 -.00000098  00000+0  00000+0 0  9995
2 40938  49.1146 257.8968 0066023 192.1118 353.2814  1.00287866 40093
GPS BIIF-11 (PRN 10)
1 41019U 15062A   26244.55915785 -.00000048  00000+0  00000+0 0  9993
2 41019  57.0095  27.8751 0115209 230.9435 128.0369  2.00566897 79364
GSAT-15 (GAGAN/PRN 139)
1 41028U 15065A   26244.40676490 -.00000255  00000+0  00000+0 0  9997
2 41028   0.0703 268.9819 0001931 220.2849  91.2472  1.00272257 39565
GSAT0209 (GALILEO 12)
1 41174U 15079A   26241.94886513  .00000032  00000+0  00000+0 0  9991
2 41174  55.8723  99.2373 0003740  13.7105 346.4072  1.70473774 66034
GSAT0208 (GALILEO 11)
1 41175U 15079B   26243.92900906  .00000027  00000+0  00000+0 0  9999
2 41175  55.8721  99.1795 0003866  26.9705 333.1475  1.70473645 66487
IRNSS-1E
1 41241U 16003A   26245.40825838 -.00000294  00000+0  00000+0 0  9993
2 41241  33.4018  58.6319 0021291 177.4905   4.0985  1.00268171 38859
GPS BIIF-12 (PRN 32)
1 41328U 16007A   26243.15273545  .00000019  00000+0  00000+0 0  9999
2 41328  55.5742  86.4872 0097202 247.3136 111.7351  2.00573260 77344
COSMOS 2514 (751)
1 41330U 16008A   26245.24387547 -.00000027  00000+0  00000+0 0  9993
2 41330  64.9712 310.3592 0013582 208.4288 151.5721  2.13102521 82263
BEIDOU-2 IGSO-6 (C13)
1 41434U 16021A   26245.38933878 -.00000143  00000+0  00000+0 0  9991
2 41434  60.3413  37.2777 0060804 228.0535 312.4777  1.00283914 38258
IRNSS-1G
1 41469U 16027A   26244.92267176 -.00000332  00000+0  00000+0 0  9995
2 41469   5.3801  95.6875 0004044  39.3613 307.7217  1.00274626 37948
GSAT0211 (GALILEO 14)
1 41549U 16030A   26242.87904830  .00000050  00000+0  00000+0 0  9991
2 41549  55.0793 219.6409 0003730 327.8062  32.1373  1.70473175 63942
GSAT0210 (GALILEO 13)
1 41550U 16030B   26223.77897383  .00000047  00000+0  00000+0 0  9991
2 41550  55.0836 220.1634 0004622 250.3639 109.5850  1.70473682 63616
BEIDOU-2 G7 (C03)
1 41586U 16037A   26245.55061774 -.00000352  00000+0  00000+0 0  9994
2 41586   1.9049  69.6422 0004900 357.8386 222.9992  1.00269943  7669
EUTELSAT 117 WEST B (W*)
1 41589U 16038B   26244.36155907 -.00000008  00000+0  00000+0 0  9996
2 41589   0.0094 282.6843 0000139  50.4099  20.5964  1.00270722 37428
GSAT0207 (GALILEO 15)
1 41859U 16069A   26244.00181406  .00000026  00000+0  00000+0 0  9993
2 41859  55.5457  98.9869 0003282 356.4608   3.6340  1.70473677 60695
GSAT0212 (GALILEO 16)
1 41860U 16069B   26242.09542549  .00000031  00000+0  00000+0 0  9997
2 41860  55.5420  99.0346 0004038  34.7013 325.4318  1.70473933 60915
GSAT0213 (GALILEO 17)
1 41861U 16069C   26244.22220891  .00000025  00000+0  00000+0 0  9991
2 41861  55.5455  98.9837 0002535 330.6279  29.4537  1.70474218 60819
GSAT0214 (GALILEO 18)
1 41862U 16069D   26243.19544456  .00000029  00000+0  00000+0 0  9997
2 41862  55.5433  99.0048 0001899   6.4968 353.6073  1.70473871 60920
SES-15 (WAAS/PRN 133)
1 42709U 17026A   26245.50321087  .00000061  00000+0  00000+0 0  9998
2 42709   0.0459 311.1446 0000372 241.5084 200.9792  1.00268557  8201
QZS-2 (QZSS/PRN 194)
1 42738U 17028A   26244.84254505 -.00000110  00000+0  00000+0 0  9994
2 42738  39.3181 242.0236 0752102 270.2731 273.9674  1.00264264  8392
QZS-3 (QZSS/PRN 199)
1 42917U 17048A   26245.52058763 -.00000347  00000+0  00000+0 0  9991
2 42917   0.0542 188.2976 0002137 338.2396 129.5462  1.00267696 33039
COSMOS 2522 (752)
1 42939U 17055A   26245.08135774  .00000054  00000+0  00000+0 0  9996
2 42939  64.0808 189.2681 0009921 238.0411 121.8601  2.13102028 69610
QZS-4 (QZSS/PRN 195)
1 42965U 17062A   26242.60248192 -.00000292  00000+0  00000+0 0  9992
2 42965  40.0604 342.5387 0749307 269.3331  84.4362  1.00277866 32550
BEIDOU-3 M1 (C19)
1 43001U 17069A   26244.91766414 -.00000006  00000+0  00000+0 0  9992
2 43001  56.7625  60.5611 0007390 326.1059  33.8846  1.86230954 60034
BEIDOU-3 M2 (C20)
1 43002U 17069B   26245.39356382 -.00000006  00000+0  00000+0 0  9995
2 43002  56.7613  60.5811 0006484   3.6832 356.3589  1.86230639 60030
GSAT0215 (GALILEO 19)
1 43055U 17079A   26244.27105819  .00000053  00000+0  00000+0 0  9998
2 43055  55.0571 219.4134 0003509 277.8771  82.0536  1.70473901 54287
GSAT0216 (GALILEO 20)
1 43056U 17079B   26242.21582203  .00000048  00000+0  00000+0 0  9991
2 43056  55.0581 219.4700 0004818 284.9827  74.9292  1.70474062 54269
GSAT0217 (GALILEO 21)
1 43057U 17079C   26243.60981600  .00000051  00000+0  00000+0 0  9994
2 43057  55.0557 219.4293 0004174 299.3063  60.6200  1.70473988 54275
GSAT0218 (GALILEO 22)
1 43058U 17079D   26244.41648307  .00000053  00000+0  00000+0 0  9991
2 43058  55.0557 219.4048 0005213 281.9340  77.9785  1.70473953 54310
BEIDOU-3 M7 (C27)
1 43107U 18003A   26245.13587542 -.00000027  00000+0  00000+0 0  9999
2 43107  54.2561 299.6271 0003236 105.2594 254.8488  1.86228292 58783
BEIDOU-3 M8 (C28)
1 43108U 18003B   26245.07944686 -.00000027  00000+0  00000+0 0  9999
2 43108  54.2489 299.6102 0004186 260.9755  99.0497  1.86231221 58795
BEIDOU-3 M4 (C22)
1 43207U 18018A   26244.98596811 -.00000006  00000+0  00000+0 0  9994
2 43207  56.7218  60.6201 0006332  42.4001 317.6866  1.86230835 58171
BEIDOU-3 M3 (C21)
1 43208U 18018B   26243.97856575 -.00000006  00000+0  00000+0 0  9999
2 43208  56.7198  60.6572 0005768 349.8438  10.1843  1.86231147 58155
BEIDOU-3 M9 (C29)
1 43245U 18029A   26245.27086509 -.00000022  00000+0  00000+0 0  9997
2 43245  54.1214 297.2475 0001685 223.9110 136.1470  1.86228279 57336
BEIDOU-3 M10 (C30)
1 43246U 18029B   26244.66787149 -.00000022  00000+0  00000+0 0  9998
2 43246  54.1193 297.2951 0002700  18.6567 341.4265  1.86229407 57300
IRNSS-1I
1 43286U 18035A   26244.61296404  .00000084  00000+0  00000+0 0  9990
2 43286  28.9296  73.0045 0019817 176.8219   6.9175  1.00279203 30847
COSMOS 2527 (756)
1 43508U 18053A   26245.04361079  .00000027  00000+0  00000+0 0  9993
2 43508  65.6237  71.3459 0006871 214.4264 145.5813  2.13102165 63912
BEIDOU-2 IGSO-7 (C16)
1 43539U 18057A   26244.76456388 -.00000116  00000+0  00000+0 0  9997
2 43539  55.2139 162.4106 0108102 236.7853 329.3143  1.00280807 29896
GSAT0221 (GALILEO 25)
1 43564U 18060A   26237.28182826 -.00000090  00000+0  00000+0 0  9992
2 43564  57.1421 339.9161 0003631 268.6398  91.3447  1.70476440 50344
GSAT0222 (GALILEO 26)
1 43565U 18060B   26239.26134237 -.00000083  00000+0  00000+0 0  9998
2 43565  57.1448 339.8664 0004255 238.6216 121.3694  1.70476192 50421
GSAT0219 (GALILEO 23)
1 43566U 18060C   26242.41507177 -.00000076  00000+0  00000+0 0  9999
2 43566  57.1426 339.7826 0003514 273.9182  86.0846  1.70476242 50453
GSAT0220 (GALILEO 24)
1 43567U 18060D   26240.28976461 -.00000079  00000+0  00000+0 0  9992
2 43567  57.1433 339.8408 0003194 267.3450  92.6548  1.70476219 50409
BEIDOU-3 M5 (C23)
1 43581U 18062A   26244.89175250  .00000042  00000+0  00000+0 0  9997
2 43581  54.0839 179.6980 0004467 305.8437  54.1144  1.86228805 55068
BEIDOU-3 M6 (C24)
1 43582U 18062B   26245.29250273  .00000039  00000+0  00000+0 0  9998
2 43582  54.0837 179.6737 0006138  25.1312 334.8989  1.86228083 55072
BEIDOU-3 M12 (C26)
1 43602U 18067A   26245.23104028  .00000038  00000+0  00000+0 0  9995
2 43602  54.1796 178.4292 0008581  35.0488 325.0097  1.86227663 54558
BEIDOU-3 M11 (C25)
1 43603U 18067B   26244.82934902  .00000041  00000+0  00000+0 0  9996
2 43603  54.1770 178.4062 0005097  22.6581 337.3657  1.86227187 54572
BEIDOU-3 M13 (C32)
1 43622U 18072A   26243.70957954 -.00000006  00000+0  00000+0 0  9993
2 43622  56.6935  60.1708 0004403 332.2723  27.7441  1.86231333 54068
BEIDOU-3 M14 (C33)
1 43623U 18072B   26244.11195427 -.00000007  00000+0  00000+0 0  9990
2 43623  56.6957  60.1520 0004103  24.7273 335.3311  1.86231301 54064
BEIDOU-3 M16 (C35)
1 43647U 18078A   26243.19238735 -.00000022  00000+0  00000+0 0  9996
2 43647  54.0191 297.3507 0006041  34.0689 326.0483  1.86232300 53559
BEIDOU-3 M15 (C34)
1 43648U 18078B   26244.39655973 -.00000022  00000+0  00000+0 0  9997
2 43648  54.0138 297.3083 0002675  42.9875 317.1075  1.86227427 53590
BEIDOU-3 G1 (C59)
1 43683U 18085A   26245.67217841 -.00000108  00000+0  00000+0 0  9999
2 43683   2.5829  95.1960 0006315  19.6616 269.0120  1.00272148 28832
COSMOS 2529 (757)
1 43687U 18086A   26245.13960507  .00000055  00000+0  00000+0 0  9999
2 43687  64.2971 189.9972 0010973 255.4267 104.4487  2.13101972 60926
BEIDOU-3 M17 (C36)
1 43706U 18093A   26245.36477228  .00000038  00000+0  00000+0 0  9998
2 43706  54.1671 179.6800 0008898 300.8721 239.7703  1.86228192 52974
BEIDOU-3 M18 (C37)
1 43707U 18093B   26244.95935126  .00000041  00000+0  00000+0 0  9993
2 43707  54.1684 179.6857 0007563 332.9148  27.0455  1.86226707 52969
GPS BIII-1  (PRN 04)
1 43873U 18109A   26245.30183764  .00000011  00000+0  00000+0 0  9995
2 43873  55.7318  89.1442 0039722 196.2440 168.0925  2.00564609 56625
BEIDOU-3 IGSO-1 (C38)
1 44204U 19023A   26240.34823663 -.00000187  00000+0  00000+0 0  9993
2 44204  58.7997  36.9119 0027056 222.6066 321.7076  1.00270870  7934
BEIDOU-2 G8 (C01)
1 44231U 19027A   26245.55737777 -.00000246  00000+0  00000+0 0  9991
2 44231   1.8467  74.3534 0008950 280.8096 331.6964  1.00275331 26858
COSMOS 2534 (758)
1 44299U 19030A   26245.66200302  .00000052  00000+0  00000+0 0  9994
2 44299  64.3707 190.0089 0012368 275.6366 259.6325  2.13102212 56578
BEIDOU-3 IGSO-2 (C39)
1 44337U 19035A   26241.71502684 -.00000141  00000+0  00000+0 0  9992
2 44337  55.2506 158.2181 0038917 211.5634 345.2616  1.00278019 26409
GPS BIII-2  (PRN 18)
1 44506U 19056A   26245.48936689 -.00000070  00000+0  00000+0 0  9998
2 44506  55.5939 328.0689 0065562 199.6428 205.5218  2.00570854 51624
BEIDOU-3 M24 (C46)
1 44542U 19061A   26245.02694453  .00000042  00000+0  00000+0 0  9992
2 44542  54.3951 180.1380 0009119   9.4632 350.5531  1.86229469 47227
BEIDOU-3 M23 (C45)
1 44543U 19061B   26245.43157181  .00000038  00000+0  00000+0 0  9995
2 44543  54.3934 180.0929 0005943 356.3921 186.0092  1.86227611 47235
EUTELSAT 5 WEST B (EGN*)
1 44624U 19067A   26245.88421111 -.00000042  00000+0  00000+0 0  9993
2 44624   0.0971 306.8536 0003215 220.4818 128.0075  1.00271655 25205
BEIDOU-3 IGSO-3 (C40)
1 44709U 19073A   26243.50237293 -.00000156  00000+0  00000+0 0  9993
2 44709  54.6728 280.0769 0046840 197.7740 162.1531  1.00267582 25217
BEIDOU-3 M22 (C44)
1 44793U 19078A   26245.40480801 -.00000022  00000+0  00000+0 0  9999
2 44793  53.8629 297.1061 0004888  43.8425 316.2672  1.86227432 46082
BEIDOU-3 M21 (C43)
1 44794U 19078B   26242.85974398 -.00000021  00000+0  00000+0 0  9994
2 44794  53.8383 297.1553 0002799  33.7450 326.3521  1.86228059 46048
COSMOS 2544 (759)
1 44850U 19088A   26245.45726006  .00000027  00000+0  00000+0 0  9993
2 44850  65.6117  71.1542 0011848 246.5067 113.4201  2.13102989 52364
BEIDOU-3 M19 (C41)
1 44864U 19090A   26244.71055113 -.00000007  00000+0  00000+0 0  9992
2 44864  56.6289  60.2648 0015664 294.0073  64.8482  1.86231418 45653
BEIDOU-3 M20 (C42)
1 44865U 19090B   26244.57751722 -.00000007  00000+0  00000+0 0  9996
2 44865  56.6307  60.3041 0013165 309.5531  49.6821  1.86231284 45635
BEIDOU-3 G2 (C60)
1 45344U 20017A   26245.54463772 -.00000139  00000+0  00000+0 0  9999
2 45344   2.5587  48.2141 0002285 116.9994  92.6054  1.00271332 24039
COSMOS 2545 (760)
1 45358U 20018A   26243.30590382 -.00000023  00000+0  00000+0 0  9997
2 45358  64.3053 309.7767 0011530 234.8469 125.1252  2.13102819 50261
BEIDOU-3 G3 (C61)
1 45807U 20040A   26245.55061774 -.00000353  00000+0  00000+0 0  9994
2 45807   2.6305  67.4223 0002503 289.4178 293.6171  1.00275203 22840
GPS BIII-3  (PRN 23)
1 45854U 20041A   26245.49817021 -.00000051  00000+0  00000+0 0  9999
2 45854  56.7182  25.9503 0067651 205.3181 140.8697  2.00556472 45584
GALAXY 30 (WAAS/PRN 135)
1 46114U 20056C   26245.50399087  .00000038  00000+0  00000+0 0  9998
2 46114   0.0201 126.1799 0002451  47.8793 224.0279  1.00271960 22068
COSMOS 2547 (705K)
1 46805U 20075A   26244.43461558  .00000056  00000+0  00000+0 0  9990
2 46805  64.6017 189.9319 0008770 237.4458 122.4647  2.13099888 45535
GPS BIII-4  (PRN 14)
1 46826U 20078A   26243.30813801  .00000054  00000+0  00000+0 0  9991
2 46826  53.9711 207.7340 0075871 208.3019 335.7923  2.00564998 43011
GPS BIII-5  (PRN 11)
1 48859U 21054A   26245.35094649 -.00000071  00000+0  00000+0 0  9992
2 48859  55.1317 329.3566 0028283 230.1355 175.1213  2.00564088 38301
QZS-1R (QZSS/PRN 196)
1 49336U 21096A   26245.41111839 -.00000237  00000+0  00000+0 0  9991
2 49336  37.6196  78.4414 0742377 269.6983 274.8980  1.00291319 17787
GSAT0223 (GALILEO 27)
1 49809U 21116A   26245.47206148 -.00000080  00000+0  00000+0 0  9999
2 49809  57.1297 339.5890 0004022 223.7478 167.6349  1.70475983 29507
GSAT0224 (GALILEO 28)
1 49810U 21116B   26245.35778226 -.00000080  00000+0  00000+0 0  9999
2 49810  57.1304 339.5911 0003111 216.9998 216.8942  1.70476226 29520
COSMOS 2557 (706K)
1 52984U 22075A   26243.19056817 -.00000026  00000+0  00000+0 0  9995
2 52984  64.2495 311.8412 0012225 269.5137  90.4254  2.13102512 32315
COSMOS 2559 (707K)
1 54031U 22130A   26245.35668653 -.00000031  00000+0  00000+0 0  9995
2 54031  64.2210 311.8448 0013507 187.1850 172.8690  2.13101630 30334
COSMOS 2564 (761)
1 54377U 22161A   26245.19964841  .00000055  00000+0  00000+0 0  9997
2 54377  64.7435 190.1569 0011280 220.5561 139.3572  2.13101936 29277
GPS BIII-6  (PRN 28)
1 55268U 23009A   26244.54621897  .00000022  00000+0  00000+0 0  9992
2 55268  55.1262 145.5166 0005931 327.9083 255.5448  2.00566357 26776
BEIDOU-3 G4 (C62)
1 56564U 23066A   26245.55651110 -.00000279  00000+0  00000+0 0  9993
2 56564   0.4404 353.3203 0005274 200.4351 128.3252  1.00274394 12165
NVS-01 (IRNSS-1J)
1 56759U 23076A   26245.52058763 -.00000336  00000+0  00000+0 0  9996
2 56759   1.9911 240.8215 0004790 359.3552  58.4652  1.00269223 11893
COSMOS 2569 (703K)
1 57517U 23114A   26242.86545814  .00000029  00000+0  00000+0 0  9992
2 57517  65.3485  70.1040 0008613 291.1167  68.8486  2.13102493 23858
BEIDOU-3 M28 (C50)
1 58654U 23207A   26244.01033772 -.00000009  00000+0  00000+0 0  9991
2 58654  55.8240  59.7485 0001071  38.1640 321.8823  1.86229622 18254
BEIDOU-3 M26 (C48)
1 58655U 23207B   26245.41871650 -.00000010  00000+0  00000+0 0  9994
2 58655  55.8272  59.6878 0000722 272.8087  87.2193  1.86229528 18268
GSAT0225 (GALILEO 29)
1 59598U 24079A   26244.36555868  .00000023  00000+0  00000+0 0  9995
2 59598  55.1669  98.9501 0001053 114.8154  63.2768  1.70473998 14617
GSAT0227 (GALILEO 30)
1 59600U 24079C   26244.84558580  .00000021  00000+0  00000+0 0  9994
2 59600  55.1630  98.9347 0004012  90.0418 270.0964  1.70474000 14670
GSAT0232 (GALILEO 32)
1 61182U 24167A   26245.38081861  .00000055  00000+0  00000+0 0  9990
2 61182  55.1691 219.1967 0005943 234.3946 309.8500  1.70473473 12198
GSAT0226 (GALILEO 31)
1 61183U 24167B   26245.13354112  .00000055  00000+0  00000+0 0  9996
2 61183  55.1679 219.2107 0002739 242.6656 241.1504  1.70473473 12161
BEIDOU-3 M25 (C47)
1 61186U 24168B   26245.37395036 -.00000026  00000+0  00000+0 0  9995
2 61186  54.4016 299.5547 0004348 286.7204 160.9665  1.86229910 13222
BEIDOU-3 M27 (C49)
1 61187U 24168C   26245.12667803 -.00000026  00000+0  00000+0 0  9993
2 61187  54.3973 299.5460 0000732 323.2838  93.6677  1.86230015 10692
GPS BIII-7  (PRN 01)
1 62339U 24242A   26239.20890753 -.00000076  00000+0  00000+0 0  9995
2 62339  54.8137 331.3018 0018734   2.2606  50.2180  2.00573421 12688
QZS-6 (QZSS/PRN 200)
1 62876U 25023A   26245.63656141 -.00000233  00000+0  00000+0 0  9999
2 62876   0.0143  69.6887 0001644 111.9376 119.8315  1.00272609  5725
COSMOS 2584 (704K)
1 63130U 25042A   26244.62920642  .00000025  00000+0  00000+0 0  9990
2 63130  65.1327  70.2053 0006230 203.0814 156.9422  2.13103520 11676
GPS BIII-8  (PRN 21)
1 64202U 25116A   26245.33420686 -.00000051  00000+0  00000+0 0  9995
2 64202  55.2856  28.0325 0008779 336.8655   1.5526  2.00570071  9419
COSMOS 2596 (708K)
1 65590U 25206B   26245.49124773 -.00000032  00000+0  00000+0 0  9990
2 65590  64.5848 312.2920 0012130 302.0504 114.8423  2.13100680  7564
GSAT0233 (GALILEO 33)
1 67160U 25302A   26228.05287069 -.00000024  00000+0  00000+0 0  9994
2 67160  54.3718 100.4241 0001998 138.6687  38.9083  1.70474082  4141
GSAT0234 (GALILEO 34)
1 67162U 25302C   26237.15322243  .00000003  00000+0  00000+0 0  9997
2 67162  54.3792 100.1638 0000641 351.8887 190.9044  1.70474264  4358
GPS BIII-9  (PRN 20)
1 67588U 26017A   26242.98181075  .00000018  00000+0  00000+0 0  9992
2 67588  55.1394  85.7536 0020784 262.5551  97.2893  2.00569263433117
GPS BIII-10 (PRN 13)
1 68791U 26087A   26245.43590516  .00000060  00000+0  00000+0 0  9990
2 68791  54.9570 204.7352 0021008 103.9598  74.5554  2.00576602  2383
DMSP 5D-3 F16 (USA 172)
1 28054U 03048A   26245.62980572  .00000003  00000+0  25326-4 0  9996
2 28054  98.9875 269.9633 0005988 291.3787 174.7412 14.14488788180437
METEOSAT-9 (MSG-2)
1 28912U 05049B   26245.53787770  .00000124  00000+0  00000+0 0  9998
2 28912   9.5317  53.3771 0001558 349.3291 178.3408  1.00268988  7779
DMSP 5D-3 F17 (USA 191)
1 29522U 06050A   26245.59832741  .00000059  00000+0  52923-4 0  9997
2 29522  98.7420 250.5977 0009803 188.4454 171.6556 14.15004477 23370
FENGYUN 3A
1 32958U 08026A   26245.29686258  .00000049  00000+0  43637-4 0  9997
2 32958  98.6915 184.6975 0007560 266.3721  93.6591 14.19584759946344
EWS-G3 (GOES 14)
1 35491U 09033A   26245.63656141 -.00000203  00000+0  00000+0 0  9992
2 35491   1.8824  81.9762 0002183  88.1729 132.7005  1.00073786  7365
DMSP 5D-3 F18 (USA 210)
1 35951U 09057A   26245.57397882  .00000166  00000+0  10913-3 0  9991
2 35951  98.9125 226.2055 0011857  36.0512 324.1459 14.14935935870535
EWS-G2 (GOES 15)
1 36411U 10008A   26245.54134438  .00000022  00000+0  00000+0 0  9997
2 36411   1.4845  81.9315 0005273  77.8085  80.1883  1.00270451 60417
FENGYUN 3B
1 37214U 10059A   26245.61092164 -.00000013  00000+0  16450-4 0  9994
2 37214  98.9555 291.9290 0021569 330.0841 152.4295 14.14855499818379
SUOMI NPP
1 37849U 11061A   26245.59290496  .00000057  00000+0  47952-4 0  9995
2 37849  98.7986 185.9506 0002821  95.8501 264.2996 14.19531032769420
METEOSAT-10 (MSG-3)
1 38552U 12035B   26245.31491906 -.00000005  00000+0  00000+0 0  9990
2 38552   4.8487  60.5834 0000991 114.3467 280.0663  1.00268526 51637
METOP-B
1 38771U 12049A   26245.61925339  .00000026  00000+0  31712-4 0  9994
2 38771  98.6436 295.5479 0003386 113.6342 246.5191 14.21456762724262
INSAT-3D
1 39216U 13038B   26245.52058763 -.00000338  00000+0  00000+0 0  9994
2 39216   2.1182  81.4834 0001429 127.3288  89.8060  1.00271263 47859
FENGYUN 3C
1 39260U 13052A   26245.57232934  .00000041  00000+0  42091-4 0  9999
2 39260  98.5074 215.9260 0015008 156.4189 203.7676 14.15769499669511
METEOR-M 2
1 40069U 14037A   26245.57412043 -.00000043  00000+0 -48954-6 0  9993
2 40069  98.5207 218.6039 0005842 160.0079 200.1329 14.21479983630311
HIMAWARI-8
1 40267U 14060A   26245.55659777 -.00000275  00000+0  00000+0 0  9993
2 40267   0.0368 303.4240 0001668 269.3696 109.9498  1.00268310 43532
FENGYUN 2G
1 40367U 14090A   26245.54845106 -.00000302  00000+0  00000+0 0  9990
2 40367   5.8268  71.8445 0003915 183.7733  23.0956  1.00279021 42777
METEOSAT-11 (MSG-4)
1 40732U 15034A   26245.31673907  .00000063  00000+0  00000+0 0  9991
2 40732   3.3896  70.5612 0000748  54.5759 339.6326  1.00269156  7999
ELEKTRO-L 2
1 41105U 15074A   26245.31205905 -.00000117  00000+0  00000+0 0  9990
2 41105   6.8806  69.5443 0001749 183.6271 186.1092  1.00270385 39286
SENTINEL-3A
1 41335U 16011A   26245.63991099  .00000040  00000+0  34736-4 0  9990
2 41335  98.6301 311.8949 0000959  99.4610 260.6679 14.26735307549105
INSAT-3DR
1 41752U 16054A   26244.75934468 -.00000075  00000+0  00000+0 0  9990
2 41752   0.0903  92.0814 0011531 172.6766  63.5467  1.00271748 36586
HIMAWARI-9
1 41836U 16064A   26245.41475840  .00000000  00000+0  00000+0 0  9999
2 41836   0.0172 155.5831 0002439  69.3643  46.6773  1.00266929 35984
GOES 16
1 41866U 16071A   26245.50806422 -.00000090  00000+0  00000+0 0  9994
2 41866   0.5238  84.7546 0001727 128.4120 206.7049  1.00272145 35877
FENGYUN 4A
1 41882U 16077A   26244.98289455 -.00000356  00000+0  00000+0 0  9995
2 41882   2.5098  79.3020 0008153 165.8634 213.1690  1.00264106 35707
CYGFM05
1 41884U 16078A   26244.99110241  .00018691  00000+0  22365-3 0  9997
2 41884  34.9553 110.7406 0004300 177.3646 182.7102 15.59997073540742
CYGFM04
1 41885U 16078B   26245.59015990  .00027691  00000+0  26131-3 0  9995
2 41885  34.9311  70.1348 0004112 241.7918 118.2394 15.65985135541121
CYGFM02
1 41886U 16078C   26245.54933907  .00101332  00000+0  79675-3 0  9994
2 41886  34.9394  62.3507 0004525 249.6838 110.3404 15.70174028541312
CYGFM01
1 41887U 16078D   26244.94338607  .00020060  00000+0  23267-3 0  9998
2 41887  34.9382 111.4449 0003897 171.3366 188.7427 15.60798535540697
CYGFM08
1 41888U 16078E   26245.58697038  .00024480  00000+0  24902-3 0  9993
2 41888  34.9421  84.4647 0005482 214.7785 145.2584 15.64116811541081
CYGFM07
1 41890U 16078G   26245.60469317  .00024087  00000+0  24396-3 0  9996
2 41890  34.9434  72.6140 0004595 235.6803 124.3489 15.64234235541119
CYGFM03
1 41891U 16078H   26245.57641822  .00024620  00000+0  24955-3 0  9990
2 41891  34.9393  74.7226 0003764 221.6949 138.3491 15.64215659541088
FENGYUN 3D
1 43010U 17072A   26245.59877825 -.00000022  00000+0  11611-4 0  9993
2 43010  99.0220 221.4513 0001489 145.9114 214.2157 14.19752545455972
NOAA 20 (JPSS-1)
1 43013U 17073A   26245.60649318  .00000032  00000+0  36375-4 0  9997
2 43013  98.7799 184.3899 0001857  64.4096 295.7272 14.19523980455453
GOES 17
1 43226U 18022A   26245.51101090 -.00000181  00000+0  00000+0 0  9995
2 43226   1.1288  84.4187 0001154 129.3372 222.3669  1.00269870 31196
SENTINEL-3B
1 43437U 18039A   26245.47279056  .00000045  00000+0  36770-4 0  9996
2 43437  98.6296 311.8800 0001600  86.2953 273.8410 14.26734946435142
FENGYUN 2H
1 43491U 18050A   26245.54446439 -.00000129  00000+0  00000+0 0  9994
2 43491   3.2221  78.1079 0002701 147.3595  31.5270  1.00273137 30217
METOP-C
1 43689U 18087A   26245.49424735  .00000043  00000+0  39329-4 0  9997
2 43689  98.6573 303.6569 0000612  44.9821 315.1406 14.21512996405817
GEO-KOMPSAT-2A
1 43823U 18100A   26243.00169725  .00000000  00000+0  00000+0 0  9995
2 43823   0.0201 109.3380 0001753   6.8875 351.8379  1.00269640 28384
METEOR-M2 2
1 44387U 19038A   26245.58520723  .00000324  00000+0  15988-3 0  9990
2 44387  98.9225 234.0406 0001890 120.1164 240.0202 14.24384209372318
FENGYUN 3E
1 49008U 21062A   26245.57422657  .00000096  00000+0  66160-4 0  9996
2 49008  98.7538 248.1339 0000986 179.6940 180.4237 14.19909827267563
GOES 18
1 51850U 22021A   26245.48421551  .00000098  00000+0  00000+0 0  9990
2 51850   0.0302 292.4518 0000635 293.8480 152.6554  1.00270960  7364
NOAA 21 (JPSS-2)
1 54234U 22150A   26245.56751686  .00000034  00000+0  36947-4 0  9990
2 54234  98.7083 183.0622 0001775  13.0356 347.0866 14.19547690197529
METEOSAT-12 (MTG-I1)
1 54743U 22170C   26245.31483240 -.00000007  00000+0  00000+0 0  9995
2 54743   0.7641  24.5723 0003774  89.8102 340.0327  1.00268946 13756
TIANMU-1 03
1 55973U 23039A   26245.60491241  .00010539  00000+0  19448-3 0  9998
2 55973  97.5268  62.7468 0003280 146.8909 213.2548 15.49298803192816
TIANMU-1 04
1 55974U 23039B   26245.62723612  .00010604  00000+0  19107-3 0  9996
2 55974  97.5210  61.9347 0004096 148.6140 211.5356 15.49976217192836
TIANMU-1 05
1 55975U 23039C   26245.58961597  .00010582  00000+0  19585-3 0  9993
2 55975  97.5259  62.3171 0002544 168.4784 191.6525 15.49216603192797
TIANMU-1 06
1 55976U 23039D   26245.50688117  .00010500  00000+0  19011-3 0  9994
2 55976  97.5255  62.9478 0003050 158.4401 201.6979 15.49846870192811
FENGYUN 3G
1 56232U 23055A   26245.63684983  .00014451  00000+0  23205-3 0  9998
2 56232  49.9926 306.7011 0012361 338.7895  21.2558 15.53167118192040
METEOR-M2 3
1 57166U 23091A   26245.59760090 -.00000022  00000+0  92445-5 0  9998
2 57166  98.6016 298.9648 0003031 317.6337  42.4608 14.24051905165535
TIANMU-1 07
1 57399U 23101A   26245.45962979  .00003597  00000+0  12417-3 0  9991
2 57399  97.2524 294.3670 0002013 174.1694 185.9571 15.30589895173463
TIANMU-1 08
1 57400U 23101B   26245.55692444  .00003616  00000+0  12480-3 0  9994
2 57400  97.2514 294.2215 0003553 177.5552 182.5707 15.30589882173470
TIANMU-1 09
1 57401U 23101C   26245.53908255  .00003726  00000+0  12860-3 0  9997
2 57401  97.2472 293.5795 0002577 190.5007 169.6181 15.30569383173470
TIANMU-1 10
1 57402U 23101D   26245.57245510  .00003740  00000+0  12886-3 0  9994
2 57402  97.2551 294.7438 0003760 196.6059 163.5060 15.30621910173479
FENGYUN 3F
1 57490U 23111A   26245.55619485  .00000007  00000+0  23521-4 0  9998
2 57490  98.6778 314.0994 0000950 114.1998 245.9278 14.19949731159841
ARKTIKA-M 2
1 58584U 23198A   26230.07438780  .00000056  00000+0  00000+0 0  9992
2 58584  63.2129 147.3319 6901614 267.6403  18.7125  2.00593343 19562
TIANMU-1 11
1 58645U 23205A   26245.62340830  .00003213  00000+0  12134-3 0  9997
2 58645  97.3441 265.9972 0010609  90.8045 269.4410 15.27677760149345
TIANMU-1 12
1 58646U 23205B   26245.54070012  .00003445  00000+0  13127-3 0  9991
2 58646  97.3430 265.6318 0009368  79.5608 280.6687 15.27347268149319
TIANMU-1 13
1 58647U 23205C   26245.50691517  .00003196  00000+0  12205-3 0  9996
2 58647  97.3456 265.9001 0007842  64.8856 295.3196 15.27337957149308
TIANMU-1 14
1 58648U 23205D   26245.62123351  .00003321  00000+0  12659-3 0  9999
2 58648  97.3395 265.1339 0008690  68.1362 292.0800 15.27361021149325
TIANMU-1 19
1 58660U 23208A   26245.61548052  .00005423  00000+0  17452-3 0  9995
2 58660  97.4560   2.3965 0005864  52.7362 307.4413 15.32642841149182
TIANMU-1 20
1 58661U 23208B   26245.59319872  .00005421  00000+0  16800-3 0  9993
2 58661  97.4504   3.0908 0008031  55.8122 304.3881 15.33837037149283
TIANMU-1 21
1 58662U 23208C   26245.59022100  .00006443  00000+0  18394-3 0  9994
2 58662  97.4569   6.1180 0007828  48.7166 311.4750 15.36354380149443
TIANMU-1 22
1 58663U 23208D   26245.56030998  .00004901  00000+0  16099-3 0  9993
2 58663  97.4557   2.2067 0005035  74.3334 285.8463 15.32037131149175
TIANMU-1 15
1 58700U 24004A   26245.61816731  .00003406  00000+0  12992-3 0  9990
2 58700  97.4680  71.8350 0008680  68.0077 292.2084 15.27347115147599
TIANMU-1 16
1 58701U 24004B   26245.60428231  .00003210  00000+0  12224-3 0  9995
2 58701  97.4630  71.0118 0007457  81.1769 279.0315 15.27451767147593
TIANMU-1 17
1 58702U 24004C   26245.58989111  .00003421  00000+0  13010-3 0  9990
2 58702  97.4655  71.5099 0006999  85.4996 274.7042 15.27446696147586
TIANMU-1 18
1 58703U 24004D   26245.63444017  .00003184  00000+0  12165-3 0  9994
2 58703  97.4672  71.8214 0006413  70.7638 289.4294 15.27348461147593
INSAT-3DS
1 58990U 24033A   26245.64211314 -.00000155  00000+0  00000+0 0  9994
2 58990   0.0668 265.0772 0001406 283.9334 106.0398  1.00270204 47841
METEOR-M2 4
1 59051U 24039A   26245.62974976  .00000003  00000+0  20882-4 0  9993
2 59051  98.7090 203.9814 0006248 313.2862  46.7794 14.22436376130275
GOES 19
1 60133U 24119A   26245.51387093 -.00000248  00000+0  00000+0 0  9998
2 60133   0.0459 310.7562 0000687 296.4121 204.3058  1.00271529  7740
MTG-S1
1 64723U 25143A   26245.31483240 -.00000005  00000+0  00000+0 0  9995
2 64723   0.5972 345.8695 0003959 251.9717 216.6401  1.00273743  4196
METOP-SGA1
1 65159U 25172A   26245.45811844  .00000002  00000+0  21043-4 0  9992
2 65159  98.7097 303.6882 0000965  83.6724 276.4563 14.21501440 54765
FENGYUN 3H
1 65815U 25219A   26245.27172573  .00000020  00000+0  29877-4 0  9995
2 65815  98.6798 184.5512 0001069 105.8169 254.3125 14.19931168 48328
SCD 1
1 22490U 93009B   26245.58690569  .00000313  00000+0  34604-4 0  9992
2 22490  24.9698  89.6670 0041753 237.1061 149.5826 14.46145772772331
TECHSAT 1B (GO-32)
1 25397U 98043D   26245.47180548  .00000016  00000+0  27103-4 0  9999
2 25397  99.0139 240.2038 0001639  36.3951 323.7338 14.24440957462331
SCD 2
1 25504U 98060A   26245.57173912  .00000307  00000+0  34717-4 0  9998
2 25504  24.9961 314.9233 0016548 220.4389 275.1879 14.45548732471538
DLR-TUBSAT
1 25757U 99029B   26244.96796273  .00000029  00000+0  18970-4 0  9991
2 25757  98.6758 243.0211 0015270 114.8531 245.4253 14.52442678444394
MAROC-TUBSAT
1 27004U 01056D   26245.27678565 -.00000040  00000+0  74202-5 0  9994
2 27004  99.8133  63.6123 0019188 307.0953 228.7672 13.70265097236749
SHIYAN-1 (SY-1)
1 28220U 04012A   26245.18673939  .00010003  00000+0  29139-3 0  9996
2 28220  97.8643 328.3471 0006636 105.3363 254.8613 15.35595941222904
AURA
1 28376U 04026A   26245.62991738  .00000464  00000+0  10347-3 0  9993
2 28376  98.3490 202.7561 0001657  75.3869 284.7516 14.61426631177520
IRS-P5 (CARTOSAT-1)
1 28649U 05017A   26245.31561753  .00000682  00000+0  73925-4 0  9997
2 28649  97.5299 264.8844 0002184 117.3459 242.7983 14.91216412155314
SINAH 1
1 28893U 05043D   26245.61799443  .00000184  00000+0  44260-4 0  9996
2 28893  98.2966  20.4413 0015156  38.2074 322.0199 14.64203111111853
ARIRANG-2 (KOMPSAT-2)
1 29268U 06031A   26245.62658252  .00000205  00000+0  46835-4 0  9998
2 29268  97.8335  66.3444 0014102 182.3272 242.6543 14.64699163 72817
LAPAN-TUBSAT
1 29709U 07001A   26245.62381683  .00000327  00000+0  43984-4 0  9994
2 29709  98.1391 246.6162 0010954 297.7520  62.2583 14.86017166 62653
HAIYANG-1B
1 31113U 07010A   26244.91662271  .00000045  00000+0  33058-4 0  9990
2 31113  98.3581 223.8156 0013106 339.5805  20.4853 14.31043185 11617
TERRASAR-X
1 31698U 07026A   26245.45523693  .00000134  00000+0  95590-5 0  9998
2 31698  97.4467 252.0665 0001611  90.4519 269.6900 15.19153115 64957
WORLDVIEW-1 (WV-1)
1 32060U 07041A   26245.61654876  .00003825  00000+0  15851-3 0  9995
2 32060  97.3854   4.2534 0002001 101.6954 258.4508 15.24501159 54673
YAOGAN-3
1 32289U 07055A   26245.64446050  .00002159  00000+0  22389-3 0  9992
2 32289  97.8121 274.7562 0001775  93.6290 266.5131 14.91033082 17414
COSMO-SKYMED 2
1 32376U 07059A   26245.59564647  .00000199  00000+0  31607-4 0  9996
2 32376  97.8912  68.0871 0001406  88.5576 271.5798 14.82155489 13470
RADARSAT-2
1 32382U 07061A   26245.56555466  .00000187  00000+0  89596-4 0  9999
2 32382  98.5812 251.4030 0001274  83.0525 277.0803 14.29980956977019
CARTOSAT-2A
1 32783U 08021A   26245.56375497  .00000651  00000+0  94101-4 0  9999
2 32783  97.7565 291.6076 0010747 214.4087 145.6430 14.79318657990248
HUANJING 1A (HJ-1A)
1 33320U 08041A   26245.63613691  .00000588  00000+0  76461-4 0  9996
2 33320  97.6764 228.5178 0017392 242.8306 117.1136 14.84141426969898
HUANJING 1B (HJ-1B)
1 33321U 08041B   26245.64101487  .00000415  00000+0  56366-4 0  9994
2 33321  97.6596 231.4562 0034799 290.5277  69.2205 14.83444532969896
GEOEYE 1
1 33331U 08042A   26245.55352774  .00000213  00000+0  48920-4 0  9996
2 33331  98.1278 318.5572 0004944 159.0652 201.0754 14.64682856961476
THEOS
1 33396U 08049A   26245.61091481  .00000052  00000+0  44410-4 0  9997
2 33396  98.5499 300.3537 0001310  88.9309 271.2019 14.20142262928952
COSMO-SKYMED 3
1 33412U 08054A   26245.62150905  .00002287  00000+0  15521-3 0  9992
2 33412  97.8172 105.4614 0015914   8.9104 351.2403 15.07375263968608
YAOGAN-4
1 33446U 08061A   26245.27376554  .00000593  00000+0  78873-4 0  9996
2 33446  97.9314 178.2236 0014224 173.7078 186.4317 14.83324778957097
GOSAT (IBUKI)
1 33492U 09002A   26245.25241364  .00000390  00000+0  77335-4 0  9998
2 33492  98.0944 355.3893 0001514 104.1808 255.9565 14.67544176942766
DEIMOS-1
1 35681U 09041A   26245.57511877  .00000227  00000+0  40524-4 0  9996
2 35681  97.7508  39.4966 0000956  24.8888 335.2368 14.75304474918294
DUBAISAT-1
1 35682U 09041B   26245.34664164  .00000559  00000+0  90078-4 0  9997
2 35682  98.0156  17.8086 0010424 175.8156 184.3142 14.75233876916475
OCEANSAT-2
1 35931U 09051A   26245.61867608 -.00000211  00000+0 -11819-3 0  9995
2 35931  98.2407 224.7620 0016448  18.9892 341.1885 13.99670274890168
WORLDVIEW-2 (WV-2)
1 35946U 09055A   26245.61253552  .00000051  00000+0  31450-4 0  9996
2 35946  98.4737 318.0014 0004282   8.0610 352.0645 14.37917662886772
SMOS
1 36036U 09059A   26245.12216132  .00000153  00000+0  62671-4 0  9992
2 36036  98.4439  71.3373 0001423  86.6495 273.4856 14.39759155884520
YAOGAN-7
1 36110U 09069A   26245.40001092  .00000219  00000+0  37437-4 0  9999
2 36110  97.9943 130.7451 0025213 147.4065 212.8708 14.78069943901037
TANDEM-X
1 36605U 10030A   26245.45523761  .00000129  00000+0  93382-5 0  9997
2 36605  97.4466 252.0687 0001931  88.4422 271.7034 15.19153101898376
CARTOSAT-2B
1 36795U 10035A   26245.55160961 -.00000022  00000+0  41756-5 0  9993
2 36795  97.9884 295.5784 0010350 306.7291  53.2968 14.78613629871280
YAOGAN-10
1 36834U 10038A   26245.62304963  .00000804  00000+0  99260-4 0  9999
2 36834  97.8958 268.4121 0001426  89.2862  21.1090 14.85549877868704
COSMO-SKYMED 4
1 37216U 10060A   26245.60830628  .00000623  00000+0  84762-4 0  9999
2 37216  97.8911  68.1015 0001414  84.8552 275.2823 14.82158258856034
RESOURCESAT-2
1 37387U 11015A   26245.58045953  .00000017  00000+0  27699-4 0  9998
2 37387  98.7578 312.4616 0011858  39.5413 320.6628 14.21607975797175
HAIYANG-2A
1 37781U 11043A   26245.57401424 -.00000049  00000+0 -67641-5 0  9994
2 37781  99.3454 246.3731 0003535 146.5442 213.5929 13.71639324757278
RASAT
1 37791U 11044D   26245.60646793  .00000486  00000+0  92683-4 0  9996
2 37791  98.0564 335.8190 0019544 309.8159 158.7338 14.68229604804546
SRMSAT
1 37841U 11058D   26245.49832234  .00000355  00000+0  49064-4 0  9991
2 37841  19.9726 311.5171 0011747 335.5827 157.6174 14.11589959768757
PLEIADES 1A
1 38012U 11076F   26245.58974784  .00000096  00000+0  30546-4 0  9996
2 38012  98.1922 319.6314 0001011  91.8051  36.7421 14.58568367783274
ZIYUAN 1-02C (ZY 1-02C)
1 38038U 11079A   26245.66360402  .00000418  00000+0  15161-3 0  9995
2 38038  98.4005 311.3298 0007709  78.0041  77.0212 14.38267545770345
ARIRANG-3 (KOMPSAT-3)
1 38338U 12025B   26245.63135936  .00000255  00000+0  59820-4 0  9999
2 38338  98.1247 201.7854 0004286 222.0274 138.0599 14.62263622762660
EXACTVIEW-1 (ADS-1B)
1 38709U 12039C   26245.33700577  .00000066  00000+0  48161-4 0  9998
2 38709  98.9855   4.4991 0010020 313.0849  46.9490 14.25003226733696
SPOT 6
1 38755U 12047A   26245.58092873  .00000151  00000+0  42291-4 0  9991
2 38755  98.2054 311.9575 0001628  92.8512 267.2874 14.58559333744336
PLEIADES 1B
1 39019U 12068A   26245.53102524  .00000192  00000+0  51121-4 0  9995
2 39019  98.1894 319.4946 0001123  94.7464 265.3864 14.58561607732122
GOKTURK 2
1 39030U 12073A   26245.58935510  .00000610  00000+0  96401-4 0  9993
2 39030  97.6794  79.1391 0002184  84.7004 275.4455 14.75606308735925
LANDSAT 8
1 39084U 13008A   26245.55306444  .00000178  00000+0  49689-4 0  9991
2 39084  98.2238 314.7439 0001259  96.0469 264.0873 14.57109503709168
SARAL
1 39086U 13009A   26245.62091665  .00000039  00000+0  30175-4 0  9994
2 39086  98.5568  71.2183 0002946  71.4763 288.6741 14.32904973706696
GAOFEN-1
1 39150U 13018A   26245.58902704  .00000426  00000+0  68313-4 0  9991
2 39150  97.9034 316.0585 0017704  21.3280 338.8664 14.76529394719662
VNREDSAT 1
1 39160U 13021B   26245.55098916  .00000434  00000+0  89875-4 0  9999
2 39160  97.9009 295.9644 0001399  76.0757 284.0602 14.64737004711612
ARIRANG-5 (KOMPSAT-5)
1 39227U 13042A   26245.58203142  .00002065  00000+0  15171-3 0  9997
2 39227  97.6226  71.2035 0002303 204.4761 155.6357 15.04543207715496
SKYSAT-A
1 39418U 13066C   26245.09891616  .00001832  00000+0  10578-3 0  9997
2 39418  97.3745 292.0354 0022485  51.2859 309.0378 15.13346964700119
DUBAISAT-2
1 39419U 13066D   26245.64733608  .00002040  00000+0  12693-3 0  9997
2 39419  97.4640 233.8176 0012289 121.8190 238.4238 15.10658846698087
GPM-CORE
1 39574U 14009C   26245.56556533  .00004320  00000+0  97223-4 0  9994
2 39574  64.9707  48.8365 0011495 256.0222 103.9641 15.44739880709768
SENTINEL-1A
1 39634U 14016A   26245.57041816  .00000247  00000+0  61388-4 0  9990
2 39634  98.1588 251.8975 0001420  84.7045 275.4317 14.59802249661307
KAZEOSAT 1
1 39731U 14024A   26245.59522218  .00000090  00000+0  40337-4 0  9996
2 39731  98.3147 316.0912 0001339  92.4585 267.6758 14.42052057649716
KAZEOSAT 2
1 40010U 14033A   26245.62500494  .00000243  00000+0  33873-4 0  9991
2 40010  97.5370  81.1406 0010093  66.6737 293.5540 14.85546819660456
HODOYOSHI-4
1 40011U 14033B   26245.62495024  .00000486  00000+0  57975-4 0  9992
2 40011  97.5480  66.7332 0024941  50.8779 309.4651 14.88289196660325
DEIMOS-2
1 40013U 14033D   26245.61684373  .00001235  00000+0  12126-3 0  9991
2 40013  97.5701 117.3462 0002578  75.2884 284.8622 14.93907985649285
HODOYOSHI-3
1 40015U 14033F   26244.97631447  .00000857  00000+0  10420-3 0  9999
2 40015  97.6511  44.9743 0034251 101.1721 259.3348 14.85534993659027
SPOT 7
1 40053U 14034A   26245.57262375  .00000292  00000+0  68851-4 0  9994
2 40053  98.0558 306.0447 0001403  74.3652 285.7704 14.61014239648437
SKYSAT-B
1 40072U 14037D   26244.84592395  .00000932  00000+0  10778-3 0  9990
2 40072  98.3919 208.2203 0006458  40.1162 320.0528 14.88191142657364
WORLDVIEW-3 (WV-3)
1 40115U 14048A   26245.58449801  .00000492  00000+0  63781-4 0  9999
2 40115  97.8508 319.3299 0002776  76.7108 283.4416 14.85126387653396
GAOFEN-2
1 40118U 14049A   26245.60661005  .00000624  00000+0  87448-4 0  9991
2 40118  98.0040 309.7150 0007151 354.2047   5.9082 14.80987202650692
YAOGAN-21
1 40143U 14053A   26245.56101728  .00004892  00000+0  18562-3 0  9991
2 40143  97.1417 282.5004 0008114 165.0324 195.1157 15.27264165666768
YAOGAN-22
1 40275U 14063A   26245.30136533 -.00000012  00000+0  91924-4 0  9997
2 40275 100.7843  37.8953 0006470  22.1893 337.9497 13.15532784569955
ASNARO
1 40298U 14070A   26245.59818491  .00005245  00000+0  24973-3 0  9992
2 40298  97.3394 319.6060 0003030 236.8702 123.2242 15.19561319655765
YAOGAN-24
1 40310U 14072A   26245.62807637  .00000672  00000+0  10475-3 0  9994
2 40310  98.1603  23.6579 0014990  21.6365 338.5475 14.76171962635143
CBERS 4
1 40336U 14079A   26245.19678274 -.00000039  00000+0  11272-5 0  9990
2 40336  98.3459 299.5857 0001742 111.1381 248.9992 14.35525789615005
YAOGAN-26
1 40362U 14088A   26245.59810661  .00016668  00000+0  29569-3 0  9991
2 40362  97.0684 244.1716 0006165 108.6653 251.5269 15.50279941649689
SMAP
1 40376U 15003A   26245.55009336  .00000217  00000+0  51037-4 0  9998
2 40376  98.1312 251.5599 0001424  92.1694 267.9672 14.63363103618930
KOMPSAT-3A
1 40536U 15014A   26245.60455729  .00018781  00000+0  23855-3 0  9996
2 40536  97.6928 242.8907 0048234 251.5696 108.0312 15.58026935633852
SENTINEL-2A
1 40697U 15028A   26245.62726686 -.00000015  00000+0  10734-4 0  9999
2 40697  98.5631 319.3588 0001261  82.1191 278.0135 14.30818425584806
GAOFEN-8
1 40701U 15030A   26245.56412617  .00014200  00000+0  26793-3 0  9998
2 40701  97.6864  83.7298 0006630 275.6112  84.4381 15.48569679623414
CARBONITE 1 (CBNT-1)
1 40718U 15032D   26245.60453902  .00001295  00000+0  16215-3 0  9993
2 40718  97.6559  60.4646 0015605  44.4792 315.7673 14.83797143600821
YAOGAN-27
1 40878U 15040A   26245.64567396 -.00000410  00000+0 -96823-3 0  9999
2 40878 100.1244 228.6913 0008822  39.2080 320.9671 13.16071549527856
GAOFEN-9 01
1 40894U 15047A   26245.52339052  .00000471  00000+0  63982-4 0  9993
2 40894  97.6234 277.6920 0025832 244.8620 114.9914 14.83005248591657
YAOGAN-28
1 41026U 15064A   26245.60420390  .00004413  00000+0  16265-3 0  9996
2 41026  97.3181  22.3859 0008829 277.7784  82.2453 15.28298016602501
KENT RIDGE 1
1 41167U 15077B   26245.09883613  .00002942  00000+0  88452-4 0  9993
2 41167  14.9803  53.8143 0008134 245.2993 114.6482 15.23532654592840
GAOFEN-4
1 41194U 15083A   26245.54966441 -.00000334  00000+0  00000+0 0  9993
2 41194   0.5491  83.5029 0003961 134.9808  66.8130  1.00270786 39309
JASON-3
1 41240U 16002A   26245.59497734 -.00000027  00000+0  13936-3 0  9991
2 41240  66.0439 323.0940 0008452 267.1395  92.8657 12.87626936497214
ZIYUAN 3-02 (ZY 3-02)
1 41556U 16033A   26245.60565069  .00002998  00000+0  13729-3 0  9992
2 41556  97.3776 319.8695 0013904  35.0029 325.2118 15.21178158569752
CARTOSAT-2C
1 41599U 16040A   26245.58250199  .00003586  00000+0  17352-3 0  9999
2 41599  97.4404 304.4644 0007921 217.5909 142.4773 15.19202905565463
SKYSAT-C1
1 41601U 16040C   26245.50070354  .00005463  00000+0  15083-3 0  9993
2 41601  96.9528 273.0734 0004398  98.7207 261.4538 15.37446560569747
LAPAN-A3
1 41603U 16040E   26245.65480096  .00002014  00000+0  64324-4 0  9991
2 41603  97.1556 239.3036 0012131  96.5708 263.6917 15.33533755566683
GAOFEN-3
1 41727U 16049A   26245.64837558  .00000028  00000+0  21746-4 0  9999
2 41727  98.4045 252.2756 0001030  67.7033 292.4266 14.42223816529811
SKYSAT-C4
1 41771U 16058B   26245.04169764  .00012236  00000+0  21355-3 0  9998
2 41771  96.9161 263.7063 0001827  49.5182 310.6230 15.50825150557372
SKYSAT-C5
1 41772U 16058C   26245.52625740  .00004433  00000+0  13578-3 0  9991
2 41772  97.0410 282.6490 0003451  59.4741 300.6844 15.34286881555600
SKYSAT-C2
1 41773U 16058D   26245.50337980  .00007953  00000+0  17837-3 0  9998
2 41773  97.0157 264.7660 0004907 113.6491 246.5273 15.43645565556974
SKYSAT-C3
1 41774U 16058E   26245.34450487  .00015444  00000+0  22583-3 0  9997
2 41774  96.8963 273.3715 0002660  81.1206 279.0351 15.55690651558093
ALSAT-1B
1 41785U 16059C   26245.58107647  .00000091  00000+0  21890-4 0  9996
2 41785  97.7783 251.0167 0008990 347.2837  12.8143 14.72324626531960
PATHFINDER 1
1 41787U 16059E   26244.96947125  .00000394  00000+0  77065-4 0  9993
2 41787  97.8220 240.8010 0027538 324.0750  35.8603 14.67744116530978
SCATSAT 1
1 41790U 16059H   26245.37500801  .00000607  00000+0  86399-4 0  9996
2 41790  98.1123 309.9150 0054371   0.7238 359.4043 14.79684915113001
GOKTURK 1A
1 41875U 16073A   26245.61024796  .00000191  00000+0  46620-4 0  9998
2 41875  98.1555 139.1357 0001562  79.6774 280.4604 14.62742981520143
RESOURCESAT-2A
1 41877U 16074A   26245.56175726  .00000010  00000+0  24776-4 0  9993
2 41877  98.7473 318.4125 0001736 183.0981 177.0185 14.21610234505292
CARTOSAT-2D
1 41948U 17008A   26245.61368701  .00003252  00000+0  15742-3 0  9996
2 41948  97.4033 303.4414 0004500 351.6602   8.4557 15.19261559529330
SENTINEL-2B
1 42063U 17013A   26245.62006654  .00000044  00000+0  33472-4 0  9995
2 42063  98.5638 319.2809 0001233  86.3266 273.8058 14.30817694495710
CARTOSAT-2E
1 42767U 17036C   26245.56591506  .00004134  00000+0  19886-3 0  9995
2 42767  97.4200 304.0611 0004244  59.7259 300.4395 15.19331614509895
FORMOSAT-5
1 42920U 17049A   26245.56750223  .00000065  00000+0  27617-4 0  9994
2 42920  98.2201 319.1377 0011027 199.3556 160.7222 14.50905062477898
SENTINEL-5P
1 42969U 17064A   26245.59519760  .00000028  00000+0  34468-4 0  9997
2 42969  98.7962 187.1874 0001241  78.6727 281.4588 14.19529870460545
SKYSAT-C11
1 42987U 17068A   26245.16643879  .00023748  00000+0  27418-3 0  9993
2 42987  97.4445  37.6255 0001414  82.4588 277.6830 15.61916847495243
SKYSAT-C10
1 42988U 17068B   26245.65740411  .00006271  00000+0  18197-3 0  9994
2 42988  97.4609  23.3788 0001591  88.6609 271.4817 15.35883205494245
SKYSAT-C9
1 42989U 17068C   26245.31054120  .00009408  00000+0  21345-3 0  9997
2 42989  97.4530  24.7264 0007237 209.2866 150.7977 15.43259997494646
SKYSAT-C8
1 42990U 17068D   26245.31323370  .00007097  00000+0  19007-3 0  9999
2 42990  97.4623  23.1307 0001619  96.5504 263.5925 15.38333566494168
SKYSAT-C7
1 42991U 17068E   26245.30951989  .00007284  00000+0  19529-3 0  9999
2 42991  97.4638  24.1221 0005644 176.0948 184.0342 15.38276557494222
SKYSAT-C6
1 42992U 17068F   26245.30816418  .00005694  00000+0  17476-3 0  9999
2 42992  97.4678  23.7188 0000854  82.8018 277.3321 15.34148215494143
CARTOSAT-2F
1 43111U 18004A   26245.59955859  .00002729  00000+0  13287-3 0  9990
2 43111  97.4712 304.4464 0002012  36.6133 323.5239 15.19212092479081
GAOFEN-1 02
1 43259U 18031A   26245.62508559  .00000675  00000+0  10437-3 0  9990
2 43259  98.0456 307.9067 0004031 110.1707 249.9937 14.76470705454124
GAOFEN-1 03
1 43260U 18031B   26245.60302833  .00000375  00000+0  61295-4 0  9993
2 43260  98.0449 307.7342 0003028 151.2108 208.9270 14.76472172454112
GAOFEN-1 04
1 43262U 18031D   26245.57876541  .00000225  00000+0  39660-4 0  9998
2 43262  98.0457 307.9109 0001797 117.1899 242.9494 14.76465132454108
GAOFEN-5 01
1 43461U 18043A   26245.19725390  .00000189  00000+0  48887-4 0  9995
2 43461  98.4663 218.4364 0001680 157.5598 202.5675 14.60650413442938
GAOFEN-6
1 43484U 18048A   26245.60286082  .00000301  00000+0  50880-4 0  9993
2 43484  98.0900 308.4057 0009313 284.6714  75.3463 14.76430064444810
GAOFEN-11 01
1 43585U 18063A   26245.58523012  .00014879  00000+0  20429-3 0  9996
2 43585  97.1206 312.3281 0005011  58.6844 301.4902 15.57405085452385
ICESAT-2
1 43613U 18070A   26245.55128350  .00005221  00000+0  18949-3 0  9994
2 43613  92.0045 311.8811 0004541 134.9935 225.1683 15.28284064444278
HYSIS
1 43719U 18096A   26245.55872850  .00001005  00000+0  14431-3 0  9998
2 43719  97.9774 311.6728 0000922  98.0664 262.0651 14.78637746418854
KAZSTSAT
1 43783U 18099AB  26245.54853715  .00000672  00000+0  58443-4 0  9991
2 43783  97.4216 273.9678 0011850 147.1884 213.0078 15.00001073422901
SAUDISAT 5A
1 43831U 18102A   26245.61570444  .00003125  00000+0  11445-3 0  9999
2 43831  97.2989 305.7096 0008521 209.9686 150.1067 15.28730925427501
SAUDISAT 5B
1 43833U 18102C   26245.62246373  .00003006  00000+0  10946-3 0  9996
2 43833  97.3101 308.9262 0009164 213.1864 146.8803 15.28952420427628
GAOFEN-10R
1 44622U 19066A   26245.60734278  .00000684  00000+0  90677-4 0  9996
2 44622  98.0564 199.7788 0004293 236.8416 123.2386 14.83145406373856
CARTOSAT-3
1 44804U 19081A   26245.61278676  .00003061  00000+0  14810-3 0  9997
2 44804  97.4229 306.2024 0010382 239.3625 120.6586 15.19298808375224
GAOFEN-12 01
1 44819U 19082A   26245.60160331  .00000209  00000+0  33897-4 0  9999
2 44819  97.8146 249.9534 0002228 110.2391 249.9061 14.80511016365541
CSG-1
1 44873U 19092A   26245.62098641  .00000225  00000+0  34785-4 0  9991
2 44873  97.8914  68.1186 0001451  86.2968 273.8411 14.82150193362940
NEMO-HD
1 46277U 20061F   26245.57559755  .00006964  00000+0  14458-3 0  9991
2 46277  97.1839 306.7924 0002709 101.8851 258.2703 15.46000860333936
SENTINEL-6A
1 46984U 20086A   26245.30257569 -.00000066  00000+0 -22578-4 0  9994
2 46984  66.0428 334.8824 0007844 268.8228  91.1889 12.80928864270205
CAS500-1
1 47932U 21022A   26245.60446172  .00003276  00000+0  15461-3 0  9998
2 47932  97.3777 139.2417 0006184  33.1454 327.0167 15.20133594302524
GAOFEN-12 02
1 48079U 21026A   26245.62098238  .00000205  00000+0  33865-4 0  9991
2 48079  97.9982 243.5082 0004694   2.3376 357.7857 14.80347358293214
PLEIADES NEO 3
1 48268U 21034A   26245.64535744 -.00000420  00000+0 -46757-4 0  9995
2 48268  97.8950 319.2978 0001367  93.9682 266.1687 14.81672574289124
PLEIADES NEO 4
1 49070U 21073E   26245.61158021 -.00000276  00000+0 -28511-4 0  9993
2 49070  97.8950 319.2604 0001527  87.6335 272.5052 14.81674282272830
LANDSAT 9
1 49260U 21088A   26245.45013303  .00000171  00000+0  48068-4 0  9996
2 49260  98.2218 314.6672 0001417 103.4422 256.6934 14.57104963262253
CSG-2
1 51444U 22008A   26245.58720186 -.00000114  00000+0 -77395-5 0  9999
2 51444  97.8910  68.0776 0001476  80.1989 279.9391 14.82157509248052
GAOFEN-12 03
1 52912U 22069A   26245.59572439  .00001032  00000+0  14267-3 0  9999
2 52912  97.8148 131.4720 0000663  78.6091 281.5196 14.80140126226067
SWOT
1 54754U 22173A   26245.58755200  .00000088  00000+0  61328-4 0  9990
2 54754  77.6093 290.8277 0000137 214.2893 145.8249 14.00170297189983
GAOFEN-12 04
1 57654U 23123A   26245.62518260  .00000579  00000+0  83632-4 0  9993
2 57654  97.9067 162.4637 0001475 192.4822 167.6353 14.79848500164087
PARS 1
1 59065U 24039Q   26245.63705241  .00007162  00000+0  14260-3 0  9991
2 59065  97.4909 229.1173 0008901 179.9495 180.1757 15.47200589140614
RESURS-P 4
1 59371U 24061A   26245.64641392  .00001990  00000+0  65799-4 0  9990
2 59371  97.2803 192.2372 0000637  84.2841 275.8474 15.32522349135625
LEGION 1
1 59625U 24081A   26245.53878060  .00002163  00000+0  11234-3 0  9993
2 59625  97.4962 322.5732 0010857  98.8542 261.3921 15.17130099129267
LEGION 2
1 59626U 24081B   26245.50377663  .00002409  00000+0  12471-3 0  9991
2 59626  97.4964 322.6343 0012878  71.1723 289.0906 15.17113999129269
ALOS-4 (DAICHI-4)
1 60182U 24123A   26245.59813325  .00000871  00000+0  12349-3 0  9991
2 60182  97.9220 341.6602 0001496  99.0319 261.1062 14.79472543117329
LEGION 3
1 60452U 24146A   26245.56605188  .00001968  00000+0  11435-3 0  9992
2 60452  45.0027 335.6988 0008770 265.7618  94.2258 15.15962620113761
LEGION 4
1 60453U 24146B   26245.56512937  .00002560  00000+0  14464-3 0  9996
2 60453  45.0012  67.5617 0009252  23.3255 336.8042 15.15973269112617
SENTINEL-2C
1 60989U 24157A   26245.44525110  .00000047  00000+0  34648-4 0  9991
2 60989  98.5638 319.1128 0001433  96.0653 264.0693 14.30817765104038
IONOSFERA-M 1
1 61735U 24199A   26245.62229082  .00000011  00000+0  24584-4 0  9995
2 61735  98.7044 117.9342 0000267  21.5644 338.5546 14.22766526138715
IONOSFERA-M 2
1 61736U 24199B   26245.58608926  .00000019  00000+0  28266-4 0  9998
2 61736  98.7044 117.8084 0001977  90.3608 269.7796 14.22769743141834
PRSC-EO1
1 62725U 25012A   26245.59730156  .00003859  00000+0  19489-3 0  9995
2 62725  97.4161 316.5149 0005145  17.4298 342.7112 15.17664866 89936
BIOMASS
1 63772U 25090A   26245.08223169  .00000687  00000+0  12955-3 0  9996
2 63772  98.0763  71.2945 0001345  85.3286 274.8072 14.67533631 71965
GOSAT-GW (IBUKI GW)
1 64694U 25141A   26245.57610834  .00000320  00000+0  64916-4 0  9999
2 64694  98.0581 181.6386 0001441  85.0409 275.0960 14.67555868 63194
IONOSFERA-M 3
1 64876U 25155A   26245.60272091  .00000030  00000+0  33238-4 0  9990
2 64876  98.6107 205.5866 0001786  36.4989 323.6310 14.21497634 57402
IONOSFERA-M 4
1 64877U 25155B   26245.56703997  .00000032  00000+0  34288-4 0  9998
2 64877  98.6105 205.4685 0001268  50.8995 309.2295 14.21500191 57394
MICROCARB
1 64899U 25156A   26245.19115152  .00000289  00000+0  52817-4 0  9994
2 64899  98.0031 321.1923 0017767  22.9348 337.2650 14.72928270 59301
CO3D 3
1 64900U 25156B   26245.59522876  .00002382  00000+0  11314-3 0  9998
2 64900  97.4339 323.1759 0000760 105.2032 254.9287 15.20200013 61291
CO3D 4
1 64901U 25156C   26245.59538088  .00002312  00000+0  10989-3 0  9991
2 64901  97.4335 323.1757 0002206  62.1953 297.9505 15.20208964 61299
CO3D 2
1 64902U 25156D   26245.56203637  .00002886  00000+0  13635-3 0  9995
2 64902  97.4335 323.0418 0001348 109.4551 250.6830 15.20206384 61288
CO3D 1
1 64903U 25156E   26245.56218840  .00002743  00000+0  12977-3 0  9998
2 64903  97.4334 323.0419 0001181  98.5575 261.5794 15.20204568 61280
PRSC-S1
1 65055U 25164A   26245.22135650  .00002561  00000+0  17985-3 0  9998
2 65055  41.1294 213.7754 0006328 170.2318 189.8620 15.06974399 60052
SENTINEL-6B
1 66514U 25264A   26245.53715176 -.00000059  00000+0  83813-5 0  9997
2 66514  66.0429 334.5214 0007811 267.7599  92.2522 12.80928741 37076
CAS500-3
1 66655U 25274F   26245.53016340  .00000779  00000+0  90023-4 0  9999
2 66655  97.7422 171.8102 0004202   1.4023 358.7205 14.88301633 41652
CSG-3
1 67304U 26001A   26245.49860296  .00000170  00000+0  27861-4 0  9997
2 67304  97.8920  67.9965 0001370  97.7145 262.4224 14.82147551 35911
PRSC-E03
1 68835U 26092A   26245.58888706  .00001596  00000+0  11176-3 0  9997
2 68835  38.0022 353.1339 0005141 275.7241  84.2935 15.07006256 19635
CAS500-2
1 69013U 26100AK  26245.54602262  .00001914  00000+0  91517-4 0  9995
2 69013  97.3774 141.8342 0011254 102.7524 257.4970 15.20140946 18561
POLAR
1 23802U 96013A   26245.06140947  .00000219  00000+0  00000+0 0  9994
2 23802  79.9646 226.1288 6549039 206.4436  95.1896  1.29845797145851
SWAS
1 25560U 98071A   26244.80184713  .00002456  00000+0  15717-3 0  9993
2 25560  69.8963  29.8800 0004333 166.3124 193.8159 15.10018001508831
CXO
1 25867U 99040B   26246.06733144  .00000969  00000+0  00000+0 0  9990
2 25867  57.2648 114.5834 7721648 309.5325   0.4326  0.37807753 17610
XMM-NEWTON
1 25989U 99066A   26247.13707045  .00000161  00000+0  00000+0 0  9997
2 25989  64.0724 281.9635 4653322  63.5261   0.0824  0.50123055 23404
TIMED
1 26998U 01055B   26245.54728181  .00000635  00000+0  61035-4 0  9992
2 26998  74.0657  79.2375 0002164 246.8650 113.2306 14.95434274342381
CORIOLIS
1 27640U 03001A   26245.00349865  .00000052  00000+0  44990-4 0  9993
2 27640  98.7164 250.7271 0013907 356.7267   3.3816 14.19963356225126
SORCE
1 27651U 03004A   26245.10402407  .00001783  00000+0  13704-3 0  9991
2 27651  39.9900 182.7127 0018732 245.8096 114.0741 15.04057524283482
MOST
1 27843U 03031D   26245.01377599  .00000020  00000+0  29401-4 0  9992
2 27843  98.7079 251.6776 0010510  36.2476 323.9411 14.21335739201627
SCISAT 1
1 27858U 03036A   26245.61247089  .00000381  00000+0  53260-4 0  9999
2 27858  73.9314  17.4945 0006230  57.4862 302.6915 14.81526660242915
SWIFT
1 28485U 04047A   26244.50769353  .00111190  00000+0  62186-3 0  9996
2 28485  20.5518 312.6440 0000792  31.8197 328.2298 15.77583518198896
HINODE (SOLAR-B)
1 29479U 06041A   26245.30832583  .00000379  00000+0  73309-4 0  9997
2 29479  98.0555 260.3288 0018465  46.7740 313.5003 14.68709481 66191
SHIJIAN-6 02A (SJ-6 02A)
1 29505U 06046A   26245.51287199  .00005064  00000+0  25461-3 0  9993
2 29505  97.6300 287.1773 0001943 201.1828 158.9325 15.17705846 83998
SHIJIAN-6 02B (SJ-6 02B)
1 29506U 06046B   26245.52020419 -.00000019  00000+0  32360-5 0  9999
2 29506  97.7025 274.0667 0015831 162.1547 198.0236 15.01474102 82341
FGRST (GLAST)
1 33053U 08029A   26245.48408666  .00002512  00000+0  86421-4 0  9998
2 33053  25.5830  27.6236 0008244 155.9693 204.1231 15.24294231  7497
SDO
1 36395U 10005A   26245.08082830 -.00000072  00000+0  00000+0 0  9998
2 36395  34.8077  85.1722 0001810  75.0645 108.4178  1.00275083 60831
CRYOSAT 2
1 36508U 10013A   26245.61668350  .00000122  00000+0  29480-4 0  9992
2 36508  92.0299 296.1114 0002573  85.4112 274.7389 14.51902655869312
X-SAT
1 37389U 11015C   26245.59140612  .00000052  00000+0  39602-4 0  9995
2 37389  98.3604 218.9595 0015076 113.0998 247.1773 14.25225374798708
GCOM-W1 (SHIZUKU)
1 38337U 12025A   26245.29701615  .00000277  00000+0  71550-4 0  9991
2 38337  98.2051 184.6924 0001411  89.1619  30.1202 14.57125507760262
NUSTAR
1 38358U 12031A   26245.58335648 -.00000328  00000+0 -71826-4 0  9997
2 38358   6.0260 173.2959 0007921 192.6265 329.3425 15.09448161  1300
NEOSSAT
1 39089U 13009D   26245.21246690  .00000089  00000+0  45504-4 0  9999
2 39089  98.4223  63.4359 0011432  22.9380 337.2314 14.35849400707795
BRITE-AUSTRIA
1 39091U 13009F   26245.24233266  .00000075  00000+0  39938-4 0  9999
2 39091  98.4042  62.7944 0010474  16.9320 343.2214 14.36567804708110
IRIS
1 39197U 13033A   26245.53633155  .00000617  00000+0  76529-4 0  9995
2 39197  97.9292  84.5683 0025724  67.0985 293.2942 14.86018026711868
HISAKI (SPRINT-A)
1 39253U 13049A   26245.16481170  .00000104  00000+0  51281-4 0  9991
2 39253  29.7192 188.6482 0136673 280.8245  77.6971 13.55549732641873
CASSIOPE
1 39265U 13055A   26245.57437529  .00043754 -39950-6  44474-3 0  9992
2 39265  80.9150 332.3557 0272921 160.3597 200.8408 15.30507058679482
STSAT-3
1 39422U 13066G   26245.60923206  .00002163  00000+0  16461-3 0  9995
2 39422  97.6271 214.2896 0010351 126.5102 233.7079 15.03113196695835
SWARM B
1 39451U 13067A   26245.43910527  .00002034  00000+0  71011-4 0  9991
2 39451  87.7457 318.8626 0003378  97.1784 262.9849 15.28983101695045
SWARM A
1 39452U 13067B   26245.65865163  .00007331  00000+0  12765-3 0  9996
2 39452  87.3339  27.4508 0002273  91.4538 268.6983 15.50550222718250
SWARM C
1 39453U 13067C   26245.59401265  .00007479  00000+0  13023-3 0  9990
2 39453  87.3342  26.0572 0002287  92.0553 268.0970 15.50551649718209
BRITE-CA1 (TORONTO)
1 40020U 14033L   26245.28764356  .00000446  00000+0  74390-4 0  9997
2 40020  97.9836  12.8381 0079098  31.0029 329.5812 14.72800582653563
OCO 2
1 40059U 14035A   26245.54527743  .00000246  00000+0  64641-4 0  9993
2 40059  98.2049 185.6720 0001680  85.8405 274.2986 14.57082361647312
BRITE-PL2 (HEWELIUSZ)
1 40119U 14049B   26245.29146077  .00000845  00000+0  83040-4 0  9993
2 40119  97.9153 357.9219 0013161 208.7856 151.2640 14.94823171652962
MMS 1
1 40482U 15011A   26245.66668981 -.00001779  00000+0  00000+0 0  9998
2 40482  72.8871 347.8778 8260097 169.1905 281.9657  0.28368952  1383
MMS 2
1 40483U 15011B   26245.66668981 -.00001780  00000+0  00000+0 0  9991
2 40483  72.8915 347.8767 8262939 169.1922 281.9457  0.28368911  1380
MMS 3
1 40484U 15011C   26245.66668981 -.00001779  00000+0  00000+0 0  9990
2 40484  72.8909 347.8888 8261307 169.2006 281.9196  0.28368890  1386
MMS 4
1 40485U 15011D   26245.66668981 -.00001779  00000+0  00000+0 0  9991
2 40485  72.8849 347.8727 8261363 169.2105 281.9159  0.28368839  1386
ASTROSAT
1 40930U 15052A   26245.31830694  .00001298  00000+0  76142-4 0  9995
2 40930   5.9978 320.1370 0007557  54.2160 305.8670 14.82624686591296
DAMPE
1 41173U 15078A   26245.62503816  .00000672  00000+0  25027-4 0  9991
2 41173  97.4593 251.4955 0012445 153.3108 206.8776 15.30953021596390
PISAT
1 41784U 16059B   26244.97492358  .00000585  00000+0  10710-3 0  9999
2 41784  97.8236 242.1525 0028053 322.7392  37.1867 14.69106739531016
FLYING LAPTOP
1 42831U 17042G   26245.63050631  .00002147  00000+0  16994-3 0  9990
2 42831  97.4987  38.3668 0015780 221.2786 138.7247 15.01544647498074
ZHANGHENG 1-01 (CSES-1)
1 43194U 18015C   26245.31446051  .00003823  00000+0  17449-3 0  9992
2 43194  97.6950  52.5453 0015672   4.2581 355.8785 15.21143933476363
SALSAT
1 46495U 20068K   26245.30390043  .00005030  00000+0  17176-3 0  9997
2 46495  97.8887 253.1350 0010499  41.0020 319.2007 15.30774627327158
IXPE
1 49954U 21121A   26245.66668981  .00007139  00000+0  36220-3 0  9992
2 49954   0.2292  90.9712 0006770 170.8493  13.1696 15.10883870  5808
SMILE
1 69123U 26109A   26245.46399212  .00000790  00000+0  00000+0 0  9998
2 69123  70.0101 206.3767 8202709 285.9750   0.0946  0.47513096   292
ONEWEB-0012
1 44057U 19010A   26245.61806909  .00000038  00000+0  64731-4 0  9994
2 44057  87.9116 213.4037 0002330  94.7322 265.4075 13.16593195361753
ONEWEB-0010
1 44058U 19010B   26245.18741233  .00001456  00000+0  37735-2 0  9992
2 44058  87.9126 213.4879 0001994  73.9641 286.1710 13.16608218361745
ONEWEB-0008
1 44059U 19010C   26245.28875741  .00000114  00000+0  26373-3 0  9993
2 44059  87.9123 213.4625 0001726  90.2847 269.8481 13.16594957361876
ONEWEB-0007
1 44060U 19010D   26245.08087531  .00000114  00000+0  26864-3 0  9990
2 44060  87.8961 243.8878 0002304  86.7542 273.3852 13.15547318361486
ONEWEB-0006
1 44061U 19010E   26245.46513179  .00000041  00000+0  73656-4 0  9996
2 44061  87.8970 243.7832 0001916  84.2766 275.8582 13.15549300361586
ONEWEB-0011
1 44062U 19010F   26245.05315965  .00000071  00000+0  15364-3 0  9999
2 44062  87.8971 243.8765 0001870  84.0155 276.1188 13.15549269361527
ONEWEB-0013
1 45131U 20008A   26244.96282562  .00000562  00000+0  15939-2 0  9993
2 45131  87.8524  37.3204 0002396 116.9318 243.2054 13.09457550316119
ONEWEB-0017
1 45132U 20008B   26244.89176191  .00000114  00000+0  29056-3 0  9995
2 45132  87.8882  20.9893 0001586  93.0312 267.0997 13.10377430317995
ONEWEB-0020
1 45133U 20008C   26245.31934976 -.00000373  00000+0 -11050-2 0  9990
2 45133  87.8880  20.9060 0001734  98.8748 261.2575 13.10369903318446
ONEWEB-0021
1 45134U 20008D   26245.64005506 -.00000528  00000+0 -15481-2 0  9999
2 45134  87.8872  20.8529 0001838  97.1101 263.0236 13.10374094318796
ONEWEB-0023
1 45136U 20008F   26244.88752570 -.00000097  00000+0 -31318-3 0  9995
2 45136  87.8883  20.9892 0001641 102.3985 257.7326 13.10376325318121
ONEWEB-0024
1 45137U 20008G   26245.31780440 -.00000291  00000+0 -87029-3 0  9998
2 45137  87.8885  20.9009 0001759  96.3614 263.7714 13.10369882318347
ONEWEB-0025
1 45138U 20008H   26245.31751616 -.00000242  00000+0 -73088-3 0  9998
2 45138  87.8883  20.8905 0001281  99.1358 260.9914 13.10370018318676
ONEWEB-0026
1 45139U 20008J   26245.59991220 -.00000579  00000+0 -16709-2 0  9995
2 45139  87.8955   5.6697 0001712  95.0574 265.0750 13.11417323321254
ONEWEB-0028
1 45140U 20008K   26245.57420921  .00000171  00000+0  44577-3 0  9991
2 45140  87.8946   5.6791 0002185 112.6339 247.5020 13.11416192318761
ONEWEB-0032
1 45141U 20008L   26244.89359842  .00000175  00000+0  46608-3 0  9990
2 45141  87.8882  20.9912 0001917 111.9873 248.1458 13.10375867318341
ONEWEB-0033
1 45142U 20008M   26245.32613361 -.00000592  00000+0 -17310-2 0  9991
2 45142  87.8871  20.9087 0001727  80.4677 279.6646 13.10371213318310
ONEWEB-0035
1 45143U 20008N   26244.88850964 -.00000087  00000+0 -28533-3 0  9993
2 45143  87.8880  20.9908 0001785  94.9503 265.1829 13.10376423317988
ONEWEB-0036
1 45144U 20008P   26245.32430021 -.00000500  00000+0 -14674-2 0  9992
2 45144  87.8891  20.9293 0001763 104.4221 255.7103 13.10371803318469
ONEWEB-0038
1 45145U 20008Q   26245.61009982 -.00000132  00000+0 -40831-3 0  9999
2 45145  87.8966   5.6872 0003344  85.0221 275.1289 13.11418442320474
ONEWEB-0039
1 45146U 20008R   26245.32953471 -.00000609  00000+0 -17798-2 0  9993
2 45146  87.8880  20.9019 0002091 108.5366 251.5988 13.10372745318264
ONEWEB-0040
1 45147U 20008S   26245.62817627 -.00000446  00000+0 -13132-2 0  9996
2 45147  87.8871  20.8503 0001582 105.8563 254.2738 13.10371472318006
ONEWEB-0043
1 45149U 20008U   26245.32458435 -.00000510  00000+0 -14981-2 0  9998
2 45149  87.8882  20.9044 0002076 111.0735 249.0615 13.10372297318282
ONEWEB-0044
1 45150U 20008V   26245.65873285  .00000269  00000+0  73532-3 0  9997
2 45150  87.8876  20.8396 0001752 101.1074 259.0251 13.10376490318626
ONEWEB-0045
1 45151U 20008W   26245.29968260 -.00000228  00000+0 -67936-3 0  9994
2 45151  87.8959   5.7267 0001903 100.7572 259.3770 13.11417708320513
ONEWEB-0047
1 45152U 20008X   26244.88822441 -.00000067  00000+0 -22750-3 0  9995
2 45152  87.8887  20.9931 0001856  90.9355 269.1985 13.10376090318248
ONEWEB-0048
1 45153U 20008Y   26245.64683579 -.00000562  00000+0 -16460-2 0  9998
2 45153  87.8874  20.8565 0001879  97.8685 262.2656 13.10374929317959
ONEWEB-0049
1 45154U 20008Z   26245.11559690 -.00000197  00000+0 -60015-3 0  9997
2 45154  87.8877  20.9510 0001474 108.9798 251.1489 13.10375827318101
ONEWEB-0051
1 45155U 20008AA  26245.29799468 -.00000289  00000+0 -85095-3 0  9993
2 45155  87.8956   5.7304 0001764  99.5726 260.5602 13.11418294321191
ONEWEB-0052
1 45156U 20008AB  26245.28898007  .00000711  00000+0  20000-2 0  9994
2 45156  87.8883  20.9074 0001622 109.4528 250.6774 13.10374155318033
ONEWEB-0053
1 45157U 20008AC  26245.32104433 -.00000420  00000+0 -12388-2 0  9992
2 45157  87.8872  20.9173 0001898 112.4313 247.7015 13.10369690318014
ONEWEB-0054
1 45158U 20008AD  26245.12763558  .00000404  00000+0  11207-2 0  9999
2 45158  87.8878  20.9444 0001678  97.5874 262.5445 13.10374117318105
ONEWEB-0056
1 45159U 20008AE  26245.32769342 -.00000582  00000+0 -17035-2 0  9993
2 45159  87.8885  20.8999 0001449  96.0577 264.0716 13.10372666318282
ONEWEB-0057
1 45160U 20008AF  26245.11588448 -.00000186  00000+0 -56775-3 0  9993
2 45160  87.8886  20.9521 0001807 114.4154 245.7162 13.10375828318421
ONEWEB-0058
1 45161U 20008AG  26245.33136972 -.00000622  00000+0 -18180-2 0  9991
2 45161  87.8870  20.9094 0001884  90.8030 269.3313 13.10372562318528
ONEWEB-0059
1 45162U 20008AH  26245.32797935 -.00000601  00000+0 -17581-2 0  9994
2 45162  87.8876  20.9109 0001886 110.1449 249.9881 13.10373403318422
ONEWEB-0062
1 45163U 20008AJ  26245.65688419  .00000105  00000+0  26349-3 0  9997
2 45163  87.8887  20.8385 0001754  86.2849 273.8479 13.10377591318332
ONEWEB-0065
1 45164U 20008AK  26245.30904272  .00000173  00000+0  45991-3 0  9997
2 45164  87.8880  20.9147 0001610 108.3666 251.7636 13.10369956317983
ONEWEB-0066
1 45424U 20020A   26245.58791220 -.00000413  00000+0 -12002-2 0  9992
2 45424  87.8951   5.6737 0001927  98.8941 261.2405 13.11415712312827
ONEWEB-0067
1 45425U 20020B   26245.32009791  .00000537  00000+0  14794-2 0  9995
2 45425  87.8976   5.6648 0001772 103.3294 256.8032 13.11427750312840
ONEWEB-0080
1 45426U 20020C   26245.32016084  .00000271  00000+0  72858-3 0  9990
2 45426  87.8964   5.7327 0001758  88.7214 271.4115 13.11416616312816
ONEWEB-0090
1 45427U 20020D   26245.27270659 -.00000110  00000+0 -34587-3 0  9996
2 45427  87.8962   5.7457 0001769  97.2400 262.8930 13.11415236312774
ONEWEB-0061
1 45428U 20020E   26245.60982034 -.00000079  00000+0 -25855-3 0  9993
2 45428  87.8959   5.6610 0001810  98.2873 261.8460 13.11419524312774
ONEWEB-0081
1 45429U 20020F   26245.28610715 -.00000458  00000+0 -13272-2 0  9992
2 45429  87.8958   5.7342 0001830 104.1313 256.0019 13.11415495312842
ONEWEB-0069
1 45430U 20020G   26245.28795986 -.00000445  00000+0 -12922-2 0  9995
2 45430  87.8960   5.7375 0001994 101.2830 258.8522 13.11418863312779
ONEWEB-0031
1 45431U 20020H   26245.32344344  .00001198  00000+0  33443-2 0  9994
2 45431  87.8952   5.7285 0002032  89.1070 271.0291 13.11415992312764
ONEWEB-0027
1 45432U 20020J   26245.33621809  .00000055  00000+0  10866-3 0  9996
2 45432  87.9204 350.5401 0001510  92.3615 267.7689 13.17652424316517
ONEWEB-0064
1 45433U 20020K   26245.32173721  .00000582  00000+0  16055-2 0  9991
2 45433  87.8957   5.7248 0001687  95.0086 265.1235 13.11417167312799
ONEWEB-0018
1 45434U 20020L   26245.27752706 -.00000226  00000+0 -67306-3 0  9995
2 45434  87.8955   5.7334 0002194  98.6351 261.5026 13.11418516312733
ONEWEB-0083
1 45435U 20020M   26245.34391279  .00000189  00000+0  49652-3 0  9998
2 45435  87.8959   5.7182 0001807  97.3506 262.7827 13.11415899312785
ONEWEB-0095
1 45436U 20020N   26245.56433374  .00000571  00000+0  15752-2 0  9994
2 45436  87.8950   5.6795 0001142 109.2791 250.8460 13.11415832312819
ONEWEB-0092
1 45437U 20020P   26245.28963323 -.00000425  00000+0 -12343-2 0  9999
2 45437  87.8959   5.7282 0002024  96.8482 263.2876 13.11416361312894
ONEWEB-0085
1 45438U 20020Q   26245.34362532  .00000193  00000+0  50979-3 0  9990
2 45438  87.8955   5.7203 0001753  99.0158 261.1168 13.11415978312789
ONEWEB-0096
1 45439U 20020R   26245.57449412  .00000108  00000+0  27015-3 0  9990
2 45439  87.8957   5.6739 0001657 100.5129 259.6186 13.11416115312803
ONEWEB-0037
1 45440U 20020S   26245.29446156 -.00000392  00000+0 -11422-2 0  9994
2 45440  87.8969   5.7064 0001606 100.0691 260.0619 13.11417814312807
ONEWEB-0042
1 45441U 20020T   26245.33517435  .00002565  00000+0  72010-2 0  9991
2 45441  87.8960   5.7173 0001798 100.8322 259.3008 13.11406875312775
ONEWEB-0098
1 45442U 20020U   26245.33106803  .00000605  00000+0  16712-2 0  9995
2 45442  87.8956   5.7265 0001808  98.1115 262.0218 13.11417230312753
ONEWEB-0055
1 45443U 20020V   26245.30972728  .00000206  00000+0  54520-3 0  9997
2 45443  87.8961   5.7314 0001746 101.5114 258.6210 13.11418176312724
ONEWEB-0093
1 45444U 20020W   26245.60812379 -.00000167  00000+0 -50704-3 0  9994
2 45444  87.8962   5.6719 0002053 103.0164 257.1193 13.11418162312828
ONEWEB-0029
1 45445U 20020X   26245.31678925  .00000456  00000+0  12502-2 0  9992
2 45445  87.8953   5.7262 0002022 102.7150 257.4204 13.11417486312767
ONEWEB-0068
1 45446U 20020Y   26245.28937197 -.00000448  00000+0 -12996-2 0  9998
2 45446  87.8963   5.7327 0001976 102.6219 257.5130 13.11417791312705
ONEWEB-0046
1 45447U 20020Z   26245.28102633 -.00000374  00000+0 -10919-2 0  9999
2 45447  87.8952   5.7344 0001841 108.0557 252.0771 13.11415131312717
ONEWEB-0063
1 45448U 20020AA  26245.31000214  .00000153  00000+0  39576-3 0  9990
2 45448  87.8962   5.7346 0001575 106.3249 253.8052 13.11418623312804
ONEWEB-0019
1 45449U 20020AB  26245.57760777  .00000010  00000+0 -65242-5 0  9990
2 45449  87.8956   5.6633 0001808  92.8244 267.3091 13.11415780312689
ONEWEB-0094
1 45450U 20020AC  26245.27814344  .00000086  00000+0  18776-3 0  9999
2 45450  87.9212 350.5406 0002066  97.2959 262.8408 13.17649092316469
ONEWEB-0087
1 45451U 20020AD  26245.62510082  .00000482  00000+0  13239-2 0  9999
2 45451  87.8961   5.6507 0002082 101.5552 258.5810 13.11418095312732
ONEWEB-0082
1 45452U 20020AE  26245.31651223  .00000459  00000+0  12594-2 0  9996
2 45452  87.8963   5.7235 0002137 107.4786 252.6576 13.11419095312789
ONEWEB-0050
1 45453U 20020AF  26245.21622123  .00001101  00000+0  11036-3 0  9999
2 45453  88.9306 222.7438 0006064  69.2438 290.9440 14.90583115351850
ONEWEB-0034
1 45454U 20020AG  26245.27778384 -.00000294  00000+0 -86582-3 0  9999
2 45454  87.8962   5.7404 0001792 101.1616 258.9713 13.11416570312694
ONEWEB-0060
1 45455U 20020AH  26245.30901541  .00000146  00000+0  37589-3 0  9994
2 45455  87.8957   5.7270 0002801 100.2194 259.9250 13.11418884312656
ONEWEB-0086
1 45456U 20020AJ  26245.28768052 -.00000480  00000+0 -13910-2 0  9994
2 45456  87.8963   5.7323 0002436  88.5688 271.5719 13.11417034312716
ONEWEB-0088
1 45457U 20020AK  26245.34208056  .00000294  00000+0  79439-3 0  9995
2 45457  87.8969   5.6996 0001708 113.2893 246.8415 13.11415416312656
ONEWEB-0102
1 47258U 20100A   26245.51468365 -.00000863  00000+0 -24348-2 0  9997
2 47258  87.8995 335.3179 0002111  92.6754 267.4617 13.12445396274872
ONEWEB-0109
1 47259U 20100B   26245.52315947 -.00000108  00000+0 -33538-3 0  9990
2 47259  87.9003 335.3061 0001806  95.8598 264.2737 13.12444988274701
ONEWEB-0110
1 47260U 20100C   26245.24532865  .00000521  00000+0  14139-2 0  9993
2 47260  87.9005 335.3455 0002152  95.8717 264.2657 13.12443679274831
ONEWEB-0111
1 47261U 20100D   26245.27581113 -.00000332  00000+0 -95772-3 0  9992
2 47261  87.9003 335.3577 0001996 100.8297 259.3056 13.12441859274678
ONEWEB-0114
1 47262U 20100E   26245.30631149  .00000236  00000+0  61985-3 0  9992
2 47262  87.9005 335.3514 0001725  95.2867 264.8459 13.12443710274634
ONEWEB-0117
1 47263U 20100F   26245.29784696 -.00000055  00000+0 -18890-3 0  9995
2 47263  87.9003 335.3413 0001933 101.0727 259.0619 13.12444922274644
ONEWEB-0118
1 47264U 20100G   26245.48419272  .00000344  00000+0  91990-3 0  9993
2 47264  87.9003 335.3068 0001623 106.8825 253.2482 13.12443244274863
ONEWEB-0119
1 47265U 20100H   26245.50960588 -.00000348  00000+0 -10029-2 0  9997
2 47265  87.8993 335.3118 0001895  99.9240 260.2103 13.12442320274841
ONEWEB-0120
1 47266U 20100J   26245.22851632  .00000272  00000+0  71990-3 0  9995
2 47266  87.8993 335.3691 0001761  95.8424 264.2906 13.12443522274838
ONEWEB-0121
1 47267U 20100K   26245.29275209 -.00000133  00000+0 -40643-3 0  9992
2 47267  87.9003 335.3498 0002196 103.9685 256.1688 13.12443165274751
ONEWEB-0122
1 47268U 20100L   26245.51552623 -.00000577  00000+0 -16391-2 0  9990
2 47268  87.9002 335.3105 0001903  94.7384 265.3962 13.12442873274699
ONEWEB-0123
1 47269U 20100M   26245.51129427 -.00000453  00000+0 -12955-2 0  9998
2 47269  87.8993 335.3106 0001810 102.4670 257.6661 13.12442161274837
ONEWEB-0124
1 47270U 20100N   26245.27241627 -.00001269  00000+0 -35640-2 0  9992
2 47270  87.8990 335.3597 0002154  97.9031 262.2342 13.12446378274686
ONEWEB-0125
1 47271U 20100P   26245.47912314  .00000416  00000+0  11201-2 0  9991
2 47271  87.9004 335.3112 0001999 109.7453 250.3892 13.12442563274773
ONEWEB-0126
1 47272U 20100Q   26245.27085891 -.00000252  00000+0 -73566-3 0  9994
2 47272  87.8997 335.3628 0001775  97.9917 262.1413 13.12441228274813
ONEWEB-0127
1 47273U 20100R   26245.31309651  .00000444  00000+0  11988-2 0  9993
2 47273  87.8986 335.3502 0001778  93.9766 266.1566 13.12444113274846
ONEWEB-0128
1 47274U 20100S   26245.48759472  .00000256  00000+0  67527-3 0  9994
2 47274  87.8992 335.3288 0002173  96.2096 263.9280 13.12441932274885
ONEWEB-0129
1 47275U 20100T   26245.23854313  .00000490  00000+0  13272-2 0  9995
2 47275  87.9002 335.3596 0001198  66.5628 293.5626 13.12442797274780
ONEWEB-0130
1 47276U 20100U   26245.26563589 -.00000052  00000+0 -17940-3 0  9994
2 47276  87.9003 335.3506 0001914  98.8581 261.2764 13.12440768274753
ONEWEB-0131
1 47277U 20100V   26245.26225421  .00000087  00000+0  20534-3 0  9994
2 47277  87.8993 335.3611 0002028  98.1173 262.0185 13.12440858274795
ONEWEB-0132
1 47278U 20100W   26245.51976920 -.00000300  00000+0 -86970-3 0  9996
2 47278  87.8996 335.3141 0001960 101.3837 258.7512 13.12443485274723
ONEWEB-0133
1 47279U 20100X   26245.30787571  .00000293  00000+0  77799-3 0  9994
2 47279  87.9006 335.3409 0002015  97.9485 262.1872 13.12444358274857
ONEWEB-0134
1 47280U 20100Y   26245.27750655 -.00000400  00000+0 -11485-2 0  9996
2 47280  87.9008 335.3442 0001918  91.9289 268.2060 13.12442075274822
ONEWEB-0135
1 47281U 20100Z   26245.24871254  .00000463  00000+0  12527-2 0  9998
2 47281  87.8994 335.3627 0002003  91.5430 268.5928 13.12442696274848
ONEWEB-0136
1 47282U 20100AA  26245.26734267 -.00000186  00000+0 -55350-3 0  9999
2 47282  87.9001 335.3464 0001886  90.3481 269.7864 13.12441188274778
ONEWEB-0137
1 47283U 20100AB  26245.30122565  .00000145  00000+0  36905-3 0  9995
2 47283  87.9006 335.3536 0001831 103.8007 256.3326 13.12445071274688
ONEWEB-0138
1 47284U 20100AC  26245.50790879 -.00000386  00000+0 -11071-2 0  9992
2 47284  87.8998 335.3149 0001851  93.1764 266.9577 13.12441848274796
ONEWEB-0139
1 47285U 20100AD  26245.32001305  .00000470  00000+0  12710-2 0  9995
2 47285  87.9002 335.3378 0001867  99.8356 260.2983 13.12443654274846
ONEWEB-0140
1 47286U 20100AE  26245.50282890 -.00000315  00000+0 -91236-3 0  9997
2 47286  87.9003 335.2941 0002072  99.6733 260.4630 13.12441744274837
ONEWEB-0141
1 47287U 20100AF  26245.24349201  .00000485  00000+0  13115-2 0  9994
2 47287  87.9003 335.3498 0001683 107.1006 253.0307 13.12443148274784
ONEWEB-0142
1 47288U 20100AG  26245.30814411  .00000307  00000+0  81680-3 0  9998
2 47288  87.8996 335.3539 0001449  98.3544 261.7749 13.12444320274788
ONEWEB-0143
1 47289U 20100AH  26245.24195009  .00000589  00000+0  16019-2 0  9992
2 47289  87.8995 335.3668 0001744 101.0119 259.1206 13.12442854274755
ONEWEB-0144
1 47290U 20100AJ  26245.28936260 -.00000292  00000+0 -84624-3 0  9991
2 47290  87.9006 335.3376 0001690  89.7127 270.4195 13.12443275274681
ONEWEB-0145
1 47291U 20100AK  26245.26057362  .00000180  00000+0  46616-3 0  9990
2 47291  87.8996 335.3626 0001822  99.4302 260.7033 13.12442033274872
ONEWEB-0146
1 47292U 20100AL  26245.48589734  .00000199  00000+0  51811-3 0  9991
2 47292  87.9003 335.3153 0002216 104.5969 255.5406 13.12442614274818
ONEWEB-0147
1 47293U 20100AM  26245.29953738 -.00000025  00000+0 -10362-3 0  9996
2 47293  87.9005 335.3354 0001969  96.0660 264.0693 13.12444388274689
ONEWEB-0115
1 48042U 21025A   26245.41978367 -.00000301  00000+0 -85838-3 0  9992
2 48042  87.8946 304.8617 0002035  97.3624 262.7737 13.13471494263734
ONEWEB-0152
1 48043U 21025B   26245.43332618 -.00000135  00000+0 -40394-3 0  9991
2 48043  87.8951 304.8605 0002252  99.8754 260.2630 13.13474757263695
ONEWEB-0153
1 48044U 21025C   26245.18279622 -.00000151  00000+0 -44719-3 0  9992
2 48044  87.8954 304.9078 0001853  96.9675 263.1665 13.13469050263656
ONEWEB-0154
1 48045U 21025D   26245.56030712 -.00000022  00000+0 -93884-4 0  9995
2 48045  87.8954 304.8347 0001978  97.2007 262.9347 13.13469128263667
ONEWEB-0116
1 48046U 21025E   26245.21834716  .00000070  00000+0  15570-3 0  9990
2 48046  87.8955 304.8999 0002086  97.7677 262.3689 13.13470231263762
ONEWEB-0150
1 48047U 21025F   26245.42318705 -.00000246  00000+0 -70986-3 0  9998
2 48047  87.8954 304.8576 0001856 101.8453 258.2885 13.13469896263684
ONEWEB-0107
1 48048U 21025G   26245.42488351 -.00000313  00000+0 -89094-3 0  9999
2 48048  87.8954 304.8527 0001799  95.0151 265.1184 13.13469787263662
ONEWEB-0101
1 48049U 21025H   26245.23529119  .00000674  00000+0  18113-2 0  9998
2 48049  87.8951 304.8992 0001613  71.3919 288.7385 13.13467348263610
ONEWEB-0113
1 48050U 21025J   26245.23493791  .00000267  00000+0  69260-3 0  9994
2 48050  87.8943 304.8003 0001870 102.0148 258.1191 13.13891392263725
ONEWEB-0112
1 48051U 21025K   26245.42994698 -.00000251  00000+0 -72127-3 0  9999
2 48051  87.8952 304.8502 0001893  89.5525 270.5821 13.13469471263731
ONEWEB-0156
1 48052U 21025L   26245.43840056 -.00000367  00000+0 -10391-2 0  9991
2 48052  87.8951 304.8577 0001813  97.2971 262.8364 13.13470994263712
ONEWEB-0161
1 48053U 21025M   26245.56538098 -.00000167  00000+0 -49280-3 0  9994
2 48053  87.8953 304.8332 0001717  95.4042 264.7283 13.13469070263664
ONEWEB-0158
1 48054U 21025N   26245.22005433  .00000145  00000+0  36165-3 0  9992
2 48054  87.8953 304.8998 0002255  95.4094 264.7292 13.13470698263745
ONEWEB-0157
1 48055U 21025P   26245.39780234  .00000310  00000+0  81512-3 0  9990
2 48055  87.8946 304.8672 0001614  89.7029 270.4285 13.13470185263702
ONEWEB-0162
1 48056U 21025Q   26245.45012911  .00000130  00000+0  32212-3 0  9991
2 48056  87.8942 304.8558 0001862 101.1439 258.9900 13.13471780263685
ONEWEB-0155
1 48057U 21025R   26245.15233374  .00000330  00000+0  86866-3 0  9993
2 48057  87.8949 304.9146 0001827  97.7804 262.3532 13.13470658263788
ONEWEB-0149
1 48058U 21025S   26245.40285607  .00000155  00000+0  38998-3 0  9996
2 48058  87.8950 304.8680 0001855 102.4905 257.6432 13.13468169263623
ONEWEB-0148
1 48059U 21025T   26245.21326306 -.00000136  00000+0 -40743-3 0  9990
2 48059  87.8945 304.9080 0001614 112.5718 247.5582 13.13470943263728
ONEWEB-0160
1 48060U 21025U   26245.45872486  .00000311  00000+0  81563-3 0  9991
2 48060  87.8943 304.8550 0002638 101.4502 258.6924 13.13469743263701
ONEWEB-0163
1 48061U 21025V   26245.44347669 -.00000024  00000+0 -99361-4 0  9990
2 48061  87.8949 304.8587 0001690  91.6939 268.4384 13.13472349263827
ONEWEB-0159
1 48062U 21025W   26245.43502445 -.00000115  00000+0 -34884-3 0  9994
2 48062  87.8954 304.8551 0001788  90.7467 269.3867 13.13470334263748
ONEWEB-0164
1 48063U 21025X   26245.56876195 -.00000244  00000+0 -70219-3 0  9990
2 48063  87.8952 304.8341 0002020  96.7734 263.3625 13.13468861263745
ONEWEB-0167
1 48064U 21025Y   26245.44434169 -.00000001  00000+0 -36614-4 0  9992
2 48064  87.8942 304.8619 0001946  77.1419 282.9927 13.13470628263715
ONEWEB-0166
1 48065U 21025Z   26245.23865476  .00000292  00000+0  76445-3 0  9994
2 48065  87.8951 304.8813 0001881  98.2911 261.8432 13.13468923263768
ONEWEB-0151
1 48066U 21025AA  26245.16417624  .00000439  00000+0  11678-2 0  9994
2 48066  87.8952 304.9101 0001963  93.6989 266.4364 13.13469639263698
ONEWEB-0170
1 48067U 21025AB  26245.40115686  .00000088  00000+0  20657-3 0  9993
2 48067  87.8952 304.8655 0002460  92.9696 267.1715 13.13470979263688
ONEWEB-0168
1 48068U 21025AC  26245.46211252  .00000327  00000+0  86182-3 0  9997
2 48068  87.8950 304.8545 0001931  95.2567 264.8783 13.13469366263700
ONEWEB-0173
1 48069U 21025AD  26245.22511454  .00000185  00000+0  47187-3 0  9993
2 48069  87.8950 304.8996 0001741  87.2018 272.9310 13.13469632263917
ONEWEB-0171
1 48070U 21025AE  26245.41471353 -.00000662  00000+0 -18489-2 0  9993
2 48070  87.8941 304.8673 0002422 103.6626 256.4773 13.13471112263754
ONEWEB-0172
1 48071U 21025AF  26245.47059488  .00000317  00000+0  83253-3 0  9998
2 48071  87.8951 304.8528 0001895  91.6224 268.5123 13.13469591264659
ONEWEB-0174
1 48072U 21025AG  26245.45194374  .00000190  00000+0  48626-3 0  9995
2 48072  87.8951 304.8548 0001814  99.4212 260.7122 13.13472511263979
ONEWEB-0175
1 48073U 21025AH  26245.55859791 -.00000003  00000+0 -44170-4 0  9994
2 48073  87.8953 304.8201 0002123  89.4335 270.7038 13.13468152263644
ONEWEB-0177
1 48074U 21025AJ  26245.18956161 -.00000126  00000+0 -37923-3 0  9996
2 48074  87.8951 304.9088 0001744 105.2884 254.8439 13.13467991263784
ONEWEB-0178
1 48075U 21025AK  26245.43686681 -.00000216  00000+0 -62588-3 0  9997
2 48075  87.8942 304.8659 0001947  89.3213 270.8139 13.13470057263862
ONEWEB-0108
1 48076U 21025AL  26245.39610773  .00000376  00000+0  99578-3 0  9996
2 48076  87.8951 304.8615 0002026 103.9727 256.1628 13.13469829263783
ONEWEB-0169
1 48077U 21025AM  26245.19972113 -.00000269  00000+0 -77094-3 0  9996
2 48077  87.8952 304.9063 0001845  99.0620 261.0718 13.13469637262419
ONEWEB-0176
1 48210U 21031A   26245.51354890 -.00004730  00000+0 -12787-1 0  9997
2 48210  87.8929 274.2868 0002190 101.1723 258.9653 13.14564322258479
ONEWEB-0184
1 48211U 21031B   26245.48817560  .00002596  00000+0  69677-2 0  9999
2 48211  87.8910 274.2926 0002365  77.7694 282.3701 13.14478234258442
ONEWEB-0179
1 48212U 21031C   26245.50546588  .00012873  00000+0  11843-2 0  9993
2 48212  87.8945 268.0217 0350110   0.8333 359.3384 14.57906753260148
ONEWEB-0180
1 48213U 21031D   26245.11097046  .00001618  00000+0  43321-2 0  9992
2 48213  87.8915 274.3667 0001800  81.6953 278.4381 13.14448984258323
ONEWEB-0218
1 48214U 21031E   26245.35963115 -.00007266  00000+0 -19632-1 0  9992
2 48214  87.8915 274.3162 0002209  72.7020 287.4351 13.14564108258519
ONEWEB-0209
1 48215U 21031F   26245.50169829 -.00001965  00000+0 -53355-2 0  9991
2 48215  87.8910 274.2981 0001852  88.3919 271.7423 13.14512322258535
ONEWEB-0198
1 48216U 21031G   26245.33438493  .00001519  00000+0  40640-2 0  9995
2 48216  87.8901 274.3234 0001665  80.5060 279.6258 13.14479323258627
ONEWEB-0189
1 48217U 21031H   26245.49831862 -.00003081  00000+0 -83444-2 0  9997
2 48217  87.8918 274.2866 0001924  82.9667 277.1681 13.14523737258388
ONEWEB-0196
1 48218U 21031J   26245.55414510  .00005115  00000+0  13772-1 0  9996
2 48218  87.8893 274.2792 0002462  95.1439 264.9972 13.14422140258394
ONEWEB-0183
1 48219U 21031K   26245.14649383  .00000275  00000+0  70588-3 0  9992
2 48219  87.8906 274.3610 0001837  99.0220 261.1118 13.14529696258436
ONEWEB-0185
1 48220U 21031L   26245.32516223  .00000003  00000+0 -26547-4 0  9997
2 48220  87.8912 274.3237 0001559  98.5867 261.5440 13.14503062258387
ONEWEB-0187
1 48221U 21031M   26245.53370498  .00000223  00000+0  56583-3 0  9998
2 48221  87.8904 274.2929 0001748  91.3750 268.7580 13.14487457258426
ONEWEB-0192
1 48222U 21031N   26245.50339561 -.00000189  00000+0 -54330-3 0  9993
2 48222  87.8903 274.2881 0001928  90.1425 269.9926 13.14519858258337
ONEWEB-0219
1 48223U 21031P   26245.55921099  .00000165  00000+0  41109-3 0  9994
2 48223  87.8916 274.2761 0001699  93.2494 266.8831 13.14490158258549
ONEWEB-0202
1 48224U 21031Q   26245.54061221  .00003189  00000+0  85689-2 0  9995
2 48224  87.8906 274.2883 0001996  74.0268 286.1081 13.14469732258524
ONEWEB-0204
1 48225U 21031R   26245.49747549 -.00003512  00000+0 -95077-2 0  9998
2 48225  87.8905 274.2911 0001649 103.9636 256.1678 13.14530846258414
ONEWEB-0205
1 48226U 21031S   26245.55075257  .00006612  00000+0  17803-1 0  9998
2 48226  87.8911 274.2780 0001771  88.0086 272.1246 13.14440348258432
ONEWEB-0206
1 48227U 21031T   26245.52201676 -.00003683  00000+0 -99689-2 0  9992
2 48227  87.8909 274.2818 0002064  94.2697 265.8668 13.14530603258380
ONEWEB-0182
1 48228U 21031U   26245.13636624 -.00005366  00000+0 -14506-1 0  9999
2 48228  87.8901 274.3650 0002059 105.1128 255.0229 13.14550617258542
ONEWEB-0186
1 48229U 21031V   26245.14818295  .00000218  00000+0  55334-3 0  9992
2 48229  87.8915 274.3595 0001891  89.9402 270.1945 13.14519007258498
ONEWEB-0181
1 48230U 21031W   26245.50679295  .00000008  00000+0 -14278-4 0  9990
2 48230  87.8895 274.3041 0001599  89.1791 270.9522 13.14498569258398
ONEWEB-0188
1 48231U 21031X   26245.08895390  .00004808  00000+0  12938-1 0  9999
2 48231  87.8898 274.3872 0001578  88.1811 271.9499 13.14451571258243
ONEWEB-0220
1 48232U 21031Y   26245.50763096 -.00004179  00000+0 -11307-1 0  9996
2 48232  87.8905 274.2877 0001751  95.0808 265.0522 13.14535231258565
ONEWEB-0165
1 48233U 21031Z   26245.53721477  .00002552  00000+0  68492-2 0  9996
2 48233  87.8905 274.2906 0001794  81.5496 278.5837 13.14486773258529
ONEWEB-0199
1 48234U 21031AA  26245.52031681 -.00003333  00000+0 -90226-2 0  9997
2 48234  87.8907 274.2833 0001921  90.2181 269.9169 13.14541830258428
ONEWEB-0203
1 48235U 21031AB  26245.12959972 -.00006655  00000+0 -17981-1 0  9992
2 48235  87.8915 274.3630 0001701  63.9624 296.1680 13.14574194258383
ONEWEB-0197
1 48236U 21031AC  26245.10575847  .00000045  00000+0  87395-4 0  9990
2 48236  87.8907 274.3492 0001797  99.5183 260.6150 13.14465456258299
ONEWEB-0194
1 48237U 21031AD  26245.54230858  .00003317  00000+0  89135-2 0  9996
2 48237  87.8905 274.2869 0002121  91.9218 268.2154 13.14461613258527
ONEWEB-0193
1 48238U 21031AE  26245.55752067 -.00000175  00000+0 -50535-3 0  9993
2 48238  87.8919 274.2753 0002357  93.7032 266.4367 13.14498576258478
ONEWEB-0191
1 48239U 21031AF  26245.49325014  .00003868  00000+0  10400-1 0  9990
2 48239  87.8911 274.2908 0002039  96.1146 264.0216 13.14457785258321
ONEWEB-0195
1 48240U 21031AG  26245.54653471  .00004163  00000+0  11198-1 0  9993
2 48240  87.8901 274.2796 0002139  82.9999 277.1374 13.14446286258310
ONEWEB-0201
1 48241U 21031AH  26245.53397673  .00000806  00000+0  21403-2 0  9993
2 48241  87.8906 274.2933 0001608 101.7159 258.4151 13.14499552258541
ONEWEB-0207
1 48242U 21031AJ  26245.51270835 -.00007079  00000+0 -19126-1 0  9991
2 48242  87.8913 274.2853 0001520 104.8618 255.2680 13.14560052258454
ONEWEB-0208
1 48243U 21031AK  26245.49496116 -.00004999  00000+0 -13521-1 0  9992
2 48243  87.8908 274.2928 0002027  84.0446 276.0915 13.14529377258461
ONEWEB-0200
1 48244U 21031AL  26245.38331147  .00000250  00000+0  63931-3 0  9999
2 48244  87.8916 274.3097 0001621  92.3766 267.7549 13.14474790258373
ONEWEB-0217
1 48245U 21031AM  26245.55243700  .00004809  00000+0  12944-1 0  9996
2 48245  87.8912 274.2788 0001925  81.2757 278.8591 13.14433038258347
ONEWEB-0211
1 48767U 21045A   26245.27507108 -.00000030  00000+0 -11341-3 0  9990
2 48767  87.8961 243.6953 0002132  68.3384 291.7974 13.16198113254582
ONEWEB-0223
1 48768U 21045B   26245.23932693  .00000042  00000+0  78235-4 0  9995
2 48768  87.8970 243.8313 0002227  78.6661 281.4719 13.15546873254539
ONEWEB-0230
1 48769U 21045C   26245.05869538  .00000141  00000+0  33997-3 0  9998
2 48769  87.8965 243.8764 0002070  92.7257 267.4110 13.15547552254778
ONEWEB-0237
1 48770U 21045D   26245.27579620  .00000012  00000+0 -87662-6 0  9993
2 48770  87.8953 243.8327 0001776  81.5817 278.5515 13.15548292254529
ONEWEB-0235
1 48771U 21045E   26245.02226896 -.00000030  00000+0 -11329-3 0  9996
2 48771  87.8967 243.8761 0002351  80.4531 279.6865 13.15549347254485
ONEWEB-0242
1 48772U 21045F   26245.01591616 -.00000058  00000+0 -18926-3 0  9991
2 48772  87.8970 243.8753 0002228  87.8337 272.3048 13.15548094254525
ONEWEB-0241
1 48773U 21045G   26245.07929742  .00000194  00000+0  48103-3 0  9992
2 48773  87.8964 243.8723 0002166  80.1091 280.0284 13.15547756254443
ONEWEB-0243
1 48774U 21045H   26245.03493780 -.00000093  00000+0 -28110-3 0  9993
2 48774  87.8959 243.8944 0002576  87.2508 272.8917 13.15549101254469
ONEWEB-0222
1 48775U 21045J   26245.24648123 -.00000066  00000+0 -21047-3 0  9992
2 48775  87.8969 243.8256 0002129  82.3081 277.8291 13.15548845254535
ONEWEB-0244
1 48776U 21045K   26245.04442705 -.00000215  00000+0 -60607-3 0  9990
2 48776  87.8970 243.8654 0002147  86.4675 273.6701 13.15548392255071
ONEWEB-0247
1 48777U 21045L   26245.26944632 -.00000025  00000+0 -10018-3 0  9991
2 48777  87.8954 243.8418 0002812  81.2514 278.8935 13.15549993254541
ONEWEB-0245
1 48778U 21045M   26245.03651917 -.00000420  00000+0 -11510-2 0  9994
2 48778  87.8965 243.8748 0002063  82.8407 277.2958 13.15545220254486
ONEWEB-0229
1 48779U 21045N   26245.25992443 -.00000132  00000+0 -38409-3 0  9998
2 48779  87.8967 243.8274 0002173  88.1404 271.9975 13.15550173254541
ONEWEB-0228
1 48780U 21045P   26245.06518413  .00000116  00000+0  27491-3 0  9999
2 48780  87.8973 243.8634 0002076  88.7125 271.4243 13.15550053254436
ONEWEB-0232
1 48781U 21045Q   26245.26785041 -.00000193  00000+0 -54604-3 0  9998
2 48781  87.8970 243.8222 0001965  86.1838 273.9517 13.15549252254784
ONEWEB-0231
1 48782U 21045R   26245.47385092 -.00000065  00000+0 -20628-3 0  9991
2 48782  87.8967 243.7897 0002141  81.9177 278.2196 13.15549528254501
ONEWEB-0234
1 48783U 21045S   26245.05538590  .00000131  00000+0  31440-3 0  9995
2 48783  87.8973 243.8593 0001240  77.8660 282.2609 13.15549681254585
ONEWEB-0238
1 48784U 21045T   26245.05567542 -.00000026  00000+0 -10348-3 0  9994
2 48784  87.8972 243.8554 0001583  84.1081 276.0230 13.15549149254489
ONEWEB-0240
1 48785U 21045U   26245.07693015  .00000070  00000+0  15242-3 0  9997
2 48785  87.8971 243.8595 0002053  78.8748 281.2613 13.15548978254513
ONEWEB-0246
1 48786U 21045V   26244.99531165  .00000153  00000+0  37241-3 0  9990
2 48786  87.8971 243.8789 0002141  89.9406 270.1970 13.15550321254373
ONEWEB-0210
1 48787U 21045W   26245.27418411 -.00000175  00000+0 -50024-3 0  9991
2 48787  87.8969 243.8208 0002904  86.9183 273.2280 13.15548369254459
ONEWEB-0214
1 48788U 21045X   26245.05472977  .00000112  00000+0  26397-3 0  9990
2 48788  87.8968 243.8616 0002292  94.9790 265.1602 13.15550059254395
ONEWEB-0221
1 48789U 21045Y   26245.06186515  .00000175  00000+0  43071-3 0  9999
2 48789  87.8967 243.8682 0002125  84.5461 275.5912 13.15547141254480
ONEWEB-0213
1 48790U 21045Z   26245.05078051  .00000121  00000+0  28752-3 0  9995
2 48790  87.8965 243.8731 0002280  84.4263 275.7127 13.15547955254546
ONEWEB-0212
1 48791U 21045AA  26245.02779428 -.00000126  00000+0 -36963-3 0  9999
2 48791  87.8968 243.8717 0002139  89.3966 270.7409 13.15547255254531
ONEWEB-0227
1 48792U 21045AB  26245.02702154 -.00000121  00000+0 -35652-3 0  9991
2 48792  87.8967 243.8711 0002076  85.5876 274.5492 13.15549419254485
ONEWEB-0226
1 48793U 21045AC  26245.24884706 -.00000108  00000+0 -32010-3 0  9990
2 48793  87.8971 243.8320 0002320  87.4900 272.6496 13.15547405254484
ONEWEB-0224
1 48794U 21045AD  26244.98422831  .00000154  00000+0  37495-3 0  9999
2 48794  87.8960 243.9140 0001713  61.4048 298.7254 13.15547794254374
ONEWEB-0233
1 48795U 21045AE  26245.06489859  .00000195  00000+0  48410-3 0  9997
2 48795  87.8958 243.9043 0002168  80.9074 279.2301 13.15549960254402
ONEWEB-0190
1 48796U 21045AF  26245.05236481  .00000102  00000+0  23756-3 0  9992
2 48796  87.8965 243.8744 0002595  78.5860 281.5562 13.15548181254474
ONEWEB-0236
1 48797U 21045AG  26245.29795715  .00000169  00000+0  41498-3 0  9995
2 48797  87.8957 243.8288 0001907  87.9595 272.1754 13.15547336254395
ONEWEB-0248
1 48798U 21045AH  26245.08248126 -.00000037  00000+0 -13196-3 0  9992
2 48798  87.8969 243.8632 0002199  74.8879 285.2494 13.15548751254529
ONEWEB-0225
1 48799U 21045AJ  26245.02858073 -.00000084  00000+0 -25710-3 0  9992
2 48799  87.8966 243.8796 0002492  79.0357 281.1054 13.15550473254523
ONEWEB-0215
1 48800U 21045AK  26245.07455528  .00000170  00000+0  41702-3 0  9991
2 48800  87.8972 243.8568 0002488  75.1800 284.9606 13.15548509254403
ONEWEB-0216
1 48801U 21045AL  26245.08404242 -.00000044  00000+0 -15019-3 0  9994
2 48801  87.8968 243.8670 0002027  89.4529 270.6834 13.15550378254411
ONEWEB-0239
1 48802U 21045AM  26245.46909477 -.00000005  00000+0 -48570-4 0  9993
2 48802  87.8969 243.7938 0002383  68.0920 292.0463 13.15549992254508
ONEWEB-0249
1 48967U 21060A   26244.96180831  .00000031  00000+0  47076-4 0  9998
2 48967  87.9121 213.5293 0002100  79.0341 281.1027 13.16595823249713
ONEWEB-0250
1 48968U 21060B   26245.28453645  .00000064  00000+0  11522-3 0  9993
2 48968  87.9128 210.9718 0001413  56.2768 303.8502 13.25837186250432
ONEWEB-0252
1 48970U 21060D   26245.29667476  .00000070  00000+0  14880-3 0  9993
2 48970  87.9121 213.4555 0002292  88.8498 271.2895 13.16593429249803
ONEWEB-0253
1 48971U 21060E   26245.28559107  .00000074  00000+0  16017-3 0  9992
2 48971  87.9122 213.4629 0002015  79.5935 280.5423 13.16592670249732
ONEWEB-0254
1 48972U 21060F   26245.29509020  .00000076  00000+0  16619-3 0  9993
2 48972  87.9122 213.4594 0002148  74.0671 286.0697 13.16593437249734
ONEWEB-0255
1 48973U 21060G   26245.33308690  .00000011  00000+0 -44929-5 0  9996
2 48973  87.9121 213.4575 0002180  77.8868 282.2508 13.16592906249816
ONEWEB-0256
1 48974U 21060H   26245.28321922  .00000024  00000+0  28750-4 0  9990
2 48974  87.9117 213.4684 0002146  85.8896 274.2480 13.16591771249779
ONEWEB-0257
1 48975U 21060J   26245.31566373  .00000022  00000+0  24209-4 0  9999
2 48975  87.9123 213.4523 0002259  80.7880 279.3506 13.16592430249735
ONEWEB-0258
1 48976U 21060K   26245.31727143 -.00000008  00000+0 -55055-4 0  9993
2 48976  87.9114 213.4632 0002081  81.1622 278.9745 13.16595934249742
ONEWEB-0259
1 48977U 21060L   26245.31091335 -.00000008  00000+0 -55259-4 0  9997
2 48977  87.9124 213.4639 0002038  76.8141 283.3217 13.16592805249771
ONEWEB-0260
1 48978U 21060M   26245.30221732 -.00000060  00000+0 -19078-3 0  9999
2 48978  87.9119 213.4637 0002281  89.5589 270.5803 13.16594703249757
ONEWEB-0261
1 48979U 21060N   26245.19613006  .00000045  00000+0  84534-4 0  9997
2 48979  87.9118 213.4871 0002390  78.6332 281.5068 13.16596019249794
ONEWEB-0262
1 48980U 21060P   26245.63232261 -.00000010  00000+0 -60494-4 0  9991
2 48980  87.9122 213.3884 0002043  74.3443 285.7913 13.16593429249815
ONEWEB-0263
1 48981U 21060Q   26245.20800447  .00000095  00000+0  21451-3 0  9992
2 48981  87.9121 213.4847 0002321  75.6070 284.5319 13.16593122249721
ONEWEB-0264
1 48982U 21060R   26245.32120438 -.00000005  00000+0 -47360-4 0  9992
2 48982  87.9117 213.4610 0002257  83.3175 276.8213 13.16592528249743
ONEWEB-0266
1 48984U 21060T   26245.19059341 -.00000013  00000+0 -67452-4 0  9996
2 48984  87.9123 213.4816 0001991  82.2966 277.8391 13.16594672249717
ONEWEB-0267
1 48985U 21060U   26245.27766892  .00000073  00000+0  15798-3 0  9991
2 48985  87.9121 213.4614 0002250  80.7432 279.3953 13.16593337249732
ONEWEB-0268
1 48986U 21060V   26245.32200352 -.00000015  00000+0 -72348-4 0  9995
2 48986  87.9123 213.4610 0002107  85.6538 274.4834 13.16593173250007
ONEWEB-0269
1 48987U 21060W   26245.30301968  .00000038  00000+0  65519-4 0  9994
2 48987  87.9119 213.4628 0001903  89.4620 270.6729 13.16594108249771
ONEWEB-0270
1 48988U 21060X   26245.32042695  .00000018  00000+0  12539-4 0  9998
2 48988  87.9111 213.4617 0002222  73.3423 286.7952 13.16595076249816
ONEWEB-0271
1 48989U 21060Y   26245.30775692  .00000074  00000+0  15908-3 0  9991
2 48989  87.9123 213.4553 0002274  77.8896 282.2489 13.16593114249816
ONEWEB-0272
1 48990U 21060Z   26245.32991060 -.00000016  00000+0 -75497-4 0  9992
2 48990  87.9117 213.4588 0002317  87.6494 272.4902 13.16596557249769
ONEWEB-0273
1 48991U 21060AA  26245.27609442 -.00000016  00000+0 -75426-4 0  9999
2 48991  87.9116 213.4707 0002146  78.6334 281.5038 13.16592336249734
ONEWEB-0274
1 48992U 21060AB  26245.30143129  .00000055  00000+0  11118-3 0  9997
2 48992  87.9115 213.4637 0002298  87.4045 272.7349 13.16593814249774
ONEWEB-0275
1 48993U 21060AC  26245.29035737  .00000121  00000+0  28187-3 0  9999
2 48993  87.9123 213.4627 0002587  99.9838 260.1585 13.16594358249702
ONEWEB-0276
1 48994U 21060AD  26245.32357815 -.00000034  00000+0 -12359-3 0  9997
2 48994  87.9123 213.4545 0002214  85.1580 274.9804 13.16592553249724
ONEWEB-0277
1 48995U 21060AE  26244.95628040  .00000017  00000+0  10378-4 0  9996
2 48995  87.9115 213.5322 0002180  78.8127 281.3249 13.16594519249660
ONEWEB-0278
1 48996U 21060AF  26245.63073181 -.00000097  00000+0 -28722-3 0  9994
2 48996  87.9124 213.3931 0001887  81.7025 278.4320 13.16592759249883
ONEWEB-0279
1 48997U 21060AG  26244.95467505 -.00000198  00000+0 -55143-3 0  9995
2 48997  87.9121 213.5257 0002306  80.5254 279.6137 13.16592578249723
ONEWEB-0280
1 48998U 21060AH  26245.27372796  .00000045  00000+0  82882-4 0  9999
2 48998  87.9121 213.4662 0001954  73.2389 286.8956 13.16594296249705
ONEWEB-0281
1 48999U 21060AJ  26245.27925360  .00000125  00000+0  29387-3 0  9990
2 48999  87.9124 213.4615 0002124  86.1463 273.9911 13.16595734249776
ONEWEB-0282
1 49000U 21060AK  26245.30935300  .00000045  00000+0  83728-4 0  9994
2 49000  87.9124 213.4618 0002109  78.6679 281.4689 13.16594712249750
ONEWEB-0283
1 49001U 21060AL  26245.29824911  .00000117  00000+0  27223-3 0  9995
2 49001  87.9123 213.4630 0002243  81.5963 278.5422 13.16593017249762
ONEWEB-0284
1 49002U 21060AM  26245.29191698  .00000157  00000+0  37704-3 0  9994
2 49002  87.9126 213.4593 0001864  75.3620 284.7717 13.16592907249744
ONEWEB-0285
1 49075U 21075A   26245.51723375 -.00000385  00000+0 -11044-2 0  9991
2 49075  87.8998 335.3097 0001798 106.9289 253.2037 13.12444055245356
ONEWEB-0286
1 49076U 21075B   26245.49929562 -.00000253  00000+0 -73871-3 0  9996
2 49076  87.8990 335.3225 0001864 107.2318 252.9015 13.12443190244702
ONEWEB-0287
1 49077U 21075C   26245.31780844  .00000089  00000+0  19676-3 0  9994
2 49077  87.9203 350.5425 0001692 112.3441 247.7870 13.17648689243788
ONEWEB-0288
1 49078U 21075D   26245.47571670  .00000468  00000+0  12659-2 0  9991
2 49078  87.9001 335.3106 0001661 104.1560 255.9754 13.12443676245327
ONEWEB-0289
1 49079U 21075E   26245.28068457  .00000091  00000+0  20252-3 0  9996
2 49079  87.9192 350.5679 0001666  88.2384 271.8938 13.17649884244351
ONEWEB-0290
1 49080U 21075F   26245.32961806  .00000082  00000+0  17786-3 0  9991
2 49080  87.9208 350.5361 0001672  84.8231 275.3091 13.17650334243775
ONEWEB-0291
1 49081U 21075G   26245.31443485  .00000101  00000+0  22761-3 0  9990
2 49081  87.9205 350.5409 0001521 103.3603 256.7698 13.17649201243765
ONEWEB-0293
1 49082U 21075H   26245.33974600  .00000079  00000+0  16980-3 0  9991
2 49082  87.9199 350.5383 0001723  96.8900 263.2428 13.17649749243793
ONEWEB-0294
1 49083U 21075J   26245.33003939  .00000298  00000+0  79406-3 0  9995
2 49083  87.9003 335.3442 0001688  90.5107 269.6215 13.12441905244698
ONEWEB-0295
1 49084U 21075K   26245.33890360  .00000111  00000+0  25278-3 0  9990
2 49084  87.9202 350.5422 0001586 105.6411 254.4896 13.17649508243757
ONEWEB-0296
1 49085U 21075L   26245.30970437  .00000362  00000+0  97103-3 0  9996
2 49085  87.8994 335.3545 0001576 103.0821 257.0483 13.12443412244694
ONEWEB-0297
1 49086U 21075M   26245.49266806  .00000040  00000+0  76376-4 0  9998
2 49086  87.8992 335.3221 0001826 102.8422 257.2911 13.12441375245321
ONEWEB-0298
1 49087U 21075N   26245.57107204  .00000133  00000+0  30861-3 0  9995
2 49087  87.9202 350.4946 0001923 103.3584 256.7762 13.17649106243819
ONEWEB-0299
1 49088U 21075P   26245.26886831  .00000087  00000+0  19071-3 0  9990
2 49088  87.9211 350.5416 0001775 105.4639 254.6689 13.17649362243754
ONEWEB-0300
1 49089U 21075Q   26245.48505062  .00000305  00000+0  81304-3 0  9990
2 49089  87.9004 335.3117 0002169 107.6434 252.4932 13.12442026245346
ONEWEB-0301
1 49090U 21075R   26245.24025101  .00000553  00000+0  15021-2 0  9994
2 49090  87.9002 335.3568 0002207 104.1243 256.0131 13.12443724244671
ONEWEB-0302
1 49091U 21075S   26245.30291783  .00000154  00000+0  39193-3 0  9997
2 49091  87.8996 335.3540 0001611  93.6717 266.4596 13.12443264244667
ONEWEB-0304
1 49092U 21075T   26245.31950552  .00000064  00000+0  13089-3 0  9991
2 49092  87.9203 350.5467 0001745 103.7331 256.3995 13.17649669243730
ONEWEB-0305
1 49093U 21075U   26245.31274900  .00000103  00000+0  23146-3 0  9997
2 49093  87.9208 350.5392 0001634 111.9715 248.1591 13.17650505243762
ONEWEB-0308
1 49094U 21075V   26245.29614000 -.00000017  00000+0 -83884-4 0  9996
2 49094  87.9004 335.3514 0001917  99.4578 260.6767 13.12444106244673
ONEWEB-0309
1 49095U 21075W   26245.31611013  .00000118  00000+0  27133-3 0  9995
2 49095  87.9200 350.5403 0001515  88.1295 272.0010 13.17650831243736
ONEWEB-0310
1 49096U 21075X   26245.31140654  .00000381  00000+0  10247-2 0  9993
2 49096  87.8994 335.3629 0001875  99.2056 260.9284 13.12444222245308
ONEWEB-0311
1 49097U 21075Y   26245.32286472  .00000012  00000+0 -19495-5 0  9993
2 49097  87.9204 350.5389 0001762 114.9332 245.1983 13.17648945243787
ONEWEB-0312
1 49098U 21075Z   26245.33803741  .00000059  00000+0  11914-3 0  9995
2 49098  87.9201 350.5464 0001563 104.4257 255.7048 13.17650702243769
ONEWEB-0313
1 49099U 21075AA  26245.34299282  .00000075  00000+0  15944-3 0  9991
2 49099  87.9199 350.5492 0001798 104.0556 256.0776 13.17649329243759
ONEWEB-0314
1 49100U 21075AB  26245.30937931  .00000093  00000+0  20614-3 0  9990
2 49100  87.9214 350.5376 0001486 105.7255 254.4040 13.17649553243721
ONEWEB-0315
1 49101U 21075AC  26245.28428162 -.00000318  00000+0 -91864-3 0  9996
2 49101  87.9003 335.3388 0001940 111.9228 248.2107 13.12442684245285
ONEWEB-0316
1 49102U 21075AD  26245.47709478  .00000019  00000+0  14370-4 0  9994
2 49102  87.9191 320.1008 0001833  97.0596 263.0744 13.18684258247395
ONEWEB-0317
1 49103U 21075AE  26245.28768554 -.00000279  00000+0 -81016-3 0  9994
2 49103  87.8994 335.3590 0001889  82.3220 277.8124 13.12443087245303
ONEWEB-0318
1 49104U 21075AF  26245.47361130  .00000058  00000+0  11410-3 0  9999
2 49104  87.9190 320.1040 0001924 104.1243 256.0103 13.18686053247354
ONEWEB-0319
1 49105U 21075AG  26245.55236934 -.00000031  00000+0 -11411-3 0  9996
2 49105  87.9203 350.4984 0001996 116.0190 244.1147 13.17650098243794
ONEWEB-0323
1 49106U 21075AH  26245.26903664 -.00000133  00000+0 -40571-3 0  9998
2 49106  87.9004 335.3472 0001838 117.0734 243.0582 13.12441936244660
ONEWEB-0329
1 49107U 21075AJ  26245.56080713  .00000067  00000+0  13872-3 0  9991
2 49107  87.9200 350.4981 0001712 103.3322 256.8001 13.17649988243775
ONEWEB-0330
1 49108U 21075AK  26245.33649612  .00000050  00000+0  96432-4 0  9992
2 49108  87.9206 350.5555 0001664  99.9955 260.1365 13.17651267243783
ONEWEB-0292
1 49186U 21083A   26245.18110391  .00000046  00000+0  89788-4 0  9998
2 49186  87.8943 304.9213 0001975 101.9811 258.1539 13.13468910241033
ONEWEB-0303
1 49187U 21083B   26245.24259258  .00000057  00000+0  11062-3 0  9993
2 49187  87.9192 320.1486 0001938 104.1477 255.9871 13.18687719240134
ONEWEB-0306
1 49188U 21083C   26245.46010560  .00000070  00000+0  14513-3 0  9998
2 49188  87.9195 320.0959 0001893  91.5889 268.5460 13.18687890240200
ONEWEB-0307
1 49189U 21083D   26245.55606594  .00000033  00000+0  54392-4 0  9996
2 49189  87.8942 304.8443 0001859 101.2719 258.8619 13.13470617241088
ONEWEB-0320
1 49190U 21083E   26245.48035079 -.00000037  00000+0 -12657-3 0  9997
2 49190  87.9185 320.1018 0001946  98.0815 262.0538 13.18685616240163
ONEWEB-0321
1 49191U 21083F   26245.47296698  .00000050  00000+0  90320-4 0  9990
2 49191  87.9133 259.0208 0002126  86.9167 273.2209 13.20772326247035
ONEWEB-0322
1 49192U 21083G   26245.55183760  .00000058  00000+0  12434-3 0  9992
2 49192  87.8942 304.8454 0002024  89.0718 271.0643 13.13470004241074
ONEWEB-0324
1 49193U 21083H   26245.45337725  .00000073  00000+0  15237-3 0  9995
2 49193  87.9194 320.1032 0001777  96.8309 263.3025 13.18685666240180
ONEWEB-0325
1 49194U 21083J   26245.22911426  .00000075  00000+0  15669-3 0  9998
2 49194  87.9189 320.1485 0002050 100.5206 259.6158 13.18687748240167
ONEWEB-0326
1 49195U 21083K   26245.47206035  .00000014  00000+0  16216-5 0  9993
2 49195  87.9190 320.1033 0002014 106.4451 253.6903 13.18686263240181
ONEWEB-0327
1 49196U 21083L   26245.47178971  .00000046  00000+0  84176-4 0  9995
2 49196  87.9184 320.1024 0002185 107.7162 252.4209 13.18685795240205
ONEWEB-0328
1 49197U 21083M   26245.16078547  .00000419  00000+0  11129-2 0  9990
2 49197  87.8955 304.9037 0001817  96.5408 263.5928 13.13468939241008
ONEWEB-0331
1 49198U 21083N   26245.23755001  .00000089  00000+0  19298-3 0  9995
2 49198  87.9191 320.1452 0001919 109.1829 250.9511 13.18686055240164
ONEWEB-0333
1 49199U 21083P   26245.23189781  .00000250  00000+0  65016-3 0  9991
2 49199  87.8942 304.9085 0001969  99.6222 260.5130 13.13467266241021
ONEWEB-0334
1 49200U 21083Q   26245.48728708 -.00000033  00000+0 -11390-3 0  9996
2 49200  87.9132 259.0281 0002503  76.6534 283.4879 13.20770566246993
ONEWEB-0335
1 49201U 21083R   26245.45534863  .00000269  00000+0  70128-3 0  9994
2 49201  87.8942 304.8615 0001904 102.7490 257.3852 13.13471117241064
ONEWEB-0336
1 49202U 21083S   26245.42656256 -.00000281  00000+0 -80323-3 0  9997
2 49202  87.8941 304.8615 0001834 106.5718 253.5613 13.13471170241052
ONEWEB-0337
1 49203U 21083T   26245.20804909 -.00000125  00000+0 -37667-3 0  9994
2 49203  87.8945 304.9109 0001763  97.3511 262.7819 13.13469587241021
ONEWEB-0338
1 49204U 21083U   26245.46453619  .00001335  00000+0  32508-2 0  9991
2 49204  87.9148 259.0312 0002766  67.8928 292.2498 13.20783631247015
ONEWEB-0339
1 49205U 21083V   26245.21665550  .00000059  00000+0  12638-3 0  9999
2 49205  87.8943 304.9026 0002061  94.0744 266.0621 13.13473443241005
ONEWEB-0340
1 49206U 21083W   26245.45167885  .00000038  00000+0  62774-4 0  9998
2 49206  87.9189 320.1071 0001877 103.1765 256.9577 13.18687264240154
ONEWEB-0341
1 49207U 21083X   26245.45842754  .00000082  00000+0  17564-3 0  9999
2 49207  87.9188 320.1054 0001479  97.2674 262.8626 13.18687103240170
ONEWEB-0342
1 49208U 21083Y   26245.47128812  .00000028  00000+0  37507-4 0  9994
2 49208  87.9133 259.0232 0002010  88.6027 271.5337 13.20772024246988
ONEWEB-0343
1 49209U 21083Z   26245.23923215 -.00000022  00000+0 -87712-4 0  9998
2 49209  87.9188 320.1479 0002014  87.7442 272.3920 13.18687250240194
ONEWEB-0344
1 49210U 21083AA  26245.21155765 -.00000277  00000+0 -79459-3 0  9995
2 49210  87.8943 304.9163 0001544  95.6264 264.5041 13.13470840241009
ONEWEB-0345
1 49211U 21083AB  26245.43163884 -.00000297  00000+0 -84919-3 0  9990
2 49211  87.8949 304.8607 0001641  93.7761 266.3556 13.13469454241041
ONEWEB-0346
1 49212U 21083AC  26245.23585272  .00000062  00000+0  12526-3 0  9991
2 49212  87.9194 320.1478 0002102 120.1731 239.9609 13.18687338240139
ONEWEB-0348
1 49213U 21083AD  26245.46118739  .00000064  00000+0  12448-3 0  9992
2 49213  87.9135 259.0303 0001624 102.5511 257.5804 13.20770874247018
ONEWEB-0350
1 49214U 21083AE  26245.22187688  .00000145  00000+0  36180-3 0  9995
2 49214  87.8945 304.9057 0003002  95.6268 264.5203 13.13469933241047
ONEWEB-0351
1 49215U 21083AF  26245.30278277  .00000086  00000+0  17901-3 0  9994
2 49215  87.9137 259.0612 0001958  72.9762 287.1586 13.20773160246952
ONEWEB-0352
1 49216U 21083AG  26245.42147173 -.00000268  00000+0 -77015-3 0  9994
2 49216  87.8943 304.8692 0002002  85.4235 274.7123 13.13468664241168
ONEWEB-0354
1 49217U 21083AH  26245.48137805  .00000009  00000+0 -10985-4 0  9998
2 49217  87.9134 259.0236 0001531  97.1790 262.9517 13.20770290247014
ONEWEB-0355
1 49218U 21083AJ  26245.45110571  .00000214  00000+0  55117-3 0  9999
2 49218  87.8944 304.8640 0001828  91.1223 269.0115 13.13472252241043
ONEWEB-0357
1 49219U 21083AK  26245.47801445  .00000023  00000+0  24869-4 0  9998
2 49219  87.9134 259.0179 0001808  84.9818 275.1522 13.20773614247019
ONEWEB-0332
1 49279U 21090A   26245.55498496  .00003705  00000+0  99590-2 0  9990
2 49279  87.8905 274.2845 0002157  90.3386 269.7991 13.14467819237746
ONEWEB-0347
1 49280U 21090B   26245.46789794  .00000019  00000+0  15496-4 0  9996
2 49280  87.9135 259.0278 0002248  89.2125 270.9266 13.20773275241246
ONEWEB-0349
1 49281U 21090C   26245.49992418 -.00000010  00000+0 -56432-4 0  9997
2 49281  87.9134 259.0221 0001956  91.9791 268.1566 13.20769080240035
ONEWEB-0353
1 49282U 21090D   26245.31902377  .00003937  00000+0  10592-1 0  9997
2 49282  87.8911 274.3283 0002265  91.9360 268.2029 13.14434137237713
ONEWEB-0356
1 49283U 21090E   26245.27095444 -.00000076  00000+0 -21769-3 0  9994
2 49283  87.9136 259.0614 0002481 108.0501 252.0902 13.20771335240007
ONEWEB-0358
1 49284U 21090F   26245.07985809  .00000058  00000+0  10946-3 0  9999
2 49284  87.9137 259.1077 0001956  95.1647 264.9709 13.20773002240703
ONEWEB-0359
1 49285U 21090G   26245.29787271  .00000086  00000+0  17993-3 0  9997
2 49285  87.9133 259.0556 0001879  96.3167 263.8181 13.20774217240717
ONEWEB-0360
1 49286U 21090H   26245.06052141  .00000163  00000+0  36909-3 0  9998
2 49286  87.9134 259.1096 0001923  89.2140 270.9213 13.20772174239994
ONEWEB-0361
1 49287U 21090J   26245.26926873 -.00000076  00000+0 -21824-3 0  9998
2 49287  87.9134 259.0664 0001898  94.4264 265.7086 13.20772353240475
ONEWEB-0362
1 49288U 21090K   26245.35873251  .00000033  00000+0  50157-4 0  9993
2 49288  87.9131 289.6071 0001864  89.0669 271.0677 13.19726006237098
ONEWEB-0363
1 49289U 21090L   26245.05714843  .00000110  00000+0  23977-3 0  9997
2 49289  87.9135 259.1089 0002124  99.7080 260.4293 13.20770813240456
ONEWEB-0364
1 49290U 21090M   26245.47463859  .00000012  00000+0 -33256-5 0  9998
2 49290  87.9135 259.0328 0001977  90.2309 269.9051 13.20772723241648
ONEWEB-0365
1 49291U 21090N   26245.51984276 -.00000074  00000+0 -21839-3 0  9996
2 49291  87.9135 289.5687 0001950  94.4595 265.6761 13.19726453236629
ONEWEB-0366
1 49292U 21090P   26245.54399425  .00003536  00000+0  95075-2 0  9992
2 49292  87.8905 274.2842 0001915  93.8105 266.3244 13.14454446237720
ONEWEB-0367
1 49293U 21090Q   26245.05630403  .00000125  00000+0  27496-3 0  9997
2 49293  87.9135 259.1111 0002026  86.5088 273.6277 13.20772367239979
ONEWEB-0368
1 49294U 21090R   26245.48476234 -.00000064  00000+0 -18844-3 0  9996
2 49294  87.9136 259.0293 0002699  94.6633 265.4809 13.20771114241188
ONEWEB-0369
1 49295U 21090S   26245.51511001 -.00000084  00000+0 -24313-3 0  9993
2 49295  87.9132 289.5727 0002334 102.2623 257.8772 13.19724329236616
ONEWEB-0370
1 49296U 21090T   26245.06557116  .00000094  00000+0  20011-3 0  9991
2 49296  87.9134 259.1076 0001734  87.2320 272.9012 13.20770863240018
ONEWEB-0371
1 49297U 21090U   26245.52300568  .00000041  00000+0  71162-4 0  9996
2 49297  87.9133 289.5675 0002195  99.1511 260.9870 13.19724168236655
ONEWEB-0372
1 49298U 21090V   26245.05531389  .00000068  00000+0  13537-3 0  9992
2 49298  87.9134 259.1121 0002033  91.0141 269.1226 13.20773643239986
ONEWEB-0373
1 49299U 21090W   26245.08071485  .00000098  00000+0  20881-3 0  9995
2 49299  87.9134 259.1065 0001925  92.2312 267.9042 13.20772211241172
ONEWEB-0374
1 49300U 21090X   26245.07376254  .00000283  00000+0  72990-3 0  9993
2 49300  87.8916 274.3717 0002058 109.3470 250.7882 13.14505804237664
ONEWEB-0375
1 49301U 21090Y   26245.06893034  .00000126  00000+0  27846-3 0  9999
2 49301  87.9134 259.1011 0002037 107.7566 252.3790 13.20772110240675
ONEWEB-0376
1 49302U 21090Z   26245.36978131 -.00000013  00000+0 -64531-4 0  9995
2 49302  87.9132 289.5979 0002116  90.6132 269.5243 13.19726472236633
ONEWEB-0377
1 49303U 21090AA  26245.51015554 -.00000025  00000+0 -93590-4 0  9994
2 49303  87.9134 259.0150 0002071  99.8041 260.3326 13.20771325240724
ONEWEB-0378
1 49304U 21090AB  26245.07580803  .00000011  00000+0 -45083-5 0  9999
2 49304  87.9136 259.1045 0002091  94.2898 265.8474 13.20770912239938
ONEWEB-0379
1 49305U 21090AC  26245.52537674 -.00000934  00000+0 -25528-2 0  9992
2 49305  87.8911 274.2892 0002025  99.4617 260.6742 13.14533698237727
ONEWEB-0380
1 49306U 21090AD  26245.51826247 -.00000047  00000+0 -14891-3 0  9996
2 49306  87.9129 289.5692 0001830  99.1115 261.0224 13.19725541236623
ONEWEB-0381
1 49307U 21090AE  26245.12785674  .00000045  00000+0  79466-4 0  9998
2 49307  87.9135 259.0963 0001986  99.1207 261.0151 13.20771201239985
ONEWEB-0382
1 49308U 21090AF  26245.49317736 -.00000011  00000+0 -60116-4 0  9996
2 49308  87.9136 259.0174 0002100  98.9920 261.1451 13.20772225240027
ONEWEB-0383
1 49309U 21090AG  26245.13803125 -.00003782  00000+0 -10233-1 0  9990
2 49309  87.8909 274.3609 0002146  97.8037 262.3336 13.14549320237702
ONEWEB-0384
1 49310U 21090AH  26245.47925507  .00000028  00000+0  35785-4 0  9998
2 49310  87.9133 259.0632 0002318 102.3987 257.7406 13.20817768240034
ONEWEB-0385
1 49311U 21090AJ  26245.48641990 -.00000037  00000+0 -12354-3 0  9999
2 49311  87.9133 259.0232 0002033  96.5989 263.5376 13.20772925240004
ONEWEB-0386
1 49312U 21090AK  26245.50327961 -.00000034  00000+0 -11458-3 0  9993
2 49312  87.9137 259.0136 0002138  96.4090 263.7287 13.20771697240020
ONEWEB-0387
1 49313U 21090AL  26245.48812000 -.00000012  00000+0 -60369-4 0  9996
2 49313  87.9135 259.0315 0001805 100.3257 259.8080 13.20771494240020
ONEWEB-0388
1 49314U 21090AM  26245.13443112  .00000131  00000+0  29407-3 0  9990
2 49314  87.9130 289.6436 0002058  98.3954 261.7412 13.19727079236563
ONEWEB-0389
1 50469U 21132A   26245.27394472  .00000099  00000+0  22190-3 0  9994
2 50469  87.9203 350.5543 0002022 106.1283 254.0072 13.17647970228239
ONEWEB-0390
1 50470U 21132B   26245.27562107  .00000156  00000+0  36844-3 0  9993
2 50470  87.9202 350.5549 0001627  97.7443 262.3873 13.17649963228234
ONEWEB-0391
1 50471U 21132C   26245.58106178  .00000059  00000+0  11813-3 0  9991
2 50471  87.9203 350.5038 0001470 126.4274 233.6993 13.17649444228279
ONEWEB-0392
1 50472U 21132D   26245.53549101  .00000020  00000+0  18866-4 0  9998
2 50472  87.9211 350.4872 0001753 113.0261 247.1056 13.17650624228302
ONEWEB-0393
1 50473U 21132E   26245.28322522  .00000111  00000+0  25385-3 0  9991
2 50473  87.9201 350.5479 0001821 105.7412 254.3920 13.17649219228261
ONEWEB-0394
1 50474U 21132F   26245.49215925 -.00000033  00000+0 -11736-3 0  9993
2 50474  87.9193 320.0864 0002056 102.9605 257.1757 13.18685280231785
ONEWEB-0395
1 50475U 21132G   26245.60840706 -.00000217  00000+0 -64901-3 0  9994
2 50475  87.8954   5.6665 0001610  97.3929 262.7382 13.11418539225868
ONEWEB-0396
1 50476U 21132H   26245.25778843  .00000114  00000+0  25743-3 0  9993
2 50476  87.9188 320.1452 0002018 105.4677 254.6678 13.18685450231794
ONEWEB-0397
1 50477U 21132J   26245.27296032  .00000040  00000+0  69312-4 0  9990
2 50477  87.9193 320.1423 0002139 104.8881 255.2488 13.18685582231773
ONEWEB-0398
1 50478U 21132K   26245.57605336  .00000112  00000+0  28016-3 0  9990
2 50478  87.8961   5.6695 0001511  94.9884 265.1416 13.11415486225756
ONEWEB-0399
1 50479U 21132L   26245.33361357  .00000591  00000+0  16315-2 0  9996
2 50479  87.8950   5.7252 0001903 115.0976 245.0350 13.11416284225714
ONEWEB-0400
1 50480U 21132M   26245.25103931  .00000044  00000+0  78306-4 0  9994
2 50480  87.9193 320.1374 0001824  97.1335 263.0005 13.18685752231760
ONEWEB-0401
1 50481U 21132N   26245.44829817  .00000079  00000+0  16771-3 0  9999
2 50481  87.9196 320.0961 0002201  99.1961 260.9421 13.18685131231794
ONEWEB-0402
1 50482U 21132P   26245.48709917  .00000023  00000+0  25185-4 0  9991
2 50482  87.9194 320.0762 0002446  99.9868 260.1540 13.18686601231828
ONEWEB-0403
1 50483U 21132Q   26245.20888614  .00000100  00000+0  22064-3 0  9992
2 50483  87.9191 320.1553 0001931 103.7047 256.4300 13.18686098231749
ONEWEB-0404
1 50484U 21132R   26245.31494846  .00000432  00000+0  11837-2 0  9998
2 50484  87.8956   5.7273 0001643 109.3308 250.7998 13.11418118225804
ONEWEB-0405
1 50485U 21132S   26245.45000493  .00000065  00000+0  13262-3 0  9992
2 50485  87.9198 320.0952 0001636  89.3928 270.7392 13.18686462232172
ONEWEB-0406
1 50486U 21132T   26245.44157661  .00000039  00000+0  66591-4 0  9997
2 50486  87.9190 320.1085 0001834 115.7589 244.3733 13.18685223231809
ONEWEB-0407
1 50487U 21132U   26245.20719667  .00000108  00000+0  24143-3 0  9995
2 50487  87.9196 320.1502 0002062  94.2050 265.9318 13.18687231231717
ONEWEB-0409
1 50488U 21132V   26245.31325153  .00000277  00000+0  74489-3 0  9996
2 50488  87.8963   5.7191 0001530 104.9206 255.2092 13.11417518225693
ONEWEB-0412
1 50489U 21132W   26245.49890291 -.00000027  00000+0 -10195-3 0  9995
2 50489  87.9188 320.0972 0002266  99.9343 260.2045 13.18685542231845
ONEWEB-0413
1 50490U 21132X   26245.50394777 -.00000052  00000+0 -16499-3 0  9998
2 50490  87.9194 320.0940 0002218  95.9415 264.1970 13.18686915231780
ONEWEB-0414
1 50491U 21132Y   26245.26115454  .00000052  00000+0  98807-4 0  9997
2 50491  87.9193 320.1281 0002105 102.5398 257.5970 13.18685483231784
ONEWEB-0417
1 50492U 21132Z   26245.49721047 -.00000033  00000+0 -11702-3 0  9993
2 50492  87.9190 320.0957 0001820 105.8821 254.2512 13.18686969231798
ONEWEB-0418
1 50493U 21132AA  26245.27956806  .00000109  00000+0  24447-3 0  9995
2 50493  87.9190 320.1407 0001737 109.9881 250.1438 13.18686973231829
ONEWEB-0419
1 50494U 21132AB  26245.22340714  .00000140  00000+0  32225-3 0  9994
2 50494  87.9194 320.1552 0001702 102.4492 257.6831 13.18669083231735
ONEWEB-0420
1 50495U 21132AC  26245.49047636 -.00000032  00000+0 -11491-3 0  9995
2 50495  87.9184 320.0982 0002050  95.0766 265.0600 13.18686091231767
ONEWEB-0421
1 50496U 21132AD  26245.48373143  .00000057  00000+0  11175-3 0  9994
2 50496  87.9190 320.0987 0002293 105.6705 254.4680 13.18685214231801
ONEWEB-0424
1 50497U 21132AE  26245.44494285 -.00000023  00000+0 -90063-4 0  9991
2 50497  87.9191 320.1077 0001630  96.4905 263.6412 13.18684905231820
ONEWEB-0426
1 50498U 21132AF  26245.47951162 -.00000649  00000+0 -16787-2 0  9990
2 50498  87.9199 320.0927 0002181 119.5062 240.6288 13.18676338231776
ONEWEB-0427
1 50499U 21132AG  26245.21562760  .00000137  00000+0  31457-3 0  9997
2 50499  87.9195 320.1352 0001873 105.0884 255.0456 13.18686035231766
ONEWEB-0429
1 50500U 21132AH  26245.50563805 -.00000101  00000+0 -28825-3 0  9991
2 50500  87.9188 320.0958 0002000  95.4291 264.7069 13.18686664231775
ONEWEB-0430
1 50501U 21132AJ  26245.26620985  .00000067  00000+0  13809-3 0  9993
2 50501  87.9188 320.1423 0001993  91.6111 268.5250 13.18686240231788
ONEWEB-0432
1 50502U 21132AK  26245.24921116  .00000122  00000+0  27682-3 0  9998
2 50502  87.9195 320.1355 0001681  88.0867 272.0457 13.18685574231736
ONEWEB-0440
1 50503U 21132AL  26245.28643812 -.00000001  00000+0 -34049-4 0  9991
2 50503  87.9192 320.1386 0002281  98.6957 261.4434 13.18687687231736
ONEWEB-0450
1 50504U 21132AM  26245.50747191  .00000009  00000+0 -10011-4 0  9992
2 50504  87.9185 320.0932 0002019  94.4352 265.7011 13.18685790231794
ONEWEB-0410
1 51622U 22012A   26245.29249756  .00000129  00000+0  29808-3 0  9997
2 51622  87.9206 350.5452 0001976 139.8840 220.2437 13.17651440223852
ONEWEB-0411
1 51623U 22012B   26245.13442679  .00000634  00000+0  17795-2 0  9992
2 51623  87.8883  20.9449 0001702  79.6151 280.5168 13.10372474219361
ONEWEB-0415
1 51624U 22012C   26245.28373472  .00000584  00000+0  16355-2 0  9998
2 51624  87.8884  20.9111 0001354  92.5156 267.6127 13.10378317219386
ONEWEB-0416
1 51625U 22012D   26245.29562181  .00000665  00000+0  18692-2 0  9993
2 51625  87.8873  20.9218 0001392  92.4062 267.7225 13.10370958219428
ONEWEB-0422
1 51626U 22012E   26245.30260741  .00000117  00000+0  26740-3 0  9999
2 51626  87.9203 350.5411 0002362  90.2200 269.9202 13.17650817223967
ONEWEB-0423
1 51627U 22012F   26245.29587925  .00000130  00000+0  30097-3 0  9999
2 51627  87.9204 350.5463 0001884 103.9321 256.2020 13.17649369223855
ONEWEB-0425
1 51628U 22012G   26245.30578687  .00000348  00000+0  95979-3 0  9998
2 51628  87.8877  20.9058 0001580 111.6032 248.5264 13.10370643219428
ONEWEB-0428
1 51629U 22012H   26244.90365541  .00000561  00000+0  15719-2 0  9997
2 51629  87.8874  20.9904 0001764  96.6188 263.5140 13.10373082219334
ONEWEB-0431
1 51630U 22012J   26245.33108570 -.00000608  00000+0 -17788-2 0  9996
2 51630  87.8881  20.9014 0001658  77.8788 282.2525 13.10373627219447
ONEWEB-0434
1 51631U 22012K   26245.30931666  .00000162  00000+0  42796-3 0  9995
2 51631  87.8874  20.9318 0001680 120.7089 239.4204 13.10368954219427
ONEWEB-0435
1 51632U 22012L   26245.31596844 -.00000175  00000+0 -53696-3 0  9999
2 51632  87.8872  20.9123 0001954  89.5999 270.5352 13.10370177219415
ONEWEB-0436
1 51633U 22012M   26245.28743794  .00000126  00000+0  29064-3 0  9990
2 51633  87.9212 350.5351 0002085  98.0408 262.0960 13.17649503223837
ONEWEB-0438
1 51634U 22012N   26245.60613317  .00000522  00000+0  14584-2 0  9994
2 51634  87.8872  20.8585 0001605 104.5623 255.5683 13.10371951219481
ONEWEB-0439
1 51635U 22012P   26245.60952262  .00000452  00000+0  12574-2 0  9999
2 51635  87.8878  20.8468 0001792 102.3898 257.7430 13.10370251219469
ONEWEB-0442
1 51636U 22012Q   26245.27984209  .00000094  00000+0  20783-3 0  9993
2 51636  87.9203 350.5628 0001747 118.9357 241.1950 13.17649757223823
ONEWEB-0443
1 51637U 22012R   26245.29924641  .00000113  00000+0  25694-3 0  9998
2 51637  87.9200 350.5602 0002170 105.0817 255.0555 13.17650338223879
ONEWEB-0444
1 51638U 22012S   26245.29391782  .00000692  00000+0  19460-2 0  9998
2 51638  87.8880  20.9086 0001908  99.3665 260.7678 13.10372861219432
ONEWEB-0445
1 51639U 22012T   26245.61969548 -.00000025  00000+0 -10810-3 0  9999
2 51639  87.8881  20.8360 0001605  97.2153 262.9157 13.10370667219484
ONEWEB-0446
1 51640U 22012U   26245.29221943  .00000774  00000+0  21794-2 0  9996
2 51640  87.8873  20.9237 0001389  96.3186 263.8100 13.10374170219421
ONEWEB-0448
1 51641U 22012V   26245.29731605  .00000655  00000+0  18412-2 0  9999
2 51641  87.8870  20.9178 0001752  98.7114 261.4212 13.10371374219391
ONEWEB-0449
1 51642U 22012W   26245.60782477  .00000588  00000+0  16475-2 0  9990
2 51642  87.8879  20.8466 0001500 115.3479 244.7804 13.10378580219444
ONEWEB-0451
1 51643U 22012X   26245.28404491  .00000121  00000+0  27955-3 0  9991
2 51643  87.9212 350.5343 0001900 108.6698 251.4640 13.17648669223810
ONEWEB-0452
1 51644U 22012Y   26245.28235953 -.00000069  00000+0 -21148-3 0  9998
2 51644  87.9199 350.5632 0002090 110.9339 249.2017 13.17649630223828
ONEWEB-0456
1 51646U 22012AA  26245.31087952  .00000072  00000+0  16929-3 0  9991
2 51646  87.8881  20.8986 0001845  95.0155 265.1183 13.10369816219444
ONEWEB-0457
1 51647U 22012AB  26244.90690427  .00000641  00000+0  17997-2 0  9990
2 51647  87.8878  20.9893 0001360  98.8951 261.2331 13.10373158219396
ONEWEB-0458
1 51648U 22012AC  26245.31002962  .00000076  00000+0  18092-3 0  9998
2 51648  87.8876  20.8987 0001889 103.3496 256.7842 13.10369594219407
ONEWEB-0461
1 51649U 22012AD  26245.38025024 -.00000012  00000+0 -63773-4 0  9999
2 51649  87.9204 350.5269 0001712 100.2461 259.8863 13.17649154224057
ONEWEB-0463
1 51650U 22012AE  26245.28574844  .00000132  00000+0  30677-3 0  9996
2 51650  87.9197 350.5627 0001695 101.0526 259.0796 13.17650224223820
ONEWEB-0464
1 51651U 22012AF  26245.30748866  .00000262  00000+0  71357-3 0  9991
2 51651  87.8869  20.9174 0002046  98.0801 262.0559 13.10370484219425
ONEWEB-0468
1 51652U 22012AG  26245.31257473 -.00000015  00000+0 -78519-4 0  9998
2 51652  87.8870  20.9093 0001980  96.8729 263.2624 13.10370154219407
ONEWEB-0473
1 51653U 22012AH  26245.29900444  .00000578  00000+0  16190-2 0  9996
2 51653  87.8867  20.9136 0001789  95.4651 264.6680 13.10371780219401
ONEWEB-0474
1 51654U 22012AJ  26244.90873928  .00000658  00000+0  18492-2 0  9996
2 51654  87.8881  20.9835 0002061  98.1023 262.0339 13.10373335219345
ONEWEB-0475
1 51655U 22012AK  26245.29755446  .00000132  00000+0  30607-3 0  9994
2 51655  87.9203 350.5548 0002491 100.0871 260.0541 13.17648715223846
ONEWEB-0490
1 54113U 22138A   26245.54352124  .00000018  00000+0  13303-4 0  9997
2 54113  87.9131 289.5638 0002106  90.2906 269.8468 13.19726752187036
ONEWEB-0492
1 54114U 22138B   26245.56880811 -.00000022  00000+0 -87495-4 0  9999
2 54114  87.9138 289.5574 0001937  87.7750 272.3605 13.19725959187043
ONEWEB-0495
1 54115U 22138C   26245.54669557  .00000030  00000+0  43638-4 0  9998
2 54115  87.9128 289.5630 0002484  83.4313 276.7103 13.19724898187022
ONEWEB-0497
1 54116U 22138D   26245.55933262 -.00000043  00000+0 -13867-3 0  9993
2 54116  87.9138 289.5572 0002020  92.6305 267.5059 13.19726167187016
ONEWEB-0499
1 54117U 22138E   26245.54273524  .00000000  00000+0 -33079-4 0  9991
2 54117  87.9128 289.5648 0002219  92.1164 268.0223 13.19726815187028
ONEWEB-0500
1 54118U 22138F   26245.54511505  .00000005  00000+0 -20868-4 0  9993
2 54118  87.9132 289.5626 0001903  93.1675 266.9675 13.19724584187037
ONEWEB-0501
1 54119U 22138G   26245.19604465  .00000042  00000+0  73277-4 0  9995
2 54119  87.9134 289.6328 0002320  89.2208 270.9190 13.19724221186968
ONEWEB-0502
1 54120U 22138H   26245.56090520 -.00000007  00000+0 -48903-4 0  9990
2 54120  87.9137 289.5505 0002230  93.5041 266.6347 13.19726052187031
ONEWEB-0503
1 54121U 22138J   26245.54984913  .00000034  00000+0  53270-4 0  9998
2 54121  87.9136 289.5593 0002100 101.8650 258.2719 13.19726523187025
ONEWEB-0504
1 54122U 22138K   26245.53721912  .00000059  00000+0  11503-3 0  9995
2 54122  87.9133 289.5648 0002226  93.6984 266.4403 13.19725008187030
ONEWEB-0505
1 54123U 22138L   26245.53406775  .00000038  00000+0  61600-4 0  9994
2 54123  87.9132 289.5649 0002395  88.5314 271.6093 13.19726011187014
ONEWEB-0506
1 54124U 22138M   26245.35715774  .00000004  00000+0 -22519-4 0  9997
2 54124  87.9136 289.6001 0002253  89.5910 270.5481 13.19725764186986
ONEWEB-0507
1 54125U 22138N   26245.37768485  .00000014  00000+0  29806-5 0  9994
2 54125  87.9129 289.6015 0002143  90.4074 269.7304 13.19726041187034
ONEWEB-0508
1 54126U 22138P   26245.52614877  .00000009  00000+0 -10864-4 0  9995
2 54126  87.9128 289.5714 0002210  87.3624 272.7761 13.19727097187033
ONEWEB-0509
1 54127U 22138Q   26245.42504948 -.00001157  00000+0 -29213-2 0  9994
2 54127  87.9139 289.5879 0002114  90.2766 269.8609 13.19730689186994
ONEWEB-0510
1 54128U 22138R   26245.47968945 -.00000014  00000+0 -66358-4 0  9995
2 54128  87.9134 259.0207 0001715 101.5231 258.6095 13.20772696189484
ONEWEB-0511
1 54129U 22138S   26245.19444980  .00000066  00000+0  13317-3 0  9994
2 54129  87.9131 289.6335 0002235  99.0287 261.1099 13.19726727186991
ONEWEB-0512
1 54130U 22138T   26245.41400793 -.00000008  00000+0 -53243-4 0  9996
2 54130  87.9131 289.5913 0002298  91.6146 268.5250 13.19727984186991
ONEWEB-0513
1 54131U 22138U   26245.53943911  .00000017  00000+0  96017-5 0  9999
2 54131  87.9130 289.4992 0002937  93.5111 266.6358 13.20260303186920
ONEWEB-0514
1 54132U 22138V   26245.35398599 -.00000049  00000+0 -15362-3 0  9995
2 54132  87.9134 289.6017 0001894  97.9921 262.1427 13.19726486187008
ONEWEB-0515
1 54133U 22138W   26245.08745173  .00000090  00000+0  18971-3 0  9993
2 54133  87.9138 259.0972 0001188  80.8692 279.2575 13.20771119189455
ONEWEB-0516
1 54134U 22138X   26245.55616631  .00000026  00000+0  32897-4 0  9995
2 54134  87.9131 289.5633 0001963  89.6172 270.5186 13.19725334187032
ONEWEB-0517
1 54135U 22138Y   26245.53564188 -.00000005  00000+0 -44257-4 0  9995
2 54135  87.9133 289.5639 0002112 101.8392 258.2978 13.19724959187033
ONEWEB-0518
1 54136U 22138Z   26245.55457626 -.00000001  00000+0 -35932-4 0  9992
2 54136  87.9129 289.5649 0001923  88.9674 271.1679 13.19726646187034
ONEWEB-0519
1 54137U 22138AA  26245.12496455  .00000090  00000+0  19237-3 0  9994
2 54137  87.9133 289.6463 0002038 100.8062 259.3300 13.19726288186982
ONEWEB-0520
1 54138U 22138AB  26245.38716619 -.00000019  00000+0 -78996-4 0  9991
2 54138  87.9135 289.5956 0002179  89.4955 270.6428 13.19725070187009
ONEWEB-0521
1 54139U 22138AC  26245.57197010 -.00000036  00000+0 -12332-3 0  9991
2 54139  87.9140 289.5498 0001998 102.0032 258.1325 13.19725489186979
ONEWEB-0522
1 54140U 22138AD  26245.39980511 -.00000013  00000+0 -63684-4 0  9991
2 54140  87.9140 289.5859 0002145  93.4984 266.6395 13.19726003186992
ONEWEB-0523
1 54141U 22138AE  26245.30125775  .00000017  00000+0  90719-5 0  9998
2 54141  87.9134 259.0622 0001363 109.1601 250.9680 13.20771494189484
ONEWEB-0524
1 54142U 22138AF  26245.06388341  .00000094  00000+0  19829-3 0  9998
2 54142  87.9135 259.1060 0001321  70.9522 289.1754 13.20772426189453
ONEWEB-0525
1 54143U 22138AG  26245.57037242 -.00000051  00000+0 -15897-3 0  9992
2 54143  87.9135 289.5579 0002161  85.3018 274.8361 13.19727160187039
ONEWEB-0526
1 54144U 22138AH  26245.14863384  .00000148  00000+0  33741-3 0  9993
2 54144  87.9136 289.6422 0002006  90.6624 269.4738 13.19727192186952
ONEWEB-0529
1 54145U 22138AJ  26245.15181452  .00000066  00000+0  13210-3 0  9992
2 54145  87.9131 289.6455 0002158  89.7843 270.3537 13.19725467186977
ONEWEB-0531
1 54146U 22138AK  26245.50496471 -.00000043  00000+0 -13817-3 0  9992
2 54146  87.9134 259.0154 0001493 101.4063 258.7238 13.20771767189512
ONEWEB-0535
1 54147U 22138AL  26245.56407083 -.00000034  00000+0 -11729-3 0  9990
2 54147  87.9137 289.5539 0001793 102.9494 257.1839 13.19724470187041
ONEWEB-0536
1 54148U 22138AM  26245.49148375 -.00000028  00000+0 -10164-3 0  9994
2 54148  87.9134 259.0324 0000976  94.1478 265.9767 13.20772298189502
ONEWEB-0527
1 54642U 22166A   26245.00850160 -.00000032  00000+0 -10949-3 0  9999
2 54642  87.9242 228.7008 0002123  84.5802 275.5574 13.21825522181687
ONEWEB-0528
1 54643U 22166B   26245.31212071  .00000098  00000+0  20688-3 0  9998
2 54643  87.9243 228.6437 0002221  80.7989 279.3396 13.21824744181732
ONEWEB-0539
1 54644U 22166C   26244.97149744  .00000074  00000+0  14841-3 0  9994
2 54644  87.9250 228.6881 0002205  89.6244 270.5143 13.21826395181689
ONEWEB-0540
1 54645U 22166D   26244.97834083  .00000106  00000+0  22470-3 0  9995
2 54645  87.9243 228.7119 0002101  88.4695 271.6680 13.21827907181676
ONEWEB-0542
1 54646U 22166E   26244.98158927  .00000042  00000+0  70867-4 0  9996
2 54646  87.9253 228.6860 0002239  92.3588 267.7802 13.21825848181682
ONEWEB-0545
1 54647U 22166F   26245.32474053  .00000030  00000+0  40151-4 0  9997
2 54647  87.9245 228.6235 0002188 102.5390 257.5989 13.21826824181697
ONEWEB-0580
1 54648U 22166G   26244.99671271  .00000041  00000+0  68956-4 0  9996
2 54648  87.9244 228.6883 0002023  96.8727 263.2638 13.21824704181693
ONEWEB-0582
1 54649U 22166H   26244.96308225  .00000042  00000+0  69598-4 0  9994
2 54649  87.9248 228.6890 0002275  97.1470 262.9923 13.21827226181666
ONEWEB-0583
1 54650U 22166J   26245.20192979  .00000079  00000+0  15945-3 0  9997
2 54650  87.9244 228.6635 0002130  88.9256 271.2122 13.21824645181702
ONEWEB-0584
1 54651U 22166K   26244.99502768  .00000058  00000+0  10994-3 0  9990
2 54651  87.9239 228.6882 0002059  87.6780 272.4590 13.21827805181667
ONEWEB-0585
1 54652U 22166L   26244.94289553  .00000020  00000+0  16404-4 0  9992
2 54652  87.9248 228.6902 0002069  80.5542 279.5826 13.21827300181660
ONEWEB-0586
1 54653U 22166M   26245.25912475 -.00000146  00000+0 -38497-3 0  9990
2 54653  87.9244 228.6504 0002190  92.6240 267.5145 13.21823549181706
ONEWEB-0587
1 54654U 22166N   26244.96645219  .00000024  00000+0  26653-4 0  9992
2 54654  87.9253 228.6897 0002028  75.7886 284.3473 13.21826017181827
ONEWEB-0589
1 54655U 22166P   26245.02868792  .00000075  00000+0  14954-3 0  9990
2 54655  87.9241 228.6797 0002281 107.7495 252.3888 13.21826462181691
ONEWEB-0590
1 54656U 22166Q   26245.20517388  .00000065  00000+0  12637-3 0  9998
2 54656  87.9252 228.6424 0001645  88.1581 271.9742 13.21826076181701
ONEWEB-0591
1 54657U 22166R   26244.99000164  .00000051  00000+0  91121-4 0  9994
2 54657  87.9242 228.6932 0002032  86.9406 273.1961 13.21826605181703
ONEWEB-0592
1 54658U 22166S   26244.99335195  .00000058  00000+0  10839-3 0  9993
2 54658  87.9252 228.6776 0002105  86.1748 273.9627 13.21827386181583
ONEWEB-0593
1 54659U 22166T   26245.31801199 -.00000002  00000+0 -36965-4 0  9993
2 54659  87.9247 228.6205 0002215  88.1242 272.0145 13.21825783181739
ONEWEB-0594
1 54660U 22166U   26245.18680218  .00000008  00000+0 -11914-4 0  9999
2 54660  87.9242 228.6605 0002149  81.1361 279.0017 13.21827183181732
ONEWEB-0595
1 54661U 22166V   26245.01186571 -.00000064  00000+0 -18594-3 0  9998
2 54661  87.9253 228.6822 0001984  80.5780 279.5578 13.21825957181688
ONEWEB-0596
1 54662U 22166W   26244.98662916  .00000074  00000+0  14792-3 0  9991
2 54662  87.9245 228.6940 0002070  83.6645 276.4725 13.21827630181682
ONEWEB-0597
1 54663U 22166X   26244.96813673  .00000024  00000+0  25802-4 0  9998
2 54663  87.9242 228.6992 0002105  88.2085 271.9290 13.21825919181680
ONEWEB-0600
1 54664U 22166Y   26245.25241185  .00000016  00000+0  82331-5 0  9997
2 54664  87.9247 228.6345 0002302  85.0852 275.0545 13.21826315181694
ONEWEB-0601
1 54665U 22166Z   26245.31969181  .00000062  00000+0  11765-3 0  9990
2 54665  87.9242 228.6364 0002200  92.6284 267.5101 13.21825297181895
ONEWEB-0602
1 54666U 22166AA  26244.98242328  .00000082  00000+0  16657-3 0  9997
2 54666  87.9242 228.7090 0002349  85.5366 274.6037 13.21827200181690
ONEWEB-0603
1 54667U 22166AB  26245.21539061  .00000015  00000+0  44986-5 0  9992
2 54667  87.9252 228.6274 0002164  86.7333 273.4049 13.21828462181654
ONEWEB-0604
1 54668U 22166AC  26245.20363324  .00000121  00000+0  26158-3 0  9996
2 54668  87.9244 228.6455 0002132  83.3266 276.8111 13.21827620181618
ONEWEB-0605
1 54669U 22166AD  26244.96979359  .00000027  00000+0  34780-4 0  9996
2 54669  87.9244 228.6995 0001821 102.1173 258.0165 13.21827897181650
ONEWEB-0606
1 54670U 22166AE  26244.99167964  .00000062  00000+0  11819-3 0  9998
2 54670  87.9242 228.7071 0002145  81.4871 278.6506 13.21825468181716
ONEWEB-0607
1 54671U 22166AF  26245.18510858 -.00000057  00000+0 -16844-3 0  9994
2 54671  87.9251 228.6448 0002076  87.5683 272.5688 13.21825022181715
ONEWEB-0608
1 54672U 22166AG  26245.19185540  .00000060  00000+0  11270-3 0  9992
2 54672  87.9254 228.6427 0002107  99.7039 260.4333 13.21827281181724
ONEWEB-0610
1 54673U 22166AH  26245.24736612 -.00000010  00000+0 -55517-4 0  9991
2 54673  87.9243 228.6379 0002413  98.7456 261.3952 13.21826202181630
ONEWEB-0611
1 54674U 22166AJ  26245.01354215 -.00000022  00000+0 -85469-4 0  9994
2 54674  87.9248 228.6815 0002057  82.0278 278.1089 13.21826651181593
ONEWEB-0612
1 54675U 22166AK  26245.25409241 -.00000058  00000+0 -17295-3 0  9991
2 54675  87.9250 228.6353 0002126  89.7374 270.4003 13.21825577181612
ONEWEB-0615
1 54676U 22166AL  26245.00679690  .00000014  00000+0  30610-5 0  9990
2 54676  87.9244 228.6931 0002211  79.2622 280.8761 13.21828007181597
ONEWEB-0655
1 54677U 22166AM  26244.98327666  .00000064  00000+0  12370-3 0  9996
2 54677  87.9242 228.6978 0002323  86.8792 273.2608 13.21826199181588
ONEWEB-0659
1 54678U 22166AN  26245.00009203  .00000055  00000+0  10227-3 0  9994
2 54678  87.9242 228.6937 0002048  84.8720 275.2648 13.21827349181671
ONEWEB-0685
1 54679U 22166AP  26245.18338761  .00000000  00000+0 -30405-4 0  9990
2 54679  87.9240 228.6269 0001789 101.9579 258.1756 13.23186577181596
ONEWEB-0712
1 54680U 22166AQ  26245.27292834  .00000003  00000+0 -24718-4 0  9995
2 54680  87.9122 213.4648 0002585  82.5955 277.5469 13.16593950182201
ONEWEB-0714
1 54681U 22166AR  26245.00513845  .00000042  00000+0  71092-4 0  9994
2 54681  87.9247 228.6838 0002374  83.3213 276.8191 13.21825886181688
ONEWEB-0532
1 55140U 23004A   26245.33553409  .00000088  00000+0  19317-3 0  9994
2 55140  87.9200 350.5371 0001558 105.0137 255.1167 13.17650438177744
ONEWEB-0533
1 55141U 23004B   26245.30448046  .00000193  00000+0  50174-3 0  9995
2 55141  87.8997 335.3570 0001910 107.3209 252.8128 13.12447786178170
ONEWEB-0541
1 55142U 23004C   26245.62352547  .00000439  00000+0  12033-2 0  9995
2 55142  87.8964   5.6604 0001594  95.5405 264.5905 13.11417938176091
ONEWEB-0543
1 55143U 23004D   26245.25441510  .00000099  00000+0  21731-3 0  9992
2 55143  87.9183 320.1546 0002164  94.8916 265.2463 13.18685403179854
ONEWEB-0544
1 55144U 23004E   26245.47529203  .00000090  00000+0  19526-3 0  9993
2 55144  87.9183 320.1102 0001944  92.7945 267.3410 13.18686877179881
ONEWEB-0560
1 55145U 23004F   26245.46855394 -.00000042  00000+0 -13978-3 0  9990
2 55145  87.9185 320.1012 0002020  91.7601 268.3762 13.18685586179896
ONEWEB-0565
1 55146U 23004G   26245.46179315  .00000111  00000+0  24887-3 0  9999
2 55146  87.9175 320.1237 0001621  92.2280 267.9038 13.18687884179883
ONEWEB-0567
1 55147U 23004H   26245.22743588  .00000108  00000+0  24101-3 0  9998
2 55147  87.9184 320.1610 0001741  91.0580 269.0752 13.18686485179851
ONEWEB-0569
1 55148U 23004J   26245.17602690  .00000145  00000+0  36262-3 0  9993
2 55148  87.8953 304.9114 0002127  72.7171 287.4191 13.13468823180284
ONEWEB-0570
1 55149U 23004K   26245.44663386  .00000026  00000+0  33456-4 0  9994
2 55149  87.9186 320.1145 0001644 111.4598 248.6710 13.18686867179879
ONEWEB-0571
1 55150U 23004L   26245.21225517  .00000155  00000+0  35952-3 0  9996
2 55150  87.9185 320.1606 0001534  61.0918 299.0368 13.18686478179851
ONEWEB-0572
1 55151U 23004M   26245.29080760  .00000155  00000+0  36560-3 0  9990
2 55151  87.9204 350.5480 0001701  98.5968 261.5356 13.17650484177639
ONEWEB-0573
1 55152U 23004N   26245.20551656  .00000083  00000+0  17700-3 0  9994
2 55152  87.9185 320.1644 0001413  75.6841 284.4448 13.18687051179841
ONEWEB-0588
1 55153U 23004P   26245.27464184  .00000042  00000+0  73216-4 0  9991
2 55153  87.9181 320.1495 0001492 107.1488 252.9808 13.18685508179853
ONEWEB-0598
1 55154U 23004Q   26245.60148935 -.00000435  00000+0 -12622-2 0  9992
2 55154  87.8956   5.6706 0001658  75.7689 284.3623 13.11417215176043
ONEWEB-0599
1 55155U 23004R   26245.32793519  .00000049  00000+0  93013-4 0  9990
2 55155  87.9203 350.5393 0001993  94.8549 265.2810 13.17649576177649
ONEWEB-0614
1 55156U 23004S   26245.59637756 -.00000513  00000+0 -14837-2 0  9993
2 55156  87.8952   5.6778 0001619 113.5510 246.5788 13.11415571175988
ONEWEB-0616
1 55157U 23004T   26245.29418150  .00000132  00000+0  30717-3 0  9997
2 55157  87.9203 350.5507 0002681  90.4599 269.6839 13.17650307177856
ONEWEB-0617
1 55158U 23004U   26245.27933972 -.00000358  00000+0 -10451-2 0  9994
2 55158  87.8957   5.7370 0001515 110.9580 249.1710 13.11415815175960
ONEWEB-0618
1 55159U 23004V   26245.48300682  .00002980  00000+0  16295-3 0  9998
2 55159  86.9105 146.2500 0012917  19.1128 341.0595 15.13807166193958
ONEWEB-0619
1 55160U 23004W   26245.32624594  .00000089  00000+0  19695-3 0  9999
2 55160  87.9212 350.5314 0002131 109.1082 251.0281 13.17649846177752
ONEWEB-0620
1 55161U 23004X   26245.27425294 -.00000143  00000+0 -44030-3 0  9994
2 55161  87.8949   5.7410 0001553  92.5214 267.6092 13.11414861175936
ONEWEB-0621
1 55162U 23004Y   26245.30137407 -.00000115  00000+0 -36164-3 0  9993
2 55162  87.8961   5.7314 0001747 107.6332 252.4987 13.11419604175911
ONEWEB-0622
1 55163U 23004Z   26245.30646967  .00000031  00000+0  50429-4 0  9996
2 55163  87.8953   5.7333 0001135 124.1116 236.0120 13.11418203175909
ONEWEB-0623
1 55164U 23004AA  26245.32115957  .00000025  00000+0  32094-4 0  9990
2 55164  87.9201 350.5535 0001867 125.0102 235.1205 13.17651364177740
ONEWEB-0624
1 55165U 23004AB  26245.31835818  .00000397  00000+0  10594-2 0  9996
2 55165  87.8998 335.2566 0001752 103.5002 256.6323 13.12930652178194
ONEWEB-0625
1 55166U 23004AC  26245.31105109  .00000113  00000+0  25660-3 0  9997
2 55166  87.9206 350.5533 0002009  99.1559 260.9800 13.17650688177735
ONEWEB-0626
1 55167U 23004AD  26245.52873546  .00000129  00000+0  29791-3 0  9994
2 55167  87.9204 350.5092 0001753  89.4263 270.7070 13.17649378177768
ONEWEB-0627
1 55168U 23004AE  26245.28912800  .00000153  00000+0  36043-3 0  9990
2 55168  87.9203 350.5575 0001828 116.0136 244.1184 13.17649835177739
ONEWEB-0628
1 55169U 23004AF  26245.25209582  .00000410  00000+0  11035-2 0  9993
2 55169  87.9001 335.3526 0002007 119.2246 240.9084 13.12444740178142
ONEWEB-0629
1 55170U 23004AG  26245.26464199  .00000054  00000+0  10712-3 0  9999
2 55170  87.9201 350.5576 0002094 104.7775 255.3589 13.17649060177733
ONEWEB-0631
1 55171U 23004AH  26245.49552905  .00000046  00000+0  83438-4 0  9995
2 55171  87.9192 320.0790 0001425  95.6109 264.5185 13.18685995179867
ONEWEB-0709
1 55172U 23004AJ  26245.34037810  .00000334  00000+0  90607-3 0  9998
2 55172  87.8948   5.7310 0001601  73.7535 286.3769 13.11414644175980
ONEWEB-0710
1 55173U 23004AK  26245.58274753  .00000024  00000+0  29675-4 0  9998
2 55173  87.9203 350.4901 0001725 104.7284 255.4039 13.17649092177774
ONEWEB-0711
1 55174U 23004AL  26245.31155373  .00000279  00000+0  75224-3 0  9998
2 55174  87.8957   5.7266 0001511 123.3495 236.7778 13.11417691175949
ONEWEB-0713
1 55175U 23004AM  26245.63539518  .00000498  00000+0  13689-2 0  9990
2 55175  87.8956   5.6647 0001582 111.4154 248.7143 13.11415641175974
ONEWEB-0715
1 55176U 23004AN  26245.32512505  .00000635  00000+0  17555-2 0  9993
2 55176  87.8956   5.7259 0001320  80.8958 279.2319 13.11416432175979
ONEWEB-0716
1 55177U 23004AP  26245.27225413  .00000050  00000+0  94842-4 0  9994
2 55177  87.9202 350.5547 0002053  97.3694 262.7670 13.17648890177734
ONEWEB-0717
1 55178U 23004AQ  26245.33130756 -.00000090  00000+0 -26416-3 0  9994
2 55178  87.9207 350.5377 0001435 112.2345 247.8939 13.17650812177799
ONEWEB-0719
1 55179U 23004AR  26245.34143119  .00000108  00000+0  24585-3 0  9996
2 55179  87.9212 350.5159 0002039 101.2732 258.8629 13.17649982177742
ONEWEB-0530
1 55796U 23029A   26245.05883178  .00000093  00000+0  19765-3 0  9999
2 55796  87.9123 259.1305 0001891 104.3679 255.7665 13.20772356171290
ONEWEB-0534
1 55797U 23029B   26245.50159543 -.00000033  00000+0 -11244-3 0  9992
2 55797  87.9126 259.0441 0002066  88.9546 271.1824 13.20771979171355
ONEWEB-0556
1 55798U 23029C   26245.05378831  .00000077  00000+0  15837-3 0  9994
2 55798  87.9124 259.1313 0002776 101.2787 258.8658 13.20771654171297
ONEWEB-0562
1 55799U 23029D   26245.11607375 -.00000004  00000+0 -41870-4 0  9999
2 55799  87.9136 259.1045 0002317 112.0242 248.1138 13.20771422171300
ONEWEB-0563
1 55800U 23029E   26245.11101273  .00000022  00000+0  21087-4 0  9994
2 55800  87.9125 259.1318 0002150  86.2855 273.8524 13.20772500171291
ONEWEB-0564
1 55801U 23029F   26245.48307538  .00000020  00000+0  17785-4 0  9995
2 55801  87.9133 259.0337 0002038 102.1040 258.0322 13.20771066171354
ONEWEB-0638
1 55802U 23029G   26245.50000886 -.00002267  00000+0 -61484-2 0  9995
2 55802  87.8900 274.3305 0002033 102.7982 257.3375 13.14525673169550
ONEWEB-0639
1 55803U 23029H   26245.13760499  .00000133  00000+0  29862-3 0  9991
2 55803  87.9131 289.6496 0002819  74.6596 285.4848 13.19725947169051
ONEWEB-0640
1 55804U 23029J   26245.12791171 -.00007912  00000+0 -21371-1 0  9991
2 55804  87.8895 274.3957 0002717 100.4412 259.7025 13.14580114169526
ONEWEB-0641
1 55805U 23029K   26245.51194547 -.00000071  00000+0 -20921-3 0  9990
2 55805  87.9135 289.5693 0002099  93.4997 266.6376 13.19725053169111
ONEWEB-0642
1 55806U 23029L   26245.35557323 -.00000045  00000+0 -14407-3 0  9991
2 55806  87.9129 289.6076 0002239  73.4958 286.6421 13.19725580169086
ONEWEB-0643
1 55807U 23029M   26245.47972307 -.00000081  00000+0 -25300-3 0  9992
2 55807  87.8898 274.3132 0001948  73.6065 286.5278 13.14508371169542
ONEWEB-0644
1 55808U 23029N   26245.42664898 -.00000088  00000+0 -25128-3 0  9996
2 55808  87.9129 289.5937 0002015  84.8084 275.3279 13.19724318169096
ONEWEB-0645
1 55809U 23029P   26245.14549485  .00000161  00000+0  37018-3 0  9991
2 55809  87.9131 289.6470 0002400  89.1129 271.0279 13.19724878169059
ONEWEB-0646
1 55810U 23029Q   26245.54195364  .00000018  00000+0  12985-4 0  9998
2 55810  87.9129 289.5686 0002017  86.5584 273.5780 13.19726130169097
ONEWEB-0648
1 55811U 23029R   26245.52368413 -.00000846  00000+0 -23144-2 0  9992
2 55811  87.8946 274.2841 0002367  84.6654 275.4746 13.14543694169554
ONEWEB-0649
1 55812U 23029S   26245.56720634 -.00000570  00000+0 -14568-2 0  9998
2 55812  87.9129 289.5611 0002155  89.6723 270.4657 13.19725773169135
ONEWEB-0650
1 55813U 23029T   26245.56248320 -.00000005  00000+0 -45746-4 0  9993
2 55813  87.9127 289.5648 0002180  77.7163 282.4214 13.19726083169102
ONEWEB-0652
1 55814U 23029U   26245.50508716 -.00000497  00000+0 -13760-2 0  9990
2 55814  87.8906 274.2948 0001874  95.8716 264.2628 13.14508657169528
ONEWEB-0653
1 55815U 23029V   26245.48987301  .00002389  00000+0  64111-2 0  9995
2 55815  87.8906 274.2973 0002106  94.0879 266.0491 13.14466811169553
ONEWEB-0654
1 55816U 23029W   26245.48479562  .00000011  00000+0 -43737-5 0  9996
2 55816  87.8907 274.2943 0001957 103.2494 256.8854 13.14475667169572
ONEWEB-0656
1 55817U 23029X   26245.47632656 -.00000003  00000+0 -40138-4 0  9994
2 55817  87.9135 259.0175 0001835 102.7821 257.3518 13.20772845171355
ONEWEB-0657
1 55818U 23029Y   26245.55775053  .00000006  00000+0 -16375-4 0  9991
2 55818  87.9129 289.5648 0001368 111.5677 248.5602 13.19724883169114
ONEWEB-0658
1 55819U 23029Z   26245.55301384  .00000000  00000+0 -32921-4 0  9993
2 55819  87.9136 289.5479 0002027  83.1721 276.9642 13.19724953169120
ONEWEB-0660
1 55820U 23029AA  26245.53892925  .00001890  00000+0  50645-2 0  9997
2 55820  87.8910 274.2823 0002197  91.2596 268.8785 13.14468704169563
ONEWEB-0661
1 55821U 23029AB  26245.11604533 -.00001535  00000+0 -41738-2 0  9999
2 55821  87.8885 274.4037 0002284 101.0139 259.1248 13.14548269169498
ONEWEB-0662
1 55822U 23029AC  26245.07544072  .00000354  00000+0  91949-3 0  9992
2 55822  87.8900 274.4131 0002307  91.6724 268.4670 13.14499511169534
ONEWEB-0663
1 55823U 23029AD  26245.12541282 -.00000007  00000+0 -49355-4 0  9991
2 55823  87.9136 259.1568 0002334  83.2202 276.9197 13.20873794171301
ONEWEB-0664
1 55824U 23029AE  26245.08408088  .00000044  00000+0  75261-4 0  9997
2 55824  87.9125 259.1390 0002345  96.2812 263.8588 13.20758168171290
ONEWEB-0665
1 55825U 23029AF  26245.34186051 -.00000297  00000+0 -83620-3 0  9999
2 55825  87.8907 274.3358 0002203  89.4980 270.6403 13.14496372169540
ONEWEB-0666
1 55826U 23029AG  26245.07735693  .00000016  00000+0  78981-5 0  9995
2 55826  87.9126 259.1300 0001283  94.1833 265.9447 13.20772112171308
ONEWEB-0667
1 55827U 23029AH  26245.29958051  .00000056  00000+0  10474-3 0  9990
2 55827  87.9138 259.0548 0002162  90.3585 269.7796 13.20771753171325
ONEWEB-0669
1 55828U 23029AJ  26245.06725722  .00000079  00000+0  16264-3 0  9991
2 55828  87.9133 259.1082 0002054 106.5425 253.5934 13.20771838171293
ONEWEB-0670
1 55829U 23029AK  26245.54906030  .00005651  00000+0  15212-1 0  9999
2 55829  87.8897 274.3103 0002315  98.1191 262.0201 13.14443644169595
ONEWEB-0671
1 55830U 23029AL  26245.54825830 -.00000004  00000+0 -43478-4 0  9996
2 55830  87.9127 289.5671 0002145  93.1672 266.9706 13.19726722169108
ONEWEB-0672
1 55831U 23029AM  26245.06218702  .00000079  00000+0  16339-3 0  9993
2 55831  87.9133 259.1028 0001780  95.6579 264.4757 13.20769436171295
ONEWEB-0673
1 55832U 23029AN  26245.52536462 -.00000010  00000+0 -58450-4 0  9999
2 55832  87.9134 289.5681 0002119  95.5694 264.5680 13.19724943169108
ONEWEB-0674
1 55833U 23029AP  26245.36300775 -.00004003  00000+0 -10827-1 0  9997
2 55833  87.8901 274.3268 0002363  98.3936 261.7461 13.14567750169555
ONEWEB-0675
1 55834U 23029AQ  26245.54038433  .00002939  00000+0  73083-2 0  9995
2 55834  87.9130 289.5707 0001431  74.9735 285.1556 13.19711084169123
ONEWEB-0720
1 55835U 23029AR  26245.53248171  .00000024  00000+0  27035-4 0  9998
2 55835  87.9128 289.5723 0002155  87.9641 272.1738 13.19724833169048
ONEWEB-0537
1 56046U 23043A   26245.33149291 -.00000200  00000+0 -55763-3 0  9996
2 56046  87.9123 213.4495 0001905  82.9311 277.2036 13.16593870169118
ONEWEB-0538
1 56047U 23043B   26245.32516863 -.00000019  00000+0 -83935-4 0  9990
2 56047  87.9122 213.4539 0001978  75.2681 284.8669 13.16593379169123
ONEWEB-0546
1 56048U 23043C   26245.31251721  .00000016  00000+0  77769-5 0  9993
2 56048  87.9122 213.4558 0001439  92.5200 267.6095 13.16594882169117
ONEWEB-0547
1 56049U 23043D   26245.00429551  .00000054  00000+0  98408-4 0  9992
2 56049  87.9248 228.6827 0002135  80.9395 279.1981 13.21826360168378
ONEWEB-0548
1 56050U 23043E   26244.95705674 -.00000017  00000+0 -77916-4 0  9992
2 56050  87.9119 213.5215 0002339  92.3215 267.8184 13.16595019169069
ONEWEB-0549
1 56051U 23043F   26244.92271028 -.00000010  00000+0 -56118-4 0  9995
2 56051  87.9243 228.7009 0001977  76.1350 284.0003 13.21827025168368
ONEWEB-0550
1 56052U 23043G   26244.98495758  .00000072  00000+0  14198-3 0  9997
2 56052  87.9246 228.6882 0002300  88.0554 272.0844 13.21825759168372
ONEWEB-0551
1 56053U 23043H   26245.04919581  .00000098  00000+0  22703-3 0  9990
2 56053  87.8957 243.8995 0002040  78.1904 281.9455 13.15549983166500
ONEWEB-0552
1 56054U 23043J   26245.20699791  .00000089  00000+0  18363-3 0  9994
2 56054  87.9242 228.6471 0002285  82.8620 277.2774 13.21826060168401
ONEWEB-0553
1 56055U 23043K   26245.31884822  .00000959  00000+0  24751-2 0  9991
2 56055  87.9125 213.4553 0001686  87.1077 273.0247 13.16588068169129
ONEWEB-0554
1 56056U 23043L   26245.61015403  .00000070  00000+0  14842-3 0  9991
2 56056  87.9124 213.4052 0002384  92.8687 267.2717 13.16592783169147
ONEWEB-0555
1 56057U 23043M   26245.19217240  .00000014  00000+0  39813-5 0  9993
2 56057  87.9119 213.4778 0001615  91.6260 268.5056 13.16592412169090
ONEWEB-0557
1 56058U 23043N   26245.28242817  .00000044  00000+0  80551-4 0  9999
2 56058  87.9123 213.4699 0002333 115.6183 244.5190 13.16594033169103
ONEWEB-0558
1 56059U 23043P   26244.97317460  .00000074  00000+0  14791-3 0  9997
2 56059  87.9244 228.6903 0001919  77.7231 282.4117 13.21825342168380
ONEWEB-0559
1 56060U 23043Q   26245.18849664 -.00000073  00000+0 -20819-3 0  9998
2 56060  87.9248 228.6446 0002149  79.6218 280.5159 13.21825440168429
ONEWEB-0566
1 56061U 23043R   26245.18176575 -.00000005  00000+0 -43415-4 0  9996
2 56061  87.9248 228.6439 0002195  77.9178 282.2201 13.21826145168407
ONEWEB-0568
1 56062U 23043S   26245.60383127  .00000065  00000+0  13592-3 0  9993
2 56062  87.9123 213.3947 0001831  85.3760 274.7580 13.16594477169165
ONEWEB-0574
1 56063U 23043T   26245.32642823 -.00000038  00000+0 -12305-3 0  9997
2 56063  87.9249 228.6203 0002142  90.4140 269.7240 13.21825846168466
ONEWEB-0575
1 56064U 23043U   26245.29351551  .00000110  00000+0  25362-3 0  9995
2 56064  87.9123 213.4526 0002073  93.5377 266.5991 13.16594327169119
ONEWEB-0576
1 56065U 23043V   26245.27451654  .00000133  00000+0  31384-3 0  9995
2 56065  87.9121 213.4658 0002081  88.5286 271.6083 13.16594454169105
ONEWEB-0577
1 56066U 23043W   26245.28085364  .00000085  00000+0  18912-3 0  9996
2 56066  87.9123 213.4622 0002401 101.4285 258.7116 13.16593827169138
ONEWEB-0578
1 56067U 23043X   26245.31296706  .00000195  00000+0  44064-3 0  9994
2 56067  87.9247 228.6189 0001827  91.0536 269.0807 13.21826291168429
ONEWEB-0579
1 56068U 23043Y   26245.00176108  .00000072  00000+0  14371-3 0  9996
2 56068  87.9252 228.6817 0002322  81.9797 278.1600 13.21824727168392
ONEWEB-0581
1 56069U 23043Z   26245.28718575  .00000101  00000+0  23141-3 0  9995
2 56069  87.9115 213.4676 0002353  94.7468 265.3932 13.16594014169100
ONEWEB-0609
1 56070U 23043AA  26245.07532854  .00000150  00000+0  36356-3 0  9994
2 56070  87.8957 243.8779 0001954  87.7980 272.3374 13.15550552166544
ONEWEB-0613
1 56071U 23043AB  26245.07295219  .00000225  00000+0  56455-3 0  9991
2 56071  87.8959 243.8914 0002169  82.0147 278.1230 13.15550077166547
ONEWEB-0630
1 56072U 23043AC  26245.29639235  .00000165  00000+0  40526-3 0  9991
2 56072  87.8966 243.8237 0002182  83.8362 276.3017 13.15548486166563
ONEWEB-0632
1 56073U 23043AD  26245.06346636  .00000082  00000+0  18426-3 0  9999
2 56073  87.8959 243.8845 0002109  92.2765 267.8606 13.15549042166536
ONEWEB-0633
1 56074U 23043AE  26245.05711758  .00000018  00000+0  12467-4 0  9999
2 56074  87.8967 243.8673 0002111  76.9233 283.2133 13.15547837166512
ONEWEB-0634
1 56075U 23043AF  26245.27102153 -.00000004  00000+0 -45858-4 0  9994
2 56075  87.8960 243.8588 0001693  87.1697 272.9627 13.15549743166536
ONEWEB-0635
1 56076U 23043AG  26245.26626300 -.00000127  00000+0 -37110-3 0  9996
2 56076  87.8967 243.8287 0002174  94.5783 265.5595 13.15549877166566
ONEWEB-0636
1 56077U 23043AH  26245.03017052 -.00000122  00000+0 -35729-3 0  9999
2 56077  87.8966 243.8799 0002119  93.1993 266.9379 13.15549917166516
ONEWEB-0637
1 56078U 23043AJ  26245.02384112 -.00000131  00000+0 -38115-3 0  9995
2 56078  87.8960 243.8928 0001893  95.3300 264.8047 13.15547239166535
ONEWEB-0647
1 56079U 23043AK  26245.47543601 -.00000111  00000+0 -32892-3 0  9999
2 56079  87.8962 243.8150 0002171  91.3053 268.8326 13.15549838166582
ONEWEB-0651
1 56080U 23043AL  26245.62277887  .00000145  00000+0  35023-3 0  9992
2 56080  87.8960 243.7786 0002045  95.0758 265.0605 13.15550982167806
ONEWEB-0718
1 56081U 23043AM  26245.46593075  .00000018  00000+0  13385-4 0  9992
2 56081  87.8968 243.7941 0001592  79.5342 280.5968 13.15548662166591
ONEWEB-0561
1 56710U 23068A   26245.46958479  .00000038  00000+0  62277-4 0  9997
2 56710  87.9135 259.0304 0002318  94.6267 265.5132 13.20772920159704
ONEWEB-0668
1 56711U 23068B   26245.18585151 -.00000015  00000+0 -74111-4 0  9997
2 56711  87.9120 213.4798 0001539  84.8351 275.2956 13.16591547161916
ONEWEB-0676
1 56712U 23068C   26244.96578569  .00000028  00000+0  40249-4 0  9995
2 56712  87.9123 213.5303 0002215  91.0750 269.0635 13.16594077161802
ONEWEB-0677
1 56713U 23068D   26245.30630584 -.00000014  00000+0 -67369-4 0  9990
2 56713  87.9136 259.0541 0001910 102.4691 257.6656 13.20771424159988
ONEWEB-0678
1 56714U 23068E   26245.05393483  .00000113  00000+0  26571-3 0  9994
2 56714  87.8967 243.8723 0002264  85.0678 275.0711 13.15550410159392
ONEWEB-0679
1 56715U 23068F   26245.60857565  .00000055  00000+0  10955-3 0  9996
2 56715  87.9124 213.3934 0001781  96.0563 264.0771 13.16593411161917
ONEWEB-0680
1 56716U 23068G   26245.00345691  .00000081  00000+0  16408-3 0  9991
2 56716  87.9253 228.6829 0001590  93.7098 266.4218 13.21825817161240
ONEWEB-0681
1 56717U 23068H   26244.99479688  .00000066  00000+0  12965-3 0  9990
2 56717  87.9250 228.6884 0002694 102.5222 257.6213 13.21300328161234
ONEWEB-0682
1 56718U 23068J   26245.00164868  .00000115  00000+0  27177-3 0  9991
2 56718  87.8968 243.8816 0001579  96.7005 263.4305 13.15547431159558
ONEWEB-0683
1 56719U 23068K   26245.02542066 -.00000102  00000+0 -30539-3 0  9998
2 56719  87.8970 243.8789 0001781  87.5433 272.5902 13.15547627159527
ONEWEB-0684
1 56720U 23068L   26245.03336220 -.00000067  00000+0 -21239-3 0  9991
2 56720  87.8965 243.8655 0002857  63.3835 296.7588 13.15548271159353
ONEWEB-0686
1 56721U 23068M   26244.96101511  .00000022  00000+0  24099-4 0  9993
2 56721  87.9111 213.5383 0001924  74.3343 285.8000 13.16593311161818
ONEWEB-0694
1 56722U 23068N   26245.19535873 -.00000026  00000+0 -10088-3 0  9990
2 56722  87.9123 213.4700 0001628  85.9358 274.1959 13.16592567161905
ONEWEB-0696
1 56723U 23068P   26245.06663454  .00000208  00000+0  51758-3 0  9993
2 56723  87.8960 243.8918 0002485  84.5124 275.6290 13.15548480159477
ONEWEB-0703
1 56724U 23068Q   26245.00006826  .00000110  00000+0  25731-3 0  9996
2 56724  87.8969 243.8875 0002905  88.1532 271.9931 13.15547088159350
ONEWEB-0721
1 56725U 23068R   26245.00946559 -.00000186  00000+0 -48002-3 0  9994
2 56725  86.6720  60.9711 0001803  91.4212 268.7128 13.22473939168092
ONEWEB-0015
1 61594U 24188A   26245.29291003 -.00000417  00000+0 -12129-2 0  9993
2 61594  87.8949   5.7538 0001898 115.8706 244.2617 13.11417897 94566
ONEWEB-0687
1 61595U 24188B   26245.60973992  .00000023  00000+0  26336-4 0  9991
2 61595  87.9199 350.4927 0001536 114.3008 245.8285 13.17650672 96099
ONEWEB-0688
1 61596U 24188C   26245.33467516  .00000035  00000+0  57259-4 0  9993
2 61596  87.9198 350.5474 0002498 131.5928 228.5418 13.17649227 96053
ONEWEB-0689
1 61597U 24188D   26245.32683156  .00000637  00000+0  17622-2 0  9999
2 61597  87.8958   5.7141 0001461  98.7794 261.3499 13.11416876 94565
ONEWEB-0690
1 61598U 24188E   26245.33699881  .00000496  00000+0  13632-2 0  9993
2 61598  87.8956   5.7222 0002400  94.7890 265.3512 13.11416905 94744
ONEWEB-0691
1 61599U 24188F   26245.63709381  .00000619  00000+0  17094-2 0  9997
2 61599  87.8971   5.5791 0001757 112.0529 248.0786 13.11415771 94637
ONEWEB-0692
1 61600U 24188G   26245.58113928 -.00000163  00000+0 -49679-3 0  9991
2 61600  87.8949   5.6888 0001468  74.4366 285.6924 13.11415149 94610
ONEWEB-0693
1 61601U 24188H   26245.27056243  .00000115  00000+0  26407-3 0  9993
2 61601  87.9192 350.5758 0002645  98.8058 261.3373 13.17650168 96031
ONEWEB-0695
1 61602U 24188J   26245.32852865  .00000635  00000+0  17567-2 0  9997
2 61602  87.8951   5.7302 0001336  89.8058 270.3223 13.11416759 94575
ONEWEB-0697
1 61603U 24188K   26245.28442956 -.00000438  00000+0 -12725-2 0  9993
2 61603  87.8954   5.7313 0001577  74.7475 285.3828 13.11416621 94557
ONEWEB-0698
1 61604U 24188L   26245.33869572  .00000438  00000+0  11997-2 0  9995
2 61604  87.8950   5.7330 0002454  74.0647 286.0752 13.11415713 94580
ONEWEB-0699
1 61605U 24188M   26245.33630456 -.00000538  00000+0 -15784-2 0  9994
2 61605  87.8882  20.8990 0001693  74.5300 285.6014 13.10374013 93413
ONEWEB-0700
1 61606U 24188N   26245.64343562 -.00000476  00000+0 -13995-2 0  9991
2 61606  87.8898  20.7594 0001679  78.4570 281.6746 13.10374082 93443
ONEWEB-0701
1 61607U 24188P   26245.66044311  .00000275  00000+0  75108-3 0  9994
2 61607  87.8887  20.8365 0001698  70.9674 289.1637 13.10378732 93451
ONEWEB-0702
1 61608U 24188Q   26245.30816372  .00000115  00000+0  28778-3 0  9994
2 61608  87.8970   5.6588 0001355  65.3054 294.8215 13.11420603 94590
ONEWEB-0704
1 61609U 24188R   26244.88496894 -.00000212  00000+0 -64437-3 0  9992
2 61609  87.8885  20.9819 0001249  60.9218 299.2035 13.10375723 93339
ONEWEB-0705
1 61610U 24188S   26244.89006128 -.00000046  00000+0 -16905-3 0  9994
2 61610  87.8888  20.9866 0000743  92.6997 267.4216 13.10375147 85508
ONEWEB-0706
1 61611U 24188T   26245.33292447 -.00000601  00000+0 -17571-2 0  9992
2 61611  87.8882  20.9008 0001265  84.0313 276.0958 13.10373462 93481
ONEWEB-0707
1 61612U 24188U   26245.33971614 -.00000372  00000+0 -11013-2 0  9993
2 61612  87.8888  20.8962 0001287  82.2333 277.8940 13.10376018 93426
ONEWEB-0708
1 61613U 24188V   26245.12932304  .00000576  00000+0  16134-2 0  9997
2 61613  87.8873  20.9502 0001346 113.1632 246.9638 13.10375678 93370
CALSPHERE 1
1 00900U 1964-063C   26245.00000000  .00000100  00000+0  10000-4 0  9999
2 00900  90.2200 120.0000 0010000  45.0000 315.0000 13.7667304000001
CALSPHERE 2
1 00902U 1964-063E   26245.00000000  .00000100  00000+0  10000-4 0  9999
2 00902  90.2300 120.0000 0010000  45.0000 315.0000 13.5287485900001
LCS 1
1 01361U 1965-034C   26245.00000000  .00000100  00000+0  10000-4 0  9999
2 01361  32.1500 120.0000 0010000  45.0000 315.0000 09.8928277000001
TEMPSAT 1
1 01512U 1965-065E   26245.00000000  .00000100  00000+0  10000-4 0  9999
2 01512  90.0000 120.0000 0010000  45.0000 315.0000 13.3358029300001
CALSPHERE 4A
1 01520U 1965-065H   26245.00000000  .00000100  00000+0  10000-4 0  9999
2 01520  89.8900 120.0000 0010000  45.0000 315.0000 13.3630289500001
OPS 5712 (P/L 160)
1 02826U 1967-053A   26245.00000000  .00000100  00000+0  10000-4 0  9999
2 02826  69.9100 120.0000 0010000  45.0000 315.0000 14.7843942500001
SURCAL 159
1 02872U 1967-053F   26245.00000000  .00000100  00000+0  10000-4 0  9999
2 02872  69.9700 120.0000 0010000  45.0000 315.0000 13.9955292100001
OPS 5712 (P/L 153)
1 02874U 1967-053H   26245.00000000  .00000100  00000+0  10000-4 0  9999
2 02874  69.9800 120.0000 0010000  45.0000 315.0000 13.9683771500001
RIGIDSPHERE 2 (LCS 4)
1 05398U 1971-067E   26245.00000000  .00000100  00000+0  10000-4 0  9999
2 05398  87.6200 120.0000 0010000  45.0000 315.0000 14.3798681800001
STARLETTE
1 07646U 1975-010A   26245.00000000  .00000100  00000+0  10000-4 0  9999
2 07646  49.8200 120.0000 0010000  45.0000 315.0000 13.8235576500001
LAGEOS 1
1 08820U 1976-039A   26245.00000000  .00000100  00000+0  10000-4 0  9999
2 08820  109.8100 120.0000 0010000  45.0000 315.0000 06.3866589800001
TDRS 3
1 19548U 1988-091B   26245.00000000  .00000100  00000+0  10000-4 0  9999
2 19548  12.5500 120.0000 0010000  45.0000 315.0000 01.0026807800001
COSMOS 1989 (ETALON 1)
1 19751U 1989-001C   26245.00000000  .00000100  00000+0  10000-4 0  9999
2 19751  64.9900 120.0000 0010000  45.0000 315.0000 02.1315649200001
COSMOS 2024 (ETALON 2)
1 20026U 1989-039C   26245.00000000  .00000100  00000+0  10000-4 0  9999
2 20026  64.8900 120.0000 0010000  45.0000 315.0000 02.1320383200001
FLTSATCOM 8 (USA 46)
1 20253U 1989-077A   26245.00000000  .00000100  00000+0  10000-4 0  9999
2 20253  12.4000 120.0000 0010000  45.0000 315.0000 01.0026458700001
TDRS 5
1 21639U 1991-054B   26245.00000000  .00000100  00000+0  10000-4 0  9999
2 21639  14.0600 120.0000 0010000  45.0000 315.0000 01.0027087100001
LAGEOS 2
1 22195U 1992-070B   26245.00000000  .00000100  00000+0  10000-4 0  9999
2 22195  52.6400 120.0000 0010000  45.0000 315.0000 06.4730738100001
TDRS 6
1 22314U 1993-003B   26245.00000000  .00000100  00000+0  10000-4 0  9999
2 22314  14.1800 120.0000 0010000  45.0000 315.0000 01.0026598300001
UFO 2 (USA 95)
1 22787U 1993-056A   26245.00000000  .00000100  00000+0  10000-4 0  9999
2 22787  11.9200 120.0000 0010000  45.0000 315.0000 01.0026738000001
STELLA
1 22824U 1993-061B   26245.00000000  .00000100  00000+0  10000-4 0  9999
2 22824  98.7700 120.0000 0010000  45.0000 315.0000 14.2743854100001
USA 105
1 23223U 1994-054A   26245.00000000  .00000100  00000+0  10000-4 0  9999
2 23223  13.4300 120.0000 0010000  45.0000 315.0000 00.9882033200001
WIND
1 23333U 1994-071A   26245.00000000  .00000100  00000+0  10000-4 0  9999
2 23333  50.0000 120.0000 0010000  45.0000 315.0000 15.1578947400001
UFO 4 (USA 108)
1 23467U 1995-003A   26245.00000000  .00000100  00000+0  10000-4 0  9999
2 23467  09.6800 120.0000 0010000  45.0000 315.0000 01.0027366400001
TDRS 7
1 23613U 1995-035B   26245.00000000  .00000100  00000+0  10000-4 0  9999
2 23613  13.3100 120.0000 0010000  45.0000 315.0000 01.0026528500001
USA 115 (MILSTAR-1 2)
1 23712U 1995-060A   26245.00000000  .00000100  00000+0  10000-4 0  9999
2 23712  14.1000 120.0000 0010000  45.0000 315.0000 01.0027575800001
SOHO
1 23726U 1995-065A   26245.00000000  .00000100  00000+0  10000-4 0  9999
2 23726  50.0000 120.0000 0010000  45.0000 315.0000 15.1578947400001
USA 118
1 23855U 1996-026A   26245.00000000  .00000100  00000+0  10000-4 0  9999
2 23855  08.0600 120.0000 0010000  45.0000 315.0000 00.9884068100001
USA 119
1 23893U 1996-029A   26245.00000000  .00000100  00000+0  10000-4 0  9999
2 23893  63.3200 120.0000 0010000  45.0000 315.0000 13.4642356200001
NAVSTAR 43 (USA 132)
1 24876U 1997-035A   26245.00000000  .00000100  00000+0  10000-4 0  9999
2 24876  56.0300 120.0000 0010000  45.0000 315.0000 02.0056548300001
ACE
1 24912U 1997-045A   26245.00000000  .00000100  00000+0  10000-4 0  9999
2 24912  50.0000 120.0000 0010000  45.0000 315.0000 15.1578947400001
FORTE
1 24920U 1997-047A   26245.00000000  .00000100  00000+0  10000-4 0  9999
2 24920  69.9500 120.0000 0010000  45.0000 315.0000 14.2800476000001
USA 133
1 25017U 1997-064A   26245.00000000  .00000100  00000+0  10000-4 0  9999
2 25017  50.0000 120.0000 0010000  45.0000 315.0000 15.1578947400001
USA 134
1 25019U 1997-065A   26245.00000000  .00000100  00000+0  10000-4 0  9999
2 25019  12.8600 120.0000 0010000  45.0000 315.0000 01.0027366400001
USA 136
1 25034U 1997-068A   26245.00000000  .00000100  00000+0  10000-4 0  9999
2 25034  64.6300 120.0000 0010000  45.0000 315.0000 02.0061857400001
ORBCOMM FM06
1 25118U 1997-084G   26245.00000000  .00000100  00000+0  10000-4 0  9999
2 25118  45.0100 120.0000 0010000  45.0000 315.0000 14.4767266500001
INMARSAT 3-F5
1 25153U 1998-006B   26245.00000000  .00000100  00000+0  10000-4 0  9999
2 25153  09.8300 120.0000 0010000  45.0000 315.0000 01.0027645700001
ORBCOMM FM04
1 25159U 1998-007C   26245.00000000  .00000100  00000+0  10000-4 0  9999
2 25159  107.9600 120.0000 0010000  45.0000 315.0000 14.3583607500001
CELESTIS-02 & TAURUS R/B
1 25160U 1998-007D   26245.00000000  .00000100  00000+0  10000-4 0  9999
2 25160  108.0100 120.0000 0010000  45.0000 315.0000 14.2250321100001
USA 139
1 25336U 1998-029A   26245.00000000  .00000100  00000+0  10000-4 0  9999
2 25336  07.3200 120.0000 0010000  45.0000 315.0000 01.0026947400001
WESTPAC
1 25398U 1998-043E   26245.00000000  .00000100  00000+0  10000-4 0  9999
2 25398  99.0200 120.0000 0010000  45.0000 315.0000 14.2306552000001
ORBCOMM FM19
1 25415U 1998-046C   26245.00000000  .00000100  00000+0  10000-4 0  9999
2 25415  44.9900 120.0000 0010000  45.0000 315.0000 14.3956813000001
ORBCOMM FM20
1 25416U 1998-046D   26245.00000000  .00000100  00000+0  10000-4 0  9999
2 25416  44.9900 120.0000 0010000  45.0000 315.0000 14.3813043000001
ORBCOMM FM27
1 25481U 1998-053G   26245.00000000  .00000100  00000+0  10000-4 0  9999
2 25481  45.0100 120.0000 0010000  45.0000 315.0000 14.3928036000001
ISS (UNITY)
1 25575U 1998-069F   26245.00000000  .00000100  00000+0  10000-4 0  9999
2 25575  51.6300 120.0000 0010000  45.0000 315.0000 15.4955342700001
ABS-6
1 25924U 1999-053A   26245.00000000  .00000100  00000+0  10000-4 0  9999
2 25924  00.0700 120.0000 0010000  45.0000 315.0000 01.0027436200001
UFO 10 (USA 146)
1 25967U 1999-063A   26245.00000000  .00000100  00000+0  10000-4 0  9999
2 25967  09.8800 120.0000 0010000  45.0000 315.0000 01.0027226700001
ORBCOMM FM32
1 25982U 1999-065C   26245.00000000  .00000100  00000+0  10000-4 0  9999
2 25982  45.0100 120.0000 0010000  45.0000 315.0000 14.3726918900001
ASIASTAR
1 26107U 2000-016A   26245.00000000  .00000100  00000+0  10000-4 0  9999
2 26107  09.2800 120.0000 0010000  45.0000 315.0000 01.0027366400001
TDRS 8
1 26388U 2000-034A   26245.00000000  .00000100  00000+0  10000-4 0  9999
2 26388  12.7800 120.0000 0010000  45.0000 315.0000 01.0027575800001
ISS (ZVEZDA)
1 26400U 2000-037A   26245.00000000  .00000100  00000+0  10000-4 0  9999
2 26400  51.6300 120.0000 0010000  45.0000 315.0000 15.4955342700001
CLUSTER II-FM7 (SAMBA)
1 26410U 2000-041A   26245.00000000  .00000100  00000+0  10000-4 0  9999
2 26410  50.0000 120.0000 0010000  45.0000 315.0000 15.1578947400001
CLUSTER II-FM8 (TANGO)
1 26464U 2000-045B   26245.00000000  .00000100  00000+0  10000-4 0  9999
2 26464  50.0000 120.0000 0010000  45.0000 315.0000 15.1578947400001
USA 152
1 26473U 2000-047A   26245.00000000  .00000100  00000+0  10000-4 0  9999
2 26473  50.0000 120.0000 0010000  45.0000 315.0000 15.1578947400001
NSS-11
1 26554U 2000-059A   26245.00000000  .00000100  00000+0  10000-4 0  9999
2 26554  02.2900 120.0000 0010000  45.0000 315.0000 01.0027366400001
USA 153
1 26575U 2000-065A   26245.00000000  .00000100  00000+0  10000-4 0  9999
2 26575  11.7300 120.0000 0010000  45.0000 315.0000 01.0027575800001
AMC-6
1 26580U 2000-067A   26245.00000000  .00000100  00000+0  10000-4 0  9999
2 26580  00.3100 120.0000 0010000  45.0000 315.0000 01.0027226700001
ISS (DESTINY)
1 26700U 2001-006B   26245.00000000  .00000100  00000+0  10000-4 0  9999
2 26700  51.6300 120.0000 0010000  45.0000 315.0000 15.4955342700001
USA 157 (MILSTAR-2 2)
1 26715U 2001-009A   26245.00000000  .00000100  00000+0  10000-4 0  9999
2 26715  11.6100 120.0000 0010000  45.0000 315.0000 01.0026738000001
INTELSAT 902 (IS-902)
1 26900U 2001-039A   26245.00000000  .00000100  00000+0  10000-4 0  9999
2 26900  06.2800 120.0000 0010000  45.0000 315.0000 01.0027156900001
PROBA-1
1 26958U 2001-049B   26245.00000000  .00000100  00000+0  10000-4 0  9999
2 26958  97.9600 120.0000 0010000  45.0000 315.0000 15.0769552900001
COSMOS 2385
1 27056U 2001-058B   26245.00000000  .00000100  00000+0  10000-4 0  9999
2 27056  82.5400 120.0000 0010000  45.0000 315.0000 12.6061455000001
COSMOS 2386
1 27057U 2001-058C   26245.00000000  .00000100  00000+0  10000-4 0  9999
2 27057  82.5500 120.0000 0010000  45.0000 315.0000 12.6160855100001
USA 164 (MILSTAR-2 3)
1 27168U 2002-001A   26245.00000000  .00000100  00000+0  10000-4 0  9999
2 27168  11.2600 120.0000 0010000  45.0000 315.0000 01.0027087100001
INTELSAT 904 (IS-904)
1 27380U 2002-007A   26245.00000000  .00000100  00000+0  10000-4 0  9999
2 27380  07.0800 120.0000 0010000  45.0000 315.0000 01.0027296500001
DIRECTV 5 (TEMPO 1)
1 27426U 2002-023A   26245.00000000  .00000100  00000+0  10000-4 0  9999
2 27426  05.0400 120.0000 0010000  45.0000 315.0000 01.0027296500001
INTELSAT 905 (IS-905)
1 27438U 2002-027A   26245.00000000  .00000100  00000+0  10000-4 0  9999
2 27438  06.9100 120.0000 0010000  45.0000 315.0000 01.0027296500001
GALAXY 3C (G-3C)
1 27445U 2002-030A   26245.00000000  .00000100  00000+0  10000-4 0  9999
2 27445  03.9000 120.0000 0010000  45.0000 315.0000 01.0027226700001
COSMOS 2390
1 27464U 2002-036A   26245.00000000  .00000100  00000+0  10000-4 0  9999
2 27464  82.4900 120.0000 0010000  45.0000 315.0000 12.4459809900001
COSMOS 2391
1 27465U 2002-036B   26245.00000000  .00000100  00000+0  10000-4 0  9999
2 27465  82.4800 120.0000 0010000  45.0000 315.0000 12.4492089600001
INTELSAT 906 (IS-906)
1 27513U 2002-041A   26245.00000000  .00000100  00000+0  10000-4 0  9999
2 27513  05.9600 120.0000 0010000  45.0000 315.0000 01.0027226700001
LATINSAT B
1 27606U 2002-058B   26245.00000000  .00000100  00000+0  10000-4 0  9999
2 27606  64.5500 120.0000 0010000  45.0000 315.0000 14.7707457200001
SAUDISAT 1C (SO-50)
1 27607U 2002-058C   26245.00000000  .00000100  00000+0  10000-4 0  9999
2 27607  64.5500 120.0000 0010000  45.0000 315.0000 14.8315995500001
LATINSAT A
1 27612U 2002-058H   26245.00000000  .00000100  00000+0  10000-4 0  9999
2 27612  64.5500 120.0000 0010000  45.0000 315.0000 14.8560817100001
NIMIQ 2
1 27632U 2002-062A   26245.00000000  .00000100  00000+0  10000-4 0  9999
2 27632  09.5900 120.0000 0010000  45.0000 315.0000 01.0027366400001
USA 167
1 27691U 2003-008A   26245.00000000  .00000100  00000+0  10000-4 0  9999
2 27691  11.0900 120.0000 0010000  45.0000 315.0000 01.0027156900001
USA 169 (MILSTAR-2 4)
1 27711U 2003-012A   26245.00000000  .00000100  00000+0  10000-4 0  9999
2 27711  12.4500 120.0000 0010000  45.0000 315.0000 01.0027296500001
ASIASAT 4
1 27718U 2003-014A   26245.00000000  .00000100  00000+0  10000-4 0  9999
2 27718  04.8700 120.0000 0010000  45.0000 315.0000 01.0027296500001
HELLAS-SAT 2
1 27811U 2003-020A   26245.00000000  .00000100  00000+0  10000-4 0  9999
2 27811  07.5100 120.0000 0010000  45.0000 315.0000 01.0027296500001
MARS EXPRESS
1 27816U 2003-022A   26245.00000000  .00000100  00000+0  10000-4 0  9999
2 27816  50.0000 120.0000 0010000  45.0000 315.0000 15.1578947400001
THURAYA-2
1 27825U 2003-026A   26245.00000000  .00000100  00000+0  10000-4 0  9999
2 27825  08.9400 120.0000 0010000  45.0000 315.0000 01.0027226700001
OPTUS C1
1 27831U 2003-028B   26245.00000000  .00000100  00000+0  10000-4 0  9999
2 27831  07.0500 120.0000 0010000  45.0000 315.0000 01.0027156900001
CUTE-1 (CO-55)
1 27844U 2003-031E   26245.00000000  .00000100  00000+0  10000-4 0  9999
2 27844  98.6800 120.0000 0010000  45.0000 315.0000 14.2433234400001
CUBESAT XI-IV (CO-57)
1 27848U 2003-031J   26245.00000000  .00000100  00000+0  10000-4 0  9999
2 27848  98.6800 120.0000 0010000  45.0000 315.0000 14.2362827500001
COSMOS 2400
1 27868U 2003-037A   26245.00000000  .00000100  00000+0  10000-4 0  9999
2 27868  82.4700 120.0000 0010000  45.0000 315.0000 12.4524386000001
COSMOS 2401
1 27869U 2003-037B   26245.00000000  .00000100  00000+0  10000-4 0  9999
2 27869  82.4700 120.0000 0010000  45.0000 315.0000 12.4545926300001
USA 170
1 27875U 2003-040A   26245.00000000  .00000100  00000+0  10000-4 0  9999
2 27875  10.6300 120.0000 0010000  45.0000 315.0000 01.0027506000001
USA 171
1 27937U 2003-041A   26245.00000000  .00000100  00000+0  10000-4 0  9999
2 27937  14.9800 120.0000 0010000  45.0000 315.0000 01.0027366400001
MOZHAETS 4 (RS22)
1 27939U 2003-042A   26245.00000000  .00000100  00000+0  10000-4 0  9999
2 27939  98.3500 120.0000 0010000  45.0000 315.0000 14.7359803500001
LARETS
1 27944U 2003-042F   26245.00000000  .00000100  00000+0  10000-4 0  9999
2 27944  98.4200 120.0000 0010000  45.0000 315.0000 14.6386093300001
GALAXY 13 (HORIZONS-1)
1 27954U 2003-044A   26245.00000000  .00000100  00000+0  10000-4 0  9999
2 27954  01.5800 120.0000 0010000  45.0000 315.0000 01.0027017200001
CHUANGXIN 1 (CX-1)
1 28058U 2003-049B   26245.00000000  .00000100  00000+0  10000-4 0  9999
2 28058  98.5000 120.0000 0010000  45.0000 315.0000 14.4854642400001
YAMAL 202
1 28089U 2003-053A   26245.00000000  .00000100  00000+0  10000-4 0  9999
2 28089  06.5000 120.0000 0010000  45.0000 315.0000 01.0027226700001
UFO 11 (USA 174)
1 28117U 2003-057A   26245.00000000  .00000100  00000+0  10000-4 0  9999
2 28117  08.9900 120.0000 0010000  45.0000 315.0000 01.0027156900001
ABS-4 (MOBISAT-1)
1 28184U 2004-007A   26245.00000000  .00000100  00000+0  10000-4 0  9999
2 28184  06.2000 120.0000 0010000  45.0000 315.0000 01.0027575800001
INTELSAT 10-02
1 28358U 2004-022A   26245.00000000  .00000100  00000+0  10000-4 0  9999
2 28358  00.0600 120.0000 0010000  45.0000 315.0000 01.0027226700001
APRIZESAT 2
1 28366U 2004-025A   26245.00000000  .00000100  00000+0  10000-4 0  9999
2 28366  98.1100 120.0000 0010000  45.0000 315.0000 14.3813043000001
SAUDICOMSAT 1
1 28369U 2004-025D   26245.00000000  .00000100  00000+0  10000-4 0  9999
2 28369  98.5800 120.0000 0010000  45.0000 315.0000 14.5557464900001
SAUDICOMSAT 2
1 28370U 2004-025E   26245.00000000  .00000100  00000+0  10000-4 0  9999
2 28370  98.6700 120.0000 0010000  45.0000 315.0000 14.5000503500001
SAUDISAT 2
1 28371U 2004-025F   26245.00000000  .00000100  00000+0  10000-4 0  9999
2 28371  98.5600 120.0000 0010000  45.0000 315.0000 14.5675265600001
APRIZESAT 1
1 28372U 2004-025G   26245.00000000  .00000100  00000+0  10000-4 0  9999
2 28372  98.6300 120.0000 0010000  45.0000 315.0000 14.5175925000001
ANIK F2
1 28378U 2004-027A   26245.00000000  .00000100  00000+0  10000-4 0  9999
2 28378  03.4500 120.0000 0010000  45.0000 315.0000 01.0027226700001
COSMOS 2407
1 28380U 2004-028A   26245.00000000  .00000100  00000+0  10000-4 0  9999
2 28380  82.9600 120.0000 0010000  45.0000 315.0000 13.7627831400001
USA 179
1 28384U 2004-034A   26245.00000000  .00000100  00000+0  10000-4 0  9999
2 28384  63.9900 120.0000 0010000  45.0000 315.0000 02.0063814100001
SHIJIAN-6 01A (SJ-6 01A)
1 28413U 2004-035A   26245.00000000  .00000100  00000+0  10000-4 0  9999
2 28413  97.5900 120.0000 0010000  45.0000 315.0000 15.1882712800001
SHIJIAN-6 01B (SJ-6 01B)
1 28414U 2004-035B   26245.00000000  .00000100  00000+0  10000-4 0  9999
2 28414  97.6000 120.0000 0010000  45.0000 315.0000 15.0674898000001
COSMOS 2408
1 28419U 2004-037A   26245.00000000  .00000100  00000+0  10000-4 0  9999
2 28419  82.4800 120.0000 0010000  45.0000 315.0000 12.4567474000001
COSMOS 2409
1 28420U 2004-037B   26245.00000000  .00000100  00000+0  10000-4 0  9999
2 28420  82.4800 120.0000 0010000  45.0000 315.0000 12.4535155200001
AMC-15
1 28446U 2004-041A   26245.00000000  .00000100  00000+0  10000-4 0  9999
2 28446  00.0600 120.0000 0010000  45.0000 315.0000 01.0027226700001
JB-3 3 (ZY 2C)
1 28470U 2004-044A   26245.00000000  .00000100  00000+0  10000-4 0  9999
2 28470  97.2800 120.0000 0010000  45.0000 315.0000 15.1978891800001
NANOSAT-1
1 28493U 2004-049B   26245.00000000  .00000100  00000+0  10000-4 0  9999
2 28493  98.2400 120.0000 0010000  45.0000 315.0000 14.8026315800001
COSMOS 2414
1 28521U 2005-002A   26245.00000000  .00000100  00000+0  10000-4 0  9999
2 28521  82.9500 120.0000 0010000  45.0000 315.0000 13.8795180700001
NSS-10
1 28526U 2005-003A   26245.00000000  .00000100  00000+0  10000-4 0  9999
2 28526  06.6100 120.0000 0010000  45.0000 315.0000 01.0027296500001
USA 181
1 28537U 2005-004A   26245.00000000  .00000100  00000+0  10000-4 0  9999
2 28537  63.3900 120.0000 0010000  45.0000 315.0000 13.4128166900001
USA 182
1 28646U 2005-016A   26245.00000000  .00000100  00000+0  10000-4 0  9999
2 28646  57.0100 120.0000 0010000  45.0000 315.0000 14.5190562600001
DIRECTV 8
1 28659U 2005-019A   26245.00000000  .00000100  00000+0  10000-4 0  9999
2 28659  00.0100 120.0000 0010000  45.0000 315.0000 01.0027226700001
GALAXY 28 (G-28)
1 28702U 2005-022A   26245.00000000  .00000100  00000+0  10000-4 0  9999
2 28702  03.4600 120.0000 0010000  45.0000 315.0000 01.0027366400001
SJ-7
1 28737U 2005-024A   26245.00000000  .00000100  00000+0  10000-4 0  9999
2 28737  97.7300 120.0000 0010000  45.0000 315.0000 15.2235965700001
THAICOM 4
1 28786U 2005-028A   26245.00000000  .00000100  00000+0  10000-4 0  9999
2 28786  00.4100 120.0000 0010000  45.0000 315.0000 01.0027156900001
MRO
1 28788U 2005-029A   26245.00000000  .00000100  00000+0  10000-4 0  9999
2 28788  50.0000 120.0000 0010000  45.0000 315.0000 15.1578947400001
REIMEI (INDEX)
1 28810U 2005-031B   26245.00000000  .00000100  00000+0  10000-4 0  9999
2 28810  98.0200 120.0000 0010000  45.0000 315.0000 15.1149365000001
ANIK F1R
1 28868U 2005-036A   26245.00000000  .00000100  00000+0  10000-4 0  9999
2 28868  04.4700 120.0000 0010000  45.0000 315.0000 01.0027296500001
SYRACUSE 3A
1 28885U 2005-041B   26245.00000000  .00000100  00000+0  10000-4 0  9999
2 28885  04.8000 120.0000 0010000  45.0000 315.0000 01.0027226700001
USA 186
1 28888U 2005-042A   26245.00000000  .00000100  00000+0  10000-4 0  9999
2 28888  96.8900 120.0000 0010000  45.0000 315.0000 15.6896927400001
BEIJING 1
1 28890U 2005-043A   26245.00000000  .00000100  00000+0  10000-4 0  9999
2 28890  98.3000 120.0000 0010000  45.0000 315.0000 14.6356337000001
CUBESAT XI-V
1 28895U 2005-043F   26245.00000000  .00000100  00000+0  10000-4 0  9999
2 28895  98.3100 120.0000 0010000  45.0000 315.0000 14.7284443100001
COSMOS 2416 (RODNIK-S 1)
1 28908U 2005-048A   26245.00000000  .00000100  00000+0  10000-4 0  9999
2 28908  82.4600 120.0000 0010000  45.0000 315.0000 12.5555846200001
EUTELSAT 174A
1 28924U 2005-052A   26245.00000000  .00000100  00000+0  10000-4 0  9999
2 28924  04.3800 120.0000 0010000  45.0000 315.0000 01.0027436200001
ECHOSTAR 10
1 28935U 2006-003A   26245.00000000  .00000100  00000+0  10000-4 0  9999
2 28935  00.0600 120.0000 0010000  45.0000 315.0000 01.0027226700001
SPAINSAT
1 28945U 2006-007A   26245.00000000  .00000100  00000+0  10000-4 0  9999
2 28945  00.7300 120.0000 0010000  45.0000 315.0000 01.0027156900001
JCSAT-5A
1 29045U 2006-010A   26245.00000000  .00000100  00000+0  10000-4 0  9999
2 29045  01.2700 120.0000 0010000  45.0000 315.0000 01.0026947400001
ASTRA 1KR
1 29055U 2006-012A   26245.00000000  .00000100  00000+0  10000-4 0  9999
2 29055  00.6400 120.0000 0010000  45.0000 315.0000 01.0027017200001
GALAXY 16 (G-16)
1 29236U 2006-023A   26245.00000000  .00000100  00000+0  10000-4 0  9999
2 29236  00.0200 120.0000 0010000  45.0000 315.0000 01.0027366400001
USA 184
1 29249U 2006-027A   26245.00000000  .00000100  00000+0  10000-4 0  9999
2 29249  63.5400 120.0000 0010000  45.0000 315.0000 02.0060180500001
EUTELSAT 33F
1 29270U 2006-032A   26245.00000000  .00000100  00000+0  10000-4 0  9999
2 29270  01.8200 120.0000 0010000  45.0000 315.0000 01.0027087100001
JCSAT-3A
1 29272U 2006-033A   26245.00000000  .00000100  00000+0  10000-4 0  9999
2 29272  00.0400 120.0000 0010000  45.0000 315.0000 01.0027296500001
KOREASAT 5 (MUGUNGWHA 5)
1 29349U 2006-034A   26245.00000000  .00000100  00000+0  10000-4 0  9999
2 29349  01.9500 120.0000 0010000  45.0000 315.0000 01.0027366400001
DIRECTV 9S
1 29494U 2006-043A   26245.00000000  .00000100  00000+0  10000-4 0  9999
2 29494  02.5800 120.0000 0010000  45.0000 315.0000 01.0027226700001
OPTUS D1
1 29495U 2006-043B   26245.00000000  .00000100  00000+0  10000-4 0  9999
2 29495  03.2000 120.0000 0010000  45.0000 315.0000 01.0027156900001
STEREO A
1 29510U 2006-047A   26245.00000000  .00000100  00000+0  10000-4 0  9999
2 29510  50.0000 120.0000 0010000  45.0000 315.0000 15.1578947400001
BADR-4
1 29526U 2006-051A   26245.00000000  .00000100  00000+0  10000-4 0  9999
2 29526  02.1700 120.0000 0010000  45.0000 315.0000 01.0027296500001
WILDBLUE-1
1 29643U 2006-054A   26245.00000000  .00000100  00000+0  10000-4 0  9999
2 29643  02.9700 120.0000 0010000  45.0000 315.0000 00.9917901800001
SAR-LUPE 1
1 29658U 2006-060A   26245.00000000  .00000100  00000+0  10000-4 0  9999
2 29658  98.2000 120.0000 0010000  45.0000 315.0000 15.2704135700001
THEMIS A
1 30580U 2007-004A   26245.00000000  .00000100  00000+0  10000-4 0  9999
2 30580  09.0500 120.0000 0010000  45.0000 315.0000 00.8784397900001
ARTEMIS P1 (THEMIS B)
1 30581U 2007-004B   26245.00000000  .00000100  00000+0  10000-4 0  9999
2 30581  50.0000 120.0000 0010000  45.0000 315.0000 15.1578947400001
ARTEMIS P2 (THEMIS C)
1 30582U 2007-004C   26245.00000000  .00000100  00000+0  10000-4 0  9999
2 30582  50.0000 120.0000 0010000  45.0000 315.0000 15.1578947400001
SKYNET 5A
1 30794U 2007-007B   26245.00000000  .00000100  00000+0  10000-4 0  9999
2 30794  05.4600 120.0000 0010000  45.0000 315.0000 01.0027156900001
THEMIS D
1 30797U 2007-004D   26245.00000000  .00000100  00000+0  10000-4 0  9999
2 30797  08.0500 120.0000 0010000  45.0000 315.0000 00.8758911000001
THEMIS E
1 30798U 2007-004E   26245.00000000  .00000100  00000+0  10000-4 0  9999
2 30798  06.8600 120.0000 0010000  45.0000 315.0000 00.8783969300001
ANIK F3
1 31102U 2007-009A   26245.00000000  .00000100  00000+0  10000-4 0  9999
2 31102  01.3600 120.0000 0010000  45.0000 315.0000 01.0027296500001
SAUDISAT 3
1 31118U 2007-012B   26245.00000000  .00000100  00000+0  10000-4 0  9999
2 31118  98.1500 120.0000 0010000  45.0000 315.0000 14.7148988400001
SAUDICOMSAT 7
1 31119U 2007-012C   26245.00000000  .00000100  00000+0  10000-4 0  9999
2 31119  98.3800 120.0000 0010000  45.0000 315.0000 14.6624580000001
SAUDICOMSAT 6
1 31121U 2007-012E   26245.00000000  .00000100  00000+0  10000-4 0  9999
2 31121  98.4200 120.0000 0010000  45.0000 315.0000 14.6267140700001
SAUDICOMSAT 5
1 31124U 2007-012H   26245.00000000  .00000100  00000+0  10000-4 0  9999
2 31124  98.3600 120.0000 0010000  45.0000 315.0000 14.6818923300001
SAUDICOMSAT 3
1 31125U 2007-012J   26245.00000000  .00000100  00000+0  10000-4 0  9999
2 31125  98.3200 120.0000 0010000  45.0000 315.0000 14.7073843300001
SAUDICOMSAT 4
1 31127U 2007-012L   26245.00000000  .00000100  00000+0  10000-4 0  9999
2 31127  98.4100 120.0000 0010000  45.0000 315.0000 14.6460537000001
ASTRA 1L
1 31306U 2007-016A   26245.00000000  .00000100  00000+0  10000-4 0  9999
2 31306  01.4800 120.0000 0010000  45.0000 315.0000 01.0027296500001
GALAXY 17 (G-17)
1 31307U 2007-016B   26245.00000000  .00000100  00000+0  10000-4 0  9999
2 31307  03.1300 120.0000 0010000  45.0000 315.0000 01.0027226700001
YAOGAN-2
1 31490U 2007-019A   26245.00000000  .00000100  00000+0  10000-4 0  9999
2 31490  98.2600 120.0000 0010000  45.0000 315.0000 14.8270181200001
GLOBALSTAR M069
1 31573U 2007-020C   26245.00000000  .00000100  00000+0  10000-4 0  9999
2 31573  52.0000 120.0000 0010000  45.0000 315.0000 12.2344944800001
GLOBALSTAR M072
1 31574U 2007-020D   26245.00000000  .00000100  00000+0  10000-4 0  9999
2 31574  51.9900 120.0000 0010000  45.0000 315.0000 11.9165839100001
USA 194
1 31701U 2007-027A   26245.00000000  .00000100  00000+0  10000-4 0  9999
2 31701  63.3800 120.0000 0010000  45.0000 315.0000 13.4103185000001
SAR-LUPE 2
1 31797U 2007-030A   26245.00000000  .00000100  00000+0  10000-4 0  9999
2 31797  98.1100 120.0000 0010000  45.0000 315.0000 15.5894771000001
WGS F1 (USA 195)
1 32258U 2007-046A   26245.00000000  .00000100  00000+0  10000-4 0  9999
2 32258  00.0100 120.0000 0010000  45.0000 315.0000 01.0027226700001
GLOBALSTAR M066
1 32265U 2007-048C   26245.00000000  .00000100  00000+0  10000-4 0  9999
2 32265  51.9600 120.0000 0010000  45.0000 315.0000 12.3034859900001
SKYNET 5B
1 32294U 2007-056B   26245.00000000  .00000100  00000+0  10000-4 0  9999
2 32294  05.4100 120.0000 0010000  45.0000 315.0000 01.0027156900001
ASTRA 4A
1 32299U 2007-057A   26245.00000000  .00000100  00000+0  10000-4 0  9999
2 32299  00.0500 120.0000 0010000  45.0000 315.0000 01.0027156900001
HORIZONS-2
1 32388U 2007-063B   26245.00000000  .00000100  00000+0  10000-4 0  9999
2 32388  02.7600 120.0000 0010000  45.0000 315.0000 01.0027087100001
THOR 5
1 32487U 2008-006A   26245.00000000  .00000100  00000+0  10000-4 0  9999
2 32487  00.0600 120.0000 0010000  45.0000 315.0000 01.0027156900001
USA 200
1 32706U 2008-010A   26245.00000000  .00000100  00000+0  10000-4 0  9999
2 32706  63.5000 120.0000 0010000  45.0000 315.0000 02.0061577900001
DIRECTV 11
1 32729U 2008-013A   26245.00000000  .00000100  00000+0  10000-4 0  9999
2 32729  50.0000 120.0000 0010000  45.0000 315.0000 01.0027366400001
SAR-LUPE 4
1 32750U 2008-014A   26245.00000000  .00000100  00000+0  10000-4 0  9999
2 32750  98.2000 120.0000 0010000  45.0000 315.0000 15.2704135700001
ICO G1
1 32763U 2008-016A   26245.00000000  .00000100  00000+0  10000-4 0  9999
2 32763  05.5400 120.0000 0010000  45.0000 315.0000 01.0027296500001
VINASAT-1
1 32767U 2008-018A   26245.00000000  .00000100  00000+0  10000-4 0  9999
2 32767  00.0500 120.0000 0010000  45.0000 315.0000 01.0027296500001
STAR ONE C2
1 32768U 2008-018B   26245.00000000  .00000100  00000+0  10000-4 0  9999
2 32768  01.4000 120.0000 0010000  45.0000 315.0000 01.0027226700001
CANX-2
1 32790U 2008-021H   26245.00000000  .00000100  00000+0  10000-4 0  9999
2 32790  97.8700 120.0000 0010000  45.0000 315.0000 15.0596109600001
SEEDS II (CO-66)
1 32791U 2008-021J   26245.00000000  .00000100  00000+0  10000-4 0  9999
2 32791  97.7600 120.0000 0010000  45.0000 315.0000 15.3485397600001
AMOS-3
1 32794U 2008-022A   26245.00000000  .00000100  00000+0  10000-4 0  9999
2 32794  00.6200 120.0000 0010000  45.0000 315.0000 01.0027226700001
GALAXY 18 (G-18)
1 32951U 2008-024A   26245.00000000  .00000100  00000+0  10000-4 0  9999
2 32951  00.0100 120.0000 0010000  45.0000 315.0000 01.0027226700001
YUBILEINY (RS30)
1 32953U 2008-025A   26245.00000000  .00000100  00000+0  10000-4 0  9999
2 32953  82.5100 120.0000 0010000  45.0000 315.0000 12.4320124300001
COSMOS 2437
1 32954U 2008-025B   26245.00000000  .00000100  00000+0  10000-4 0  9999
2 32954  82.5000 120.0000 0010000  45.0000 315.0000 12.4277207200001
COSMOS 2438
1 32955U 2008-025C   26245.00000000  .00000100  00000+0  10000-4 0  9999
2 32955  82.5000 120.0000 0010000  45.0000 315.0000 12.4341594000001
COSMOS 2439
1 32956U 2008-025D   26245.00000000  .00000100  00000+0  10000-4 0  9999
2 32956  82.5100 120.0000 0010000  45.0000 315.0000 12.4309392300001
ZHONGXING-9
1 33051U 2008-028A   26245.00000000  .00000100  00000+0  10000-4 0  9999
2 33051  00.9300 120.0000 0010000  45.0000 315.0000 01.0027156900001
SKYNET 5C
1 33055U 2008-030A   26245.00000000  .00000100  00000+0  10000-4 0  9999
2 33055  03.9500 120.0000 0010000  45.0000 315.0000 01.0027156900001
TURKSAT 3A
1 33056U 2008-030B   26245.00000000  .00000100  00000+0  10000-4 0  9999
2 33056  00.0200 120.0000 0010000  45.0000 315.0000 01.0027506000001
ECHOSTAR 11
1 33207U 2008-035A   26245.00000000  .00000100  00000+0  10000-4 0  9999
2 33207  01.1700 120.0000 0010000  45.0000 315.0000 01.0027296500001
SAR-LUPE 5
1 33244U 2008-036A   26245.00000000  .00000100  00000+0  10000-4 0  9999
2 33244  98.2000 120.0000 0010000  45.0000 315.0000 15.2704135700001
SUPERBIRD-C2
1 33274U 2008-038A   26245.00000000  .00000100  00000+0  10000-4 0  9999
2 33274  02.5200 120.0000 0010000  45.0000 315.0000 01.0027017200001
INMARSAT 4-F3
1 33278U 2008-039A   26245.00000000  .00000100  00000+0  10000-4 0  9999
2 33278  04.3600 120.0000 0010000  45.0000 315.0000 01.0027156900001
NIMIQ 4
1 33373U 2008-044A   26245.00000000  .00000100  00000+0  10000-4 0  9999
2 33373  00.0200 120.0000 0010000  45.0000 315.0000 01.0027017200001
GALAXY 19 (G-19)
1 33376U 2008-045A   26245.00000000  .00000100  00000+0  10000-4 0  9999
2 33376  00.0600 120.0000 0010000  45.0000 315.0000 01.0027156900001
IBEX
1 33401U 2008-051A   26245.00000000  .00000100  00000+0  10000-4 0  9999
2 33401  46.3000 120.0000 0010000  45.0000 315.0000 00.1094970400001
SHIJIAN-6 03A (SJ-6 03A)
1 33408U 2008-053A   26245.00000000  .00000100  00000+0  10000-4 0  9999
2 33408  97.8400 120.0000 0010000  45.0000 315.0000 15.1770657700001
SHIJIAN-6 03B (SJ-6 03B)
1 33409U 2008-053B   26245.00000000  .00000100  00000+0  10000-4 0  9999
2 33409  97.8600 120.0000 0010000  45.0000 315.0000 15.0438779800001
SHIYAN-3 (SY-3)
1 33433U 2008-056A   26245.00000000  .00000100  00000+0  10000-4 0  9999
2 33433  98.6100 120.0000 0010000  45.0000 315.0000 14.3084260700001
CHUANGXIN 1-02 (CX-1-02)
1 33434U 2008-056B   26245.00000000  .00000100  00000+0  10000-4 0  9999
2 33434  98.6100 120.0000 0010000  45.0000 315.0000 14.3013208900001
ASTRA 1M
1 33436U 2008-057A   26245.00000000  .00000100  00000+0  10000-4 0  9999
2 33436  00.4600 120.0000 0010000  45.0000 315.0000 01.0027366400001
EUTELSAT HOTBIRD 13C
1 33459U 2008-065A   26245.00000000  .00000100  00000+0  10000-4 0  9999
2 33459  03.1100 120.0000 0010000  45.0000 315.0000 01.0027296500001
USA 202
1 33490U 2009-001A   26245.00000000  .00000100  00000+0  10000-4 0  9999
2 33490  08.8000 120.0000 0010000  45.0000 315.0000 01.0027645700001
STARS (KUKAI)
1 33498U 2009-002G   26245.00000000  .00000100  00000+0  10000-4 0  9999
2 33498  98.1600 120.0000 0010000  45.0000 315.0000 14.9610389600001
KKS-1 (KISEKI)
1 33499U 2009-002H   26245.00000000  .00000100  00000+0  10000-4 0  9999
2 33499  98.1200 120.0000 0010000  45.0000 315.0000 14.8331273200001
EXPRESS-AM44
1 33595U 2009-007A   26245.00000000  .00000100  00000+0  10000-4 0  9999
2 33595  03.6300 120.0000 0010000  45.0000 315.0000 01.0027226700001
NSS-9
1 33749U 2009-008A   26245.00000000  .00000100  00000+0  10000-4 0  9999
2 33749  01.4200 120.0000 0010000  45.0000 315.0000 01.0027366400001
TELSTAR 11N
1 34111U 2009-009A   26245.00000000  .00000100  00000+0  10000-4 0  9999
2 34111  00.0600 120.0000 0010000  45.0000 315.0000 01.0027156900001
WGS F2 (USA 204)
1 34713U 2009-017A   26245.00000000  .00000100  00000+0  10000-4 0  9999
2 34713  00.0200 120.0000 0010000  45.0000 315.0000 01.0027156900001
SICRAL 1B
1 34810U 2009-020A   26245.00000000  .00000100  00000+0  10000-4 0  9999
2 34810  00.1000 120.0000 0010000  45.0000 315.0000 01.0027855200001
STSS ATRR (USA 205)
1 34903U 2009-023A   26245.00000000  .00000100  00000+0  10000-4 0  9999
2 34903  98.9300 120.0000 0010000  45.0000 315.0000 14.4144144100001
SES-7 (PROTOSTAR 2)
1 34941U 2009-027A   26245.00000000  .00000100  00000+0  10000-4 0  9999
2 34941  00.0500 120.0000 0010000  45.0000 315.0000 01.0027156900001
LRO
1 35315U 2009-031A   26245.00000000  .00000100  00000+0  10000-4 0  9999
2 35315  50.0000 120.0000 0010000  45.0000 315.0000 15.1578947400001
MEASAT-3A
1 35362U 2009-032A   26245.00000000  .00000100  00000+0  10000-4 0  9999
2 35362  00.0400 120.0000 0010000  45.0000 315.0000 01.0027296500001
FM-5
1 35493U 2009-034A   26245.00000000  .00000100  00000+0  10000-4 0  9999
2 35493  00.0500 120.0000 0010000  45.0000 315.0000 01.0027296500001
TERRESTAR-1
1 35496U 2009-035A   26245.00000000  .00000100  00000+0  10000-4 0  9999
2 35496  05.2100 120.0000 0010000  45.0000 315.0000 01.0027366400001
COSMOS 2451
1 35498U 2009-036A   26245.00000000  .00000100  00000+0  10000-4 0  9999
2 35498  82.4900 120.0000 0010000  45.0000 315.0000 12.4084446400001
COSMOS 2453
1 35500U 2009-036C   26245.00000000  .00000100  00000+0  10000-4 0  9999
2 35500  82.4900 120.0000 0010000  45.0000 315.0000 12.4148633500001
UK-DMC 2
1 35683U 2009-041C   26245.00000000  .00000100  00000+0  10000-4 0  9999
2 35683  97.8900 120.0000 0010000  45.0000 315.0000 14.7616606900001
APRIZESAT 4
1 35684U 2009-041D   26245.00000000  .00000100  00000+0  10000-4 0  9999
2 35684  98.1400 120.0000 0010000  45.0000 315.0000 14.8392415500001
NANOSAT 1B
1 35685U 2009-041E   26245.00000000  .00000100  00000+0  10000-4 0  9999
2 35685  98.1200 120.0000 0010000  45.0000 315.0000 14.9331121000001
APRIZESAT 3
1 35686U 2009-041F   26245.00000000  .00000100  00000+0  10000-4 0  9999
2 35686  98.2100 120.0000 0010000  45.0000 315.0000 14.9641483900001
ASIASAT 5
1 35696U 2009-042A   26245.00000000  .00000100  00000+0  10000-4 0  9999
2 35696  00.0200 120.0000 0010000  45.0000 315.0000 01.0027156900001
JCSAT-12 (JCSAT-RA)
1 35755U 2009-044A   26245.00000000  .00000100  00000+0  10000-4 0  9999
2 35755  00.0500 120.0000 0010000  45.0000 315.0000 01.0027226700001
OPTUS D3
1 35756U 2009-044B   26245.00000000  .00000100  00000+0  10000-4 0  9999
2 35756  00.8800 120.0000 0010000  45.0000 315.0000 01.0027296500001
USA 207
1 35815U 2009-047A   26245.00000000  .00000100  00000+0  10000-4 0  9999
2 35815  00.1000 120.0000 0010000  45.0000 315.0000 01.0027156900001
NIMIQ 5
1 35873U 2009-050A   26245.00000000  .00000100  00000+0  10000-4 0  9999
2 35873  00.0600 120.0000 0010000  45.0000 315.0000 01.0027296500001
SWISSCUBE
1 35932U 2009-051B   26245.00000000  .00000100  00000+0  10000-4 0  9999
2 35932  98.4000 120.0000 0010000  45.0000 315.0000 14.6252285200001
BEESAT-1
1 35933U 2009-051C   26245.00000000  .00000100  00000+0  10000-4 0  9999
2 35933  98.3900 120.0000 0010000  45.0000 315.0000 14.6178053000001
ITUPSAT1
1 35935U 2009-051E   26245.00000000  .00000100  00000+0  10000-4 0  9999
2 35935  98.4000 120.0000 0010000  45.0000 315.0000 14.6059438100001
AMAZONAS 2
1 35942U 2009-054A   26245.00000000  .00000100  00000+0  10000-4 0  9999
2 35942  01.9800 120.0000 0010000  45.0000 315.0000 01.0027226700001
COMSATBW-1
1 35943U 2009-054B   26245.00000000  .00000100  00000+0  10000-4 0  9999
2 35943  00.0500 120.0000 0010000  45.0000 315.0000 01.0027017200001
NSS-12
1 36032U 2009-058A   26245.00000000  .00000100  00000+0  10000-4 0  9999
2 36032  00.0600 120.0000 0010000  45.0000 315.0000 01.0027226700001
THOR 6
1 36033U 2009-058B   26245.00000000  .00000100  00000+0  10000-4 0  9999
2 36033  00.0400 120.0000 0010000  45.0000 315.0000 01.0027296500001
PROBA-2
1 36037U 2009-059B   26245.00000000  .00000100  00000+0  10000-4 0  9999
2 36037  98.2500 120.0000 0010000  45.0000 315.0000 14.5483936100001
SJ-11-01
1 36088U 2009-061A   26245.00000000  .00000100  00000+0  10000-4 0  9999
2 36088  98.0100 120.0000 0010000  45.0000 315.0000 14.6371213700001
COSMOS 2455
1 36095U 2009-063A   26245.00000000  .00000100  00000+0  10000-4 0  9999
2 36095  67.1500 120.0000 0010000  45.0000 315.0000 13.9710876100001
INTELSAT 14 (IS-14)
1 36097U 2009-064A   26245.00000000  .00000100  00000+0  10000-4 0  9999
2 36097  00.0800 120.0000 0010000  45.0000 315.0000 01.0027226700001
EUTELSAT 36B
1 36101U 2009-065A   26245.00000000  .00000100  00000+0  10000-4 0  9999
2 36101  00.6500 120.0000 0010000  45.0000 315.0000 01.0027366400001
IGS 5A
1 36104U 2009-066A   26245.00000000  .00000100  00000+0  10000-4 0  9999
2 36104  50.0000 120.0000 0010000  45.0000 315.0000 15.1578947400001
INTELSAT 15 (IS-15)
1 36106U 2009-067A   26245.00000000  .00000100  00000+0  10000-4 0  9999
2 36106  00.0100 120.0000 0010000  45.0000 315.0000 01.0027226700001
WGS F3 (USA 211)
1 36108U 2009-068A   26245.00000000  .00000100  00000+0  10000-4 0  9999
2 36108  00.3300 120.0000 0010000  45.0000 315.0000 01.0026947400001
YAOGAN-8
1 36121U 2009-072A   26245.00000000  .00000100  00000+0  10000-4 0  9999
2 36121  100.2100 120.0000 0010000  45.0000 315.0000 13.0505709600001
DIRECTV 12
1 36131U 2009-075A   26245.00000000  .00000100  00000+0  10000-4 0  9999
2 36131  50.0000 120.0000 0010000  45.0000 315.0000 01.0027226700001
INTELSAT 16 (IS-16)
1 36397U 2010-006A   26245.00000000  .00000100  00000+0  10000-4 0  9999
2 36397  00.0100 120.0000 0010000  45.0000 315.0000 01.0027226700001
YAOGAN-9 01A
1 36413U 2010-009A   26245.00000000  .00000100  00000+0  10000-4 0  9999
2 36413  63.3600 120.0000 0010000  45.0000 315.0000 13.4566862900001
YAOGAN-9 01B
1 36414U 2010-009B   26245.00000000  .00000100  00000+0  10000-4 0  9999
2 36414  63.3600 120.0000 0010000  45.0000 315.0000 13.4566862900001
YAOGAN-9 01C
1 36415U 2010-009C   26245.00000000  .00000100  00000+0  10000-4 0  9999
2 36415  63.3600 120.0000 0010000  45.0000 315.0000 13.4566862900001
ECHOSTAR 14
1 36499U 2010-010A   26245.00000000  .00000100  00000+0  10000-4 0  9999
2 36499  00.0600 120.0000 0010000  45.0000 315.0000 01.0027296500001
SES-1
1 36516U 2010-016A   26245.00000000  .00000100  00000+0  10000-4 0  9999
2 36516  00.0600 120.0000 0010000  45.0000 315.0000 01.0027226700001
COSMOS 2463
1 36519U 2010-017A   26245.00000000  .00000100  00000+0  10000-4 0  9999
2 36519  82.9600 120.0000 0010000  45.0000 315.0000 13.7168984600001
IKAROS
1 36577U 2010-020E   26245.00000000  .00000100  00000+0  10000-4 0  9999
2 36577  50.0000 120.0000 0010000  45.0000 315.0000 15.1578947400001
ASTRA 3B
1 36581U 2010-021A   26245.00000000  .00000100  00000+0  10000-4 0  9999
2 36581  01.6300 120.0000 0010000  45.0000 315.0000 01.0027436200001
COMSATBW-2
1 36582U 2010-021B   26245.00000000  .00000100  00000+0  10000-4 0  9999
2 36582  00.0200 120.0000 0010000  45.0000 315.0000 01.0027436200001
SERVIS 2
1 36588U 2010-023A   26245.00000000  .00000100  00000+0  10000-4 0  9999
2 36588  100.4300 120.0000 0010000  45.0000 315.0000 13.1602997600001
BADR-5
1 36592U 2010-025A   26245.00000000  .00000100  00000+0  10000-4 0  9999
2 36592  00.0300 120.0000 0010000  45.0000 315.0000 01.0026877600001
SJ-12
1 36596U 2010-027A   26245.00000000  .00000100  00000+0  10000-4 0  9999
2 36596  97.7600 120.0000 0010000  45.0000 315.0000 15.1722684600001
OFEQ 9
1 36608U 2010-031A   26245.00000000  .00000100  00000+0  10000-4 0  9999
2 36608  141.8000 120.0000 0010000  45.0000 315.0000 15.1738672300001
COMS 1
1 36744U 2010-032A   26245.00000000  .00000100  00000+0  10000-4 0  9999
2 36744  04.9700 120.0000 0010000  45.0000 315.0000 00.9917082200001
ARABSAT-5A
1 36745U 2010-032B   26245.00000000  .00000100  00000+0  10000-4 0  9999
2 36745  00.2000 120.0000 0010000  45.0000 315.0000 01.0027226700001
ECHOSTAR 15
1 36792U 2010-034A   26245.00000000  .00000100  00000+0  10000-4 0  9999
2 36792  00.0600 120.0000 0010000  45.0000 315.0000 01.0027296500001
ALSAT-2A
1 36798U 2010-035D   26245.00000000  .00000100  00000+0  10000-4 0  9999
2 36798  97.7700 120.0000 0010000  45.0000 315.0000 14.7450337900001
TISAT 1
1 36799U 2010-035E   26245.00000000  .00000100  00000+0  10000-4 0  9999
2 36799  98.0700 120.0000 0010000  45.0000 315.0000 15.3403643300001
NILESAT 201
1 36830U 2010-037A   26245.00000000  .00000100  00000+0  10000-4 0  9999
2 36830  00.0200 120.0000 0010000  45.0000 315.0000 01.0027156900001
RASCOM-QAF 1R
1 36831U 2010-037B   26245.00000000  .00000100  00000+0  10000-4 0  9999
2 36831  00.0300 120.0000 0010000  45.0000 315.0000 01.0027296500001
AEHF-1 (USA 214)
1 36868U 2010-039A   26245.00000000  .00000100  00000+0  10000-4 0  9999
2 36868  08.3800 120.0000 0010000  45.0000 315.0000 01.0026668200001
COSMOS 2467
1 37152U 2010-043A   26245.00000000  .00000100  00000+0  10000-4 0  9999
2 37152  82.4600 120.0000 0010000  45.0000 315.0000 12.4298662100001
STRELA 3
1 37153U 2010-043B   26245.00000000  .00000100  00000+0  10000-4 0  9999
2 37153  82.4600 120.0000 0010000  45.0000 315.0000 12.4084446400001
COSMOS 2468 (RODNIK-S 3)
1 37154U 2010-043C   26245.00000000  .00000100  00000+0  10000-4 0  9999
2 37154  82.4600 120.0000 0010000  45.0000 315.0000 12.4373812400001
USA 215
1 37162U 2010-046A   26245.00000000  .00000100  00000+0  10000-4 0  9999
2 37162  123.0000 120.0000 0010000  45.0000 315.0000 13.4140661400001
YAOGAN-11
1 37165U 2010-047A   26245.00000000  .00000100  00000+0  10000-4 0  9999
2 37165  98.3800 120.0000 0010000  45.0000 315.0000 14.8209139600001
ZHEDA PIXING 1B
1 37166U 2010-047B   26245.00000000  .00000100  00000+0  10000-4 0  9999
2 37166  97.9600 120.0000 0010000  45.0000 315.0000 14.9145520500001
ZHEDA PIXING 1C
1 37167U 2010-047C   26245.00000000  .00000100  00000+0  10000-4 0  9999
2 37167  97.9800 120.0000 0010000  45.0000 315.0000 14.9114631900001
SBSS (USA 216)
1 37168U 2010-048A   26245.00000000  .00000100  00000+0  10000-4 0  9999
2 37168  97.7200 120.0000 0010000  45.0000 315.0000 15.1706700400001
SHIJIAN-6 04A (SJ-6 04A)
1 37179U 2010-051A   26245.00000000  .00000100  00000+0  10000-4 0  9999
2 37179  97.8300 120.0000 0010000  45.0000 315.0000 15.1866694800001
SHIJIAN-6 04B (SJ-6 04B)
1 37180U 2010-051B   26245.00000000  .00000100  00000+0  10000-4 0  9999
2 37180  97.8700 120.0000 0010000  45.0000 315.0000 14.9937526000001
XM-5
1 37185U 2010-053A   26245.00000000  .00000100  00000+0  10000-4 0  9999
2 37185  00.0700 120.0000 0010000  45.0000 315.0000 01.0027436200001
GLOBALSTAR M079
1 37188U 2010-054A   26245.00000000  .00000100  00000+0  10000-4 0  9999
2 37188  52.0000 120.0000 0010000  45.0000 315.0000 12.6227209000001
GLOBALSTAR M074
1 37189U 2010-054B   26245.00000000  .00000100  00000+0  10000-4 0  9999
2 37189  52.0000 120.0000 0010000  45.0000 315.0000 12.6227209000001
GLOBALSTAR M076
1 37190U 2010-054C   26245.00000000  .00000100  00000+0  10000-4 0  9999
2 37190  52.0000 120.0000 0010000  45.0000 315.0000 12.6227209000001
GLOBALSTAR M077
1 37191U 2010-054D   26245.00000000  .00000100  00000+0  10000-4 0  9999
2 37191  52.0000 120.0000 0010000  45.0000 315.0000 11.6750445900001
GLOBALSTAR M075
1 37192U 2010-054E   26245.00000000  .00000100  00000+0  10000-4 0  9999
2 37192  52.0000 120.0000 0010000  45.0000 315.0000 12.6227209000001
GLOBALSTAR M073
1 37193U 2010-054F   26245.00000000  .00000100  00000+0  10000-4 0  9999
2 37193  52.0000 120.0000 0010000  45.0000 315.0000 12.6227209000001
BSAT-3B
1 37207U 2010-056B   26245.00000000  .00000100  00000+0  10000-4 0  9999
2 37207  00.1000 120.0000 0010000  45.0000 315.0000 01.0027087100001
SKYTERRA 1
1 37218U 2010-061A   26245.00000000  .00000100  00000+0  10000-4 0  9999
2 37218  05.2600 120.0000 0010000  45.0000 315.0000 01.0027296500001
STPSAT-2 (USA 217)
1 37222U 2010-062A   26245.00000000  .00000100  00000+0  10000-4 0  9999
2 37222  71.9700 120.0000 0010000  45.0000 315.0000 14.8209139600001
O/OREOS (USA 219)
1 37224U 2010-062C   26245.00000000  .00000100  00000+0  10000-4 0  9999
2 37224  71.9700 120.0000 0010000  45.0000 315.0000 14.9393090600001
FASTSAT-HSV01 (USA 220)
1 37225U 2010-062D   26245.00000000  .00000100  00000+0  10000-4 0  9999
2 37225  71.9700 120.0000 0010000  45.0000 315.0000 14.8224395300001
USA 223
1 37232U 2010-063A   26245.00000000  .00000100  00000+0  10000-4 0  9999
2 37232  09.2100 120.0000 0010000  45.0000 315.0000 01.0027226700001
HYLAS 1
1 37237U 2010-065A   26245.00000000  .00000100  00000+0  10000-4 0  9999
2 37237  05.8000 120.0000 0010000  45.0000 315.0000 01.0065214200001
INTELSAT 17 (IS-17)
1 37238U 2010-065B   26245.00000000  .00000100  00000+0  10000-4 0  9999
2 37238  00.0100 120.0000 0010000  45.0000 315.0000 01.0027156900001
EUTELSAT KA-SAT 9A
1 37258U 2010-069A   26245.00000000  .00000100  00000+0  10000-4 0  9999
2 37258  00.0700 120.0000 0010000  45.0000 315.0000 01.0027017200001
HISPASAT 30W-5
1 37264U 2010-070A   26245.00000000  .00000100  00000+0  10000-4 0  9999
2 37264  00.0200 120.0000 0010000  45.0000 315.0000 01.0027436200001
KOREASAT 6
1 37265U 2010-070B   26245.00000000  .00000100  00000+0  10000-4 0  9999
2 37265  00.0300 120.0000 0010000  45.0000 315.0000 01.0027156900001
USA 224
1 37348U 2011-002A   26245.00000000  .00000100  00000+0  10000-4 0  9999
2 37348  97.9400 120.0000 0010000  45.0000 315.0000 14.8914167500001
USA 225
1 37364U 2011-006A   26245.00000000  .00000100  00000+0  10000-4 0  9999
2 37364  90.1800 120.0000 0010000  45.0000 315.0000 13.1171433800001
USA 227
1 37377U 2011-011A   26245.00000000  .00000100  00000+0  10000-4 0  9999
2 37377  05.5900 120.0000 0010000  45.0000 315.0000 00.9888276200001
USA 229
1 37386U 2011-014A   26245.00000000  .00000100  00000+0  10000-4 0  9999
2 37386  63.4300 120.0000 0010000  45.0000 315.0000 13.4103185000001
YOUTHSAT
1 37388U 2011-015B   26245.00000000  .00000100  00000+0  10000-4 0  9999
2 37388  98.3800 120.0000 0010000  45.0000 315.0000 14.2560142600001
INTELSAT 28 (IS-28)
1 37392U 2011-016A   26245.00000000  .00000100  00000+0  10000-4 0  9999
2 37392  01.9700 120.0000 0010000  45.0000 315.0000 01.0027296500001
YAHSAT 1A
1 37393U 2011-016B   26245.00000000  .00000100  00000+0  10000-4 0  9999
2 37393  00.0100 120.0000 0010000  45.0000 315.0000 01.0027226700001
SBIRS GEO-1 (USA 230)
1 37481U 2011-019A   26245.00000000  .00000100  00000+0  10000-4 0  9999
2 37481  04.6800 120.0000 0010000  45.0000 315.0000 01.0027226700001
ST-2
1 37606U 2011-022B   26245.00000000  .00000100  00000+0  10000-4 0  9999
2 37606  00.0200 120.0000 0010000  45.0000 315.0000 01.0027366400001
ZHONGXING-10
1 37677U 2011-026A   26245.00000000  .00000100  00000+0  10000-4 0  9999
2 37677  01.2100 120.0000 0010000  45.0000 315.0000 01.0027296500001
SJ-11-03
1 37730U 2011-030A   26245.00000000  .00000100  00000+0  10000-4 0  9999
2 37730  97.9400 120.0000 0010000  45.0000 315.0000 14.6445642200001
GLOBALSTAR M083
1 37739U 2011-033A   26245.00000000  .00000100  00000+0  10000-4 0  9999
2 37739  51.9800 120.0000 0010000  45.0000 315.0000 12.6227209000001
GLOBALSTAR M088
1 37740U 2011-033B   26245.00000000  .00000100  00000+0  10000-4 0  9999
2 37740  52.0200 120.0000 0010000  45.0000 315.0000 12.6227209000001
GLOBALSTAR M091
1 37741U 2011-033C   26245.00000000  .00000100  00000+0  10000-4 0  9999
2 37741  52.0000 120.0000 0010000  45.0000 315.0000 12.6227209000001
GLOBALSTAR M085
1 37742U 2011-033D   26245.00000000  .00000100  00000+0  10000-4 0  9999
2 37742  52.0200 120.0000 0010000  45.0000 315.0000 12.6227209000001
GLOBALSTAR M081
1 37743U 2011-033E   26245.00000000  .00000100  00000+0  10000-4 0  9999
2 37743  52.0000 120.0000 0010000  45.0000 315.0000 12.6227209000001
GLOBALSTAR M089
1 37744U 2011-033F   26245.00000000  .00000100  00000+0  10000-4 0  9999
2 37744  51.9900 120.0000 0010000  45.0000 315.0000 12.6227209000001
SES-3
1 37748U 2011-035A   26245.00000000  .00000100  00000+0  10000-4 0  9999
2 37748  01.4900 120.0000 0010000  45.0000 315.0000 01.0027226700001
KAZSAT-2
1 37749U 2011-035B   26245.00000000  .00000100  00000+0  10000-4 0  9999
2 37749  00.0200 120.0000 0010000  45.0000 315.0000 01.0027506000001
SJ-11-02
1 37765U 2011-039A   26245.00000000  .00000100  00000+0  10000-4 0  9999
2 37765  98.2500 120.0000 0010000  45.0000 315.0000 14.6460537000001
JUNO
1 37773U 2011-040A   26245.00000000  .00000100  00000+0  10000-4 0  9999
2 37773  50.0000 120.0000 0010000  45.0000 315.0000 15.1578947400001
ASTRA 1N
1 37775U 2011-041A   26245.00000000  .00000100  00000+0  10000-4 0  9999
2 37775  00.0700 120.0000 0010000  45.0000 315.0000 01.0027017200001
PAKSAT-1R
1 37779U 2011-042A   26245.00000000  .00000100  00000+0  10000-4 0  9999
2 37779  00.8500 120.0000 0010000  45.0000 315.0000 00.9977619600001
NIGERIASAT-2
1 37789U 2011-044B   26245.00000000  .00000100  00000+0  10000-4 0  9999
2 37789  97.8800 120.0000 0010000  45.0000 315.0000 14.7058823500001
NIGERIASAT-X
1 37790U 2011-044C   26245.00000000  .00000100  00000+0  10000-4 0  9999
2 37790  97.8600 120.0000 0010000  45.0000 315.0000 14.6089073800001
APRIZESAT 5
1 37792U 2011-044E   26245.00000000  .00000100  00000+0  10000-4 0  9999
2 37792  98.2500 120.0000 0010000  45.0000 315.0000 14.8117671300001
APRIZESAT 6
1 37793U 2011-044F   26245.00000000  .00000100  00000+0  10000-4 0  9999
2 37793  98.2300 120.0000 0010000  45.0000 315.0000 14.7692307700001
SES-2
1 37809U 2011-049A   26245.00000000  .00000100  00000+0  10000-4 0  9999
2 37809  00.2200 120.0000 0010000  45.0000 315.0000 01.0027296500001
ARABSAT-5C
1 37810U 2011-049B   26245.00000000  .00000100  00000+0  10000-4 0  9999
2 37810  00.0500 120.0000 0010000  45.0000 315.0000 01.0026947400001
IGS 6A
1 37813U 2011-050A   26245.00000000  .00000100  00000+0  10000-4 0  9999
2 37813  50.0000 120.0000 0010000  45.0000 315.0000 15.1578947400001
EUTELSAT 7 WEST A
1 37816U 2011-051A   26245.00000000  .00000100  00000+0  10000-4 0  9999
2 37816  00.0600 120.0000 0010000  45.0000 315.0000 01.0027226700001
TACSAT 4
1 37818U 2011-052A   26245.00000000  .00000100  00000+0  10000-4 0  9999
2 37818  62.8400 120.0000 0010000  45.0000 315.0000 06.1570035900001
QUETZSAT 1
1 37826U 2011-054A   26245.00000000  .00000100  00000+0  10000-4 0  9999
2 37826  50.0000 120.0000 0010000  45.0000 315.0000 01.0027226700001
INTELSAT 18 (IS-18)
1 37834U 2011-056A   26245.00000000  .00000100  00000+0  10000-4 0  9999
2 37834  00.0400 120.0000 0010000  45.0000 315.0000 01.0027366400001
EUTELSAT 16A
1 37836U 2011-057A   26245.00000000  .00000100  00000+0  10000-4 0  9999
2 37836  00.0400 120.0000 0010000  45.0000 315.0000 01.0027226700001
JUGNU
1 37839U 2011-058B   26245.00000000  .00000100  00000+0  10000-4 0  9999
2 37839  19.9600 120.0000 0010000  45.0000 315.0000 14.1384388800001
YAOGAN-12
1 37875U 2011-066B   26245.00000000  .00000100  00000+0  10000-4 0  9999
2 37875  97.1100 120.0000 0010000  45.0000 315.0000 15.2720330900001
CHUANGXIN 1-03 (CX-1-03)
1 37930U 2011-068A   26245.00000000  .00000100  00000+0  10000-4 0  9999
2 37930  98.7000 120.0000 0010000  45.0000 315.0000 14.3055831500001
SHIYAN-4 (SY-4)
1 37931U 2011-068B   26245.00000000  .00000100  00000+0  10000-4 0  9999
2 37931  98.7000 120.0000 0010000  45.0000 315.0000 14.3112701300001
ASIASAT 7
1 37933U 2011-069A   26245.00000000  .00000100  00000+0  10000-4 0  9999
2 37933  00.0300 120.0000 0010000  45.0000 315.0000 01.0027506000001
IGS 7A
1 37954U 2011-075A   26245.00000000  .00000100  00000+0  10000-4 0  9999
2 37954  50.0000 120.0000 0010000  45.0000 315.0000 15.1578947400001
SSOT
1 38011U 2011-076E   26245.00000000  .00000100  00000+0  10000-4 0  9999
2 38011  97.8000 120.0000 0010000  45.0000 315.0000 14.8254916100001
NIGCOMSAT 1R
1 38014U 2011-077A   26245.00000000  .00000100  00000+0  10000-4 0  9999
2 38014  00.0500 120.0000 0010000  45.0000 315.0000 01.0026947400001
GLOBALSTAR M084
1 38040U 2011-080A   26245.00000000  .00000100  00000+0  10000-4 0  9999
2 38040  52.0000 120.0000 0010000  45.0000 315.0000 12.6227209000001
GLOBALSTAR M080
1 38041U 2011-080B   26245.00000000  .00000100  00000+0  10000-4 0  9999
2 38041  52.0000 120.0000 0010000  45.0000 315.0000 12.6227209000001
GLOBALSTAR M082
1 38042U 2011-080C   26245.00000000  .00000100  00000+0  10000-4 0  9999
2 38042  52.0100 120.0000 0010000  45.0000 315.0000 12.6227209000001
GLOBALSTAR M092
1 38043U 2011-080D   26245.00000000  .00000100  00000+0  10000-4 0  9999
2 38043  52.0100 120.0000 0010000  45.0000 315.0000 12.6227209000001
GLOBALSTAR M090
1 38044U 2011-080E   26245.00000000  .00000100  00000+0  10000-4 0  9999
2 38044  52.0100 120.0000 0010000  45.0000 315.0000 12.6227209000001
GLOBALSTAR M086
1 38045U 2011-080F   26245.00000000  .00000100  00000+0  10000-4 0  9999
2 38045  51.9900 120.0000 0010000  45.0000 315.0000 12.6227209000001
WGS F4 (USA 233)
1 38070U 2012-003A   26245.00000000  .00000100  00000+0  10000-4 0  9999
2 38070  00.0200 120.0000 0010000  45.0000 315.0000 01.0027087100001
LARES
1 38077U 2012-006A   26245.00000000  .00000100  00000+0  10000-4 0  9999
2 38077  69.4900 120.0000 0010000  45.0000 315.0000 12.5490196100001
SES-4
1 38087U 2012-007A   26245.00000000  .00000100  00000+0  10000-4 0  9999
2 38087  00.0200 120.0000 0010000  45.0000 315.0000 01.0027156900001
MUOS-1
1 38093U 2012-009A   26245.00000000  .00000100  00000+0  10000-4 0  9999
2 38093  05.6100 120.0000 0010000  45.0000 315.0000 01.0027296500001
INTELSAT 22 (IS-22)
1 38098U 2012-011A   26245.00000000  .00000100  00000+0  10000-4 0  9999
2 38098  00.0100 120.0000 0010000  45.0000 315.0000 01.0027226700001
APSTAR-7
1 38107U 2012-013A   26245.00000000  .00000100  00000+0  10000-4 0  9999
2 38107  00.0100 120.0000 0010000  45.0000 315.0000 01.0027226700001
USA 234
1 38109U 2012-014A   26245.00000000  .00000100  00000+0  10000-4 0  9999
2 38109  123.0000 120.0000 0010000  45.0000 315.0000 13.4140661400001
YAHSAT 1B
1 38245U 2012-016A   26245.00000000  .00000100  00000+0  10000-4 0  9999
2 38245  00.1000 120.0000 0010000  45.0000 315.0000 01.0027017200001
AEHF-2 (USA 235)
1 38254U 2012-019A   26245.00000000  .00000100  00000+0  10000-4 0  9999
2 38254  06.8000 120.0000 0010000  45.0000 315.0000 01.0027366400001
YAOGAN-14
1 38257U 2012-021A   26245.00000000  .00000100  00000+0  10000-4 0  9999
2 38257  97.3100 120.0000 0010000  45.0000 315.0000 15.2850015900001
JCSAT-13
1 38331U 2012-023A   26245.00000000  .00000100  00000+0  10000-4 0  9999
2 38331  00.0500 120.0000 0010000  45.0000 315.0000 01.0027087100001
VINASAT-2
1 38332U 2012-023B   26245.00000000  .00000100  00000+0  10000-4 0  9999
2 38332  00.0400 120.0000 0010000  45.0000 315.0000 01.0027017200001
SDS-4
1 38339U 2012-025C   26245.00000000  .00000100  00000+0  10000-4 0  9999
2 38339  98.1400 120.0000 0010000  45.0000 315.0000 14.7586348300001
NIMIQ 6
1 38342U 2012-026A   26245.00000000  .00000100  00000+0  10000-4 0  9999
2 38342  00.0500 120.0000 0010000  45.0000 315.0000 01.0027226700001
ZHONGXING-2A
1 38352U 2012-028A   26245.00000000  .00000100  00000+0  10000-4 0  9999
2 38352  01.6200 120.0000 0010000  45.0000 315.0000 01.0027156900001
YAOGAN-15
1 38354U 2012-029A   26245.00000000  .00000100  00000+0  10000-4 0  9999
2 38354  100.7300 120.0000 0010000  45.0000 315.0000 13.1843984600001
INTELSAT 19 (IS-19)
1 38356U 2012-030A   26245.00000000  .00000100  00000+0  10000-4 0  9999
2 38356  00.0200 120.0000 0010000  45.0000 315.0000 01.0027226700001
USA 236
1 38466U 2012-033A   26245.00000000  .00000100  00000+0  10000-4 0  9999
2 38466  07.8100 120.0000 0010000  45.0000 315.0000 01.0026947400001
USA 237
1 38528U 2012-034A   26245.00000000  .00000100  00000+0  10000-4 0  9999
2 38528  07.3100 120.0000 0010000  45.0000 315.0000 01.0027366400001
ECHOSTAR 17
1 38551U 2012-035A   26245.00000000  .00000100  00000+0  10000-4 0  9999
2 38551  00.0200 120.0000 0010000  45.0000 315.0000 01.0027156900001
MKA-PN 1
1 38711U 2012-039E   26245.00000000  .00000100  00000+0  10000-4 0  9999
2 38711  98.9800 120.0000 0010000  45.0000 315.0000 14.2546030500001
COSMOS 2481
1 38733U 2012-041A   26245.00000000  .00000100  00000+0  10000-4 0  9999
2 38733  82.4700 120.0000 0010000  45.0000 315.0000 12.4245038800001
GONETS-M 3
1 38734U 2012-041B   26245.00000000  .00000100  00000+0  10000-4 0  9999
2 38734  82.4800 120.0000 0010000  45.0000 315.0000 12.4492089600001
GONETS-M 4
1 38736U 2012-041D   26245.00000000  .00000100  00000+0  10000-4 0  9999
2 38736  82.4800 120.0000 0010000  45.0000 315.0000 12.4395300600001
INTELSAT 20 (IS-20)
1 38740U 2012-043A   26245.00000000  .00000100  00000+0  10000-4 0  9999
2 38740  00.0200 120.0000 0010000  45.0000 315.0000 01.0027087100001
HYLAS 2
1 38741U 2012-043B   26245.00000000  .00000100  00000+0  10000-4 0  9999
2 38741  02.5900 120.0000 0010000  45.0000 315.0000 01.0052987600001
INTELSAT 21 (IS-21)
1 38749U 2012-045A   26245.00000000  .00000100  00000+0  10000-4 0  9999
2 38749  00.0100 120.0000 0010000  45.0000 315.0000 01.0027226700001
USA 238
1 38758U 2012-048A   26245.00000000  .00000100  00000+0  10000-4 0  9999
2 38758  63.4200 120.0000 0010000  45.0000 315.0000 13.4103185000001
SMDC ONE 1.2
1 38759U 2012-048B   26245.00000000  .00000100  00000+0  10000-4 0  9999
2 38759  64.6600 120.0000 0010000  45.0000 315.0000 15.2203784000001
AENEAS
1 38760U 2012-048C   26245.00000000  .00000100  00000+0  10000-4 0  9999
2 38760  64.6400 120.0000 0010000  45.0000 315.0000 15.5473979700001
CINEMA
1 38764U 2012-048G   26245.00000000  .00000100  00000+0  10000-4 0  9999
2 38764  64.6400 120.0000 0010000  45.0000 315.0000 15.5222593500001
ASTRA 2F
1 38778U 2012-051A   26245.00000000  .00000100  00000+0  10000-4 0  9999
2 38778  00.1000 120.0000 0010000  45.0000 315.0000 01.0026947400001
VRSS-1
1 38782U 2012-052A   26245.00000000  .00000100  00000+0  10000-4 0  9999
2 38782  97.6200 120.0000 0010000  45.0000 315.0000 14.8011100800001
SJ-9A
1 38860U 2012-056A   26245.00000000  .00000100  00000+0  10000-4 0  9999
2 38860  97.6800 120.0000 0010000  45.0000 315.0000 14.8560817100001
SJ-9B
1 38861U 2012-056B   26245.00000000  .00000100  00000+0  10000-4 0  9999
2 38861  97.6000 120.0000 0010000  45.0000 315.0000 14.9145520500001
INTELSAT 23 (IS-23)
1 38867U 2012-057A   26245.00000000  .00000100  00000+0  10000-4 0  9999
2 38867  00.0400 120.0000 0010000  45.0000 315.0000 01.0026947400001
YAMAL 300K
1 38978U 2012-061B   26245.00000000  .00000100  00000+0  10000-4 0  9999
2 38978  00.0100 120.0000 0010000  45.0000 315.0000 01.0027017200001
STAR ONE C3
1 38991U 2012-062A   26245.00000000  .00000100  00000+0  10000-4 0  9999
2 38991  00.0100 120.0000 0010000  45.0000 315.0000 01.0027017200001
EUTELSAT 21B
1 38992U 2012-062B   26245.00000000  .00000100  00000+0  10000-4 0  9999
2 38992  00.0700 120.0000 0010000  45.0000 315.0000 01.0027156900001
ECHOSTAR 16
1 39008U 2012-065A   26245.00000000  .00000100  00000+0  10000-4 0  9999
2 39008  00.0100 120.0000 0010000  45.0000 315.0000 01.0027226700001
YAOGAN-16 01A
1 39011U 2012-066A   26245.00000000  .00000100  00000+0  10000-4 0  9999
2 39011  63.3500 120.0000 0010000  45.0000 315.0000 13.4554288900001
YAOGAN-16 01B
1 39012U 2012-066B   26245.00000000  .00000100  00000+0  10000-4 0  9999
2 39012  63.3500 120.0000 0010000  45.0000 315.0000 13.4554288900001
YAOGAN-16 01C
1 39013U 2012-066C   26245.00000000  .00000100  00000+0  10000-4 0  9999
2 39013  63.3500 120.0000 0010000  45.0000 315.0000 13.4554288900001
ZHONGXING-12
1 39017U 2012-067A   26245.00000000  .00000100  00000+0  10000-4 0  9999
2 39017  00.0200 120.0000 0010000  45.0000 315.0000 01.0027087100001
EUTELSAT 70B
1 39020U 2012-069A   26245.00000000  .00000100  00000+0  10000-4 0  9999
2 39020  00.0700 120.0000 0010000  45.0000 315.0000 01.0027087100001
YAMAL 402
1 39022U 2012-070A   26245.00000000  .00000100  00000+0  10000-4 0  9999
2 39022  01.4300 120.0000 0010000  45.0000 315.0000 01.0027087100001
SKYNET 5D
1 39034U 2012-075A   26245.00000000  .00000100  00000+0  10000-4 0  9999
2 39034  00.0700 120.0000 0010000  45.0000 315.0000 01.0027645700001
MEXSAT 3
1 39035U 2012-075B   26245.00000000  .00000100  00000+0  10000-4 0  9999
2 39035  00.0100 120.0000 0010000  45.0000 315.0000 01.0026877600001
COSMOS 2482 (RODNIK-S 4)
1 39057U 2013-001A   26245.00000000  .00000100  00000+0  10000-4 0  9999
2 39057  82.5000 120.0000 0010000  45.0000 315.0000 12.4298662100001
COSMOS 2483 (RODNIK-S 5)
1 39058U 2013-001B   26245.00000000  .00000100  00000+0  10000-4 0  9999
2 39058  82.5000 120.0000 0010000  45.0000 315.0000 12.4406047500001
COSMOS 2484 (RODNIK-S 6)
1 39059U 2013-001C   26245.00000000  .00000100  00000+0  10000-4 0  9999
2 39059  82.5000 120.0000 0010000  45.0000 315.0000 12.4298662100001
IGS 8A
1 39061U 2013-002A   26245.00000000  .00000100  00000+0  10000-4 0  9999
2 39061  97.5000 120.0000 0010000  45.0000 315.0000 15.1738672300001
TDRS 11
1 39070U 2013-004A   26245.00000000  .00000100  00000+0  10000-4 0  9999
2 39070  03.6200 120.0000 0010000  45.0000 315.0000 01.0027645700001
GLOBALSTAR M097
1 39072U 2013-005A   26245.00000000  .00000100  00000+0  10000-4 0  9999
2 39072  52.0100 120.0000 0010000  45.0000 315.0000 12.6227209000001
GLOBALSTAR M093
1 39073U 2013-005B   26245.00000000  .00000100  00000+0  10000-4 0  9999
2 39073  52.0100 120.0000 0010000  45.0000 315.0000 12.6227209000001
GLOBALSTAR M094
1 39074U 2013-005C   26245.00000000  .00000100  00000+0  10000-4 0  9999
2 39074  52.0000 120.0000 0010000  45.0000 315.0000 12.6227209000001
GLOBALSTAR M096
1 39075U 2013-005D   26245.00000000  .00000100  00000+0  10000-4 0  9999
2 39075  52.0100 120.0000 0010000  45.0000 315.0000 12.6227209000001
GLOBALSTAR M078
1 39076U 2013-005E   26245.00000000  .00000100  00000+0  10000-4 0  9999
2 39076  51.9900 120.0000 0010000  45.0000 315.0000 12.6227209000001
GLOBALSTAR M095
1 39077U 2013-005F   26245.00000000  .00000100  00000+0  10000-4 0  9999
2 39077  52.0100 120.0000 0010000  45.0000 315.0000 12.6227209000001
AMAZONAS 3
1 39078U 2013-006A   26245.00000000  .00000100  00000+0  10000-4 0  9999
2 39078  00.0600 120.0000 0010000  45.0000 315.0000 01.0027296500001
AZERSPACE 1
1 39079U 2013-006B   26245.00000000  .00000100  00000+0  10000-4 0  9999
2 39079  00.0300 120.0000 0010000  45.0000 315.0000 01.0027296500001
SAPPHIRE
1 39088U 2013-009C   26245.00000000  .00000100  00000+0  10000-4 0  9999
2 39088  98.4300 120.0000 0010000  45.0000 315.0000 14.3526363000001
STRAND-1
1 39090U 2013-009E   26245.00000000  .00000100  00000+0  10000-4 0  9999
2 39090  98.4000 120.0000 0010000  45.0000 315.0000 14.3712574900001
SBIRS GEO-2 (USA 241)
1 39120U 2013-011A   26245.00000000  .00000100  00000+0  10000-4 0  9999
2 39120  04.6200 120.0000 0010000  45.0000 315.0000 01.0027156900001
EUTELSAT 117 WEST A
1 39122U 2013-012A   26245.00000000  .00000100  00000+0  10000-4 0  9999
2 39122  00.0100 120.0000 0010000  45.0000 315.0000 01.0027366400001
ANIK G1
1 39127U 2013-014A   26245.00000000  .00000100  00000+0  10000-4 0  9999
2 39127  00.0500 120.0000 0010000  45.0000 315.0000 01.0027226700001
ZHONGXING-11
1 39157U 2013-020A   26245.00000000  .00000100  00000+0  10000-4 0  9999
2 39157  00.0100 120.0000 0010000  45.0000 315.0000 01.0027087100001
PROBA-V
1 39159U 2013-021A   26245.00000000  .00000100  00000+0  10000-4 0  9999
2 39159  98.3700 120.0000 0010000  45.0000 315.0000 14.2362827500001
EUTELSAT 7B
1 39163U 2013-022A   26245.00000000  .00000100  00000+0  10000-4 0  9999
2 39163  00.0700 120.0000 0010000  45.0000 315.0000 01.0027296500001
WGS F5 (USA 243)
1 39168U 2013-024A   26245.00000000  .00000100  00000+0  10000-4 0  9999
2 39168  00.0200 120.0000 0010000  45.0000 315.0000 01.0027156900001
SES-6
1 39172U 2013-026A   26245.00000000  .00000100  00000+0  10000-4 0  9999
2 39172  00.0600 120.0000 0010000  45.0000 315.0000 01.0027436200001
COSMOS 2486
1 39177U 2013-028A   26245.00000000  .00000100  00000+0  10000-4 0  9999
2 39177  98.0200 120.0000 0010000  45.0000 315.0000 14.5616341400001
O3B FM5
1 39188U 2013-031A   26245.00000000  .00000100  00000+0  10000-4 0  9999
2 39188  00.0900 120.0000 0010000  45.0000 315.0000 05.0012155700001
O3B FM4
1 39189U 2013-031B   26245.00000000  .00000100  00000+0  10000-4 0  9999
2 39189  00.0400 120.0000 0010000  45.0000 315.0000 05.0012155700001
O3B FM2
1 39190U 2013-031C   26245.00000000  .00000100  00000+0  10000-4 0  9999
2 39190  00.0300 120.0000 0010000  45.0000 315.0000 05.0012155700001
O3B PFM
1 39191U 2013-031D   26245.00000000  .00000100  00000+0  10000-4 0  9999
2 39191  00.0600 120.0000 0010000  45.0000 315.0000 05.0012155700001
SJ-11-05
1 39202U 2013-035A   26245.00000000  .00000100  00000+0  10000-4 0  9999
2 39202  98.2900 120.0000 0010000  45.0000 315.0000 14.6490335700001
MUOS-2
1 39206U 2013-036A   26245.00000000  .00000100  00000+0  10000-4 0  9999
2 39206  05.1200 120.0000 0010000  45.0000 315.0000 01.0027296500001
SHIYAN-7 (SY-7)
1 39208U 2013-037A   26245.00000000  .00000100  00000+0  10000-4 0  9999
2 39208  98.0900 120.0000 0010000  45.0000 315.0000 14.7239263800001
CHUANGXIN-3 (CX-3)
1 39209U 2013-037B   26245.00000000  .00000100  00000+0  10000-4 0  9999
2 39209  98.0800 120.0000 0010000  45.0000 315.0000 14.7465437800001
SHIJIAN-15 (SJ-15)
1 39210U 2013-037C   26245.00000000  .00000100  00000+0  10000-4 0  9999
2 39210  98.1100 120.0000 0010000  45.0000 315.0000 14.7164026600001
ALPHASAT
1 39215U 2013-038A   26245.00000000  .00000100  00000+0  10000-4 0  9999
2 39215  03.0000 120.0000 0010000  45.0000 315.0000 01.0027156900001
WGS F6 (USA 244)
1 39222U 2013-041A   26245.00000000  .00000100  00000+0  10000-4 0  9999
2 39222  00.0100 120.0000 0010000  45.0000 315.0000 01.0027296500001
USA 245
1 39232U 2013-043A   26245.00000000  .00000100  00000+0  10000-4 0  9999
2 39232  97.8800 120.0000 0010000  45.0000 315.0000 14.8315995500001
ES'HAIL 1
1 39233U 2013-044A   26245.00000000  .00000100  00000+0  10000-4 0  9999
2 39233  00.0500 120.0000 0010000  45.0000 315.0000 01.0027436200001
GSAT-7
1 39234U 2013-044B   26245.00000000  .00000100  00000+0  10000-4 0  9999
2 39234  00.2400 120.0000 0010000  45.0000 315.0000 01.0027226700001
AMOS-4
1 39237U 2013-045A   26245.00000000  .00000100  00000+0  10000-4 0  9999
2 39237  00.0200 120.0000 0010000  45.0000 315.0000 01.0027156900001
YAOGAN-17 01A
1 39239U 2013-046A   26245.00000000  .00000100  00000+0  10000-4 0  9999
2 39239  63.3900 120.0000 0010000  45.0000 315.0000 13.4554288900001
YAOGAN-17 01B
1 39240U 2013-046B   26245.00000000  .00000100  00000+0  10000-4 0  9999
2 39240  63.3900 120.0000 0010000  45.0000 315.0000 13.4541717300001
YAOGAN-17 01C
1 39241U 2013-046C   26245.00000000  .00000100  00000+0  10000-4 0  9999
2 39241  63.3900 120.0000 0010000  45.0000 315.0000 13.4554288900001
GONETS-M 5
1 39249U 2013-048A   26245.00000000  .00000100  00000+0  10000-4 0  9999
2 39249  82.4800 120.0000 0010000  45.0000 315.0000 12.4287933700001
GONETS-M 6
1 39250U 2013-048B   26245.00000000  .00000100  00000+0  10000-4 0  9999
2 39250  82.4900 120.0000 0010000  45.0000 315.0000 12.4298662100001
GONETS-M 7
1 39251U 2013-048C   26245.00000000  .00000100  00000+0  10000-4 0  9999
2 39251  82.4900 120.0000 0010000  45.0000 315.0000 12.4287933700001
AEHF-3 (USA 246)
1 39256U 2013-050A   26245.00000000  .00000100  00000+0  10000-4 0  9999
2 39256  05.4500 120.0000 0010000  45.0000 315.0000 01.0027156900001
POPACS 2
1 39269U 2013-055E   26245.00000000  .00000100  00000+0  10000-4 0  9999
2 39269  80.9900 120.0000 0010000  45.0000 315.0000 14.9331121000001
POPACS 3
1 39270U 2013-055F   26245.00000000  .00000100  00000+0  10000-4 0  9999
2 39270  81.0000 120.0000 0010000  45.0000 315.0000 14.5719490000001
ASTRA 2E
1 39285U 2013-056A   26245.00000000  .00000100  00000+0  10000-4 0  9999
2 39285  00.0900 120.0000 0010000  45.0000 315.0000 01.0027296500001
FM-6
1 39360U 2013-058A   26245.00000000  .00000100  00000+0  10000-4 0  9999
2 39360  00.0100 120.0000 0010000  45.0000 315.0000 01.0027087100001
RADUGA-1M 3
1 39375U 2013-062A   26245.00000000  .00000100  00000+0  10000-4 0  9999
2 39375  06.1200 120.0000 0010000  45.0000 315.0000 01.0027226700001
YAOGAN-19
1 39410U 2013-065A   26245.00000000  .00000100  00000+0  10000-4 0  9999
2 39410  100.1200 120.0000 0010000  45.0000 315.0000 13.1554905900001
APRIZESAT 7
1 39416U 2013-066A   26245.00000000  .00000100  00000+0  10000-4 0  9999
2 39416  97.7800 120.0000 0010000  45.0000 315.0000 14.9176421800001
ZACUBE-1 (TSHEPISOSAT)
1 39417U 2013-066B   26245.00000000  .00000100  00000+0  10000-4 0  9999
2 39417  97.8000 120.0000 0010000  45.0000 315.0000 15.0156412900001
OPTOS
1 39420U 2013-066E   26245.00000000  .00000100  00000+0  10000-4 0  9999
2 39420  97.6700 120.0000 0010000  45.0000 315.0000 14.7239263800001
WNISAT-1
1 39423U 2013-066H   26245.00000000  .00000100  00000+0  10000-4 0  9999
2 39423  97.7300 120.0000 0010000  45.0000 315.0000 14.5822784800001
APRIZESAT 8
1 39425U 2013-066K   26245.00000000  .00000100  00000+0  10000-4 0  9999
2 39425  97.8300 120.0000 0010000  45.0000 315.0000 14.8775700000001
TRITON-1
1 39427U 2013-066M   26245.00000000  .00000100  00000+0  10000-4 0  9999
2 39427  97.8200 120.0000 0010000  45.0000 315.0000 14.8193887000001
GOMX-1
1 39430U 2013-066Q   26245.00000000  .00000100  00000+0  10000-4 0  9999
2 39430  97.6500 120.0000 0010000  45.0000 315.0000 14.6968769100001
CUBEBUG-2 (LO-74)
1 39440U 2013-066AA   26245.00000000  .00000100  00000+0  10000-4 0  9999
2 39440  97.8900 120.0000 0010000  45.0000 315.0000 14.9408591000001
NEE-02 KRYSAOR
1 39441U 2013-066AB   26245.00000000  .00000100  00000+0  10000-4 0  9999
2 39441  97.8900 120.0000 0010000  45.0000 315.0000 14.8683531200001
FUNCUBE-1 (AO-73)
1 39444U 2013-066AE   26245.00000000  .00000100  00000+0  10000-4 0  9999
2 39444  97.8300 120.0000 0010000  45.0000 315.0000 15.1022548500001
UWE-3
1 39446U 2013-066AG   26245.00000000  .00000100  00000+0  10000-4 0  9999
2 39446  97.8800 120.0000 0010000  45.0000 315.0000 14.9734844500001
SHIYAN-5 (SY-5)
1 39455U 2013-068A   26245.00000000  .00000100  00000+0  10000-4 0  9999
2 39455  98.0600 120.0000 0010000  45.0000 315.0000 14.4375376000001
SES-8
1 39460U 2013-071A   26245.00000000  .00000100  00000+0  10000-4 0  9999
2 39460  00.0600 120.0000 0010000  45.0000 315.0000 01.0027296500001
USA 247
1 39462U 2013-072A   26245.00000000  .00000100  00000+0  10000-4 0  9999
2 39462  123.0000 120.0000 0010000  45.0000 315.0000 13.4140661400001
ALICE
1 39467U 2013-072F   26245.00000000  .00000100  00000+0  10000-4 0  9999
2 39467  120.4600 120.0000 0010000  45.0000 315.0000 15.0975047200001
SMDC ONE 2.4
1 39469U 2013-072H   26245.00000000  .00000100  00000+0  10000-4 0  9999
2 39469  120.4900 120.0000 0010000  45.0000 315.0000 15.1994933500001
TACSAT 6
1 39473U 2013-072M   26245.00000000  .00000100  00000+0  10000-4 0  9999
2 39473  120.4600 120.0000 0010000  45.0000 315.0000 15.8468141300001
SMDC ONE 2.3
1 39474U 2013-072N   26245.00000000  .00000100  00000+0  10000-4 0  9999
2 39474  120.4400 120.0000 0010000  45.0000 315.0000 15.8730158700001
INMARSAT 5-F1
1 39476U 2013-073A   26245.00000000  .00000100  00000+0  10000-4 0  9999
2 39476  00.0200 120.0000 0010000  45.0000 315.0000 01.0027226700001
TKSAT-1 (TUPAC KATARI)
1 39481U 2013-075A   26245.00000000  .00000100  00000+0  10000-4 0  9999
2 39481  00.0100 120.0000 0010000  45.0000 315.0000 01.0027366400001
COSMOS 2488 (RODNIK-S 7)
1 39483U 2013-076A   26245.00000000  .00000100  00000+0  10000-4 0  9999
2 39483  82.4900 120.0000 0010000  45.0000 315.0000 12.4287933700001
COSMOS 2489 (RODNIK-S 8)
1 39484U 2013-076B   26245.00000000  .00000100  00000+0  10000-4 0  9999
2 39484  82.4900 120.0000 0010000  45.0000 315.0000 12.4287933700001
COSMOS 2490 (RODNIK-S 9)
1 39485U 2013-076C   26245.00000000  .00000100  00000+0  10000-4 0  9999
2 39485  82.4800 120.0000 0010000  45.0000 315.0000 12.4287933700001
EXPRESS-AM5
1 39487U 2013-077A   26245.00000000  .00000100  00000+0  10000-4 0  9999
2 39487  00.0300 120.0000 0010000  45.0000 315.0000 01.0027226700001
COSMOS 2493 (SKRL-756 1)
1 39490U 2013-078A   26245.00000000  .00000100  00000+0  10000-4 0  9999
2 39490  82.4100 120.0000 0010000  45.0000 315.0000 15.0250417400001
COSMOS 2494 (SKRL-756 2)
1 39491U 2013-078B   26245.00000000  .00000100  00000+0  10000-4 0  9999
2 39491  82.4100 120.0000 0010000  45.0000 315.0000 15.0517403600001
GSAT-14
1 39498U 2014-001A   26245.00000000  .00000100  00000+0  10000-4 0  9999
2 39498  00.0100 120.0000 0010000  45.0000 315.0000 01.0027226700001
THAICOM 6
1 39500U 2014-002A   26245.00000000  .00000100  00000+0  10000-4 0  9999
2 39500  00.0300 120.0000 0010000  45.0000 315.0000 01.0027296500001
TDRS 12
1 39504U 2014-004A   26245.00000000  .00000100  00000+0  10000-4 0  9999
2 39504  04.0400 120.0000 0010000  45.0000 315.0000 01.0027855200001
ATHENA-FIDUS
1 39509U 2014-006B   26245.00000000  .00000100  00000+0  10000-4 0  9999
2 39509  00.0100 120.0000 0010000  45.0000 315.0000 01.0027436200001
TURKSAT 4A
1 39522U 2014-007A   26245.00000000  .00000100  00000+0  10000-4 0  9999
2 39522  00.0700 120.0000 0010000  45.0000 315.0000 01.0027296500001
EXPRESS-AT2
1 39613U 2014-010B   26245.00000000  .00000100  00000+0  10000-4 0  9999
2 39613  00.0100 120.0000 0010000  45.0000 315.0000 01.0027296500001
SJ-11-06
1 39624U 2014-014A   26245.00000000  .00000100  00000+0  10000-4 0  9999
2 39624  97.9500 120.0000 0010000  45.0000 315.0000 14.6192893400001
USA 250
1 39652U 2014-020A   26245.00000000  .00000100  00000+0  10000-4 0  9999
2 39652  05.2000 120.0000 0010000  45.0000 315.0000 01.0027156900001
KAZSAT-3
1 39728U 2014-023B   26245.00000000  .00000100  00000+0  10000-4 0  9999
2 39728  00.0200 120.0000 0010000  45.0000 315.0000 01.0026877600001
USA 252
1 39751U 2014-027A   26245.00000000  .00000100  00000+0  10000-4 0  9999
2 39751  05.8100 120.0000 0010000  45.0000 315.0000 01.0027156900001
COSMOS 2496 (RODNIK-S 10)
1 39761U 2014-028A   26245.00000000  .00000100  00000+0  10000-4 0  9999
2 39761  82.4400 120.0000 0010000  45.0000 315.0000 12.4287933700001
COSMOS 2497 (RODNIK-S 11)
1 39762U 2014-028B   26245.00000000  .00000100  00000+0  10000-4 0  9999
2 39762  82.4500 120.0000 0010000  45.0000 315.0000 12.4287933700001
COSMOS 2498 (RODNIK-S 12)
1 39763U 2014-028C   26245.00000000  .00000100  00000+0  10000-4 0  9999
2 39763  82.4400 120.0000 0010000  45.0000 315.0000 12.4298662100001
UNIFORM 1
1 39767U 2014-029B   26245.00000000  .00000100  00000+0  10000-4 0  9999
2 39767  97.8100 120.0000 0010000  45.0000 315.0000 14.9610389600001
SOCRATES
1 39768U 2014-029C   26245.00000000  .00000100  00000+0  10000-4 0  9999
2 39768  97.9100 120.0000 0010000  45.0000 315.0000 14.9501661100001
RISING 2
1 39769U 2014-029D   26245.00000000  .00000100  00000+0  10000-4 0  9999
2 39769  97.6500 120.0000 0010000  45.0000 315.0000 14.9906308600001
EUTELSAT 3B
1 39773U 2014-030A   26245.00000000  .00000100  00000+0  10000-4 0  9999
2 39773  00.0600 120.0000 0010000  45.0000 315.0000 01.0027087100001
UNISAT-6
1 40012U 2014-033C   26245.00000000  .00000100  00000+0  10000-4 0  9999
2 40012  97.8000 120.0000 0010000  45.0000 315.0000 14.8852594600001
BUGSAT-1 (TITA)
1 40014U 2014-033E   26245.00000000  .00000100  00000+0  10000-4 0  9999
2 40014  98.0400 120.0000 0010000  45.0000 315.0000 15.1610865400001
SAUDISAT 4
1 40016U 2014-033G   26245.00000000  .00000100  00000+0  10000-4 0  9999
2 40016  97.7700 120.0000 0010000  45.0000 315.0000 14.7965474700001
APRIZESAT 9
1 40018U 2014-033J   26245.00000000  .00000100  00000+0  10000-4 0  9999
2 40018  97.9100 120.0000 0010000  45.0000 315.0000 14.7435241100001
APRIZESAT 10
1 40019U 2014-033K   26245.00000000  .00000100  00000+0  10000-4 0  9999
2 40019  97.9700 120.0000 0010000  45.0000 315.0000 14.7088866200001
DUCHIFAT-1
1 40021U 2014-033M   26245.00000000  .00000100  00000+0  10000-4 0  9999
2 40021  98.0300 120.0000 0010000  45.0000 315.0000 15.8398416000001
NANOSATC-BR1
1 40024U 2014-033Q   26245.00000000  .00000100  00000+0  10000-4 0  9999
2 40024  98.0700 120.0000 0010000  45.0000 315.0000 15.3338302600001
QB50P1
1 40025U 2014-033R   26245.00000000  .00000100  00000+0  10000-4 0  9999
2 40025  98.1000 120.0000 0010000  45.0000 315.0000 15.1914758900001
DTUSAT-2
1 40030U 2014-033W   26245.00000000  .00000100  00000+0  10000-4 0  9999
2 40030  98.0900 120.0000 0010000  45.0000 315.0000 15.1578947400001
QB50P2
1 40032U 2014-033Y   26245.00000000  .00000100  00000+0  10000-4 0  9999
2 40032  98.0800 120.0000 0010000  45.0000 315.0000 15.1594904700001
PERSEUS-M2
1 40037U 2014-033AD   26245.00000000  .00000100  00000+0  10000-4 0  9999
2 40037  98.0000 120.0000 0010000  45.0000 315.0000 14.9563772300001
PERSEUS-M1
1 40039U 2014-033AF   26245.00000000  .00000100  00000+0  10000-4 0  9999
2 40039  97.9700 120.0000 0010000  45.0000 315.0000 14.9579308200001
POLYITAN-1
1 40042U 2014-033AJ   26245.00000000  .00000100  00000+0  10000-4 0  9999
2 40042  98.0900 120.0000 0010000  45.0000 315.0000 15.3534492000001
TIGRISAT
1 40043U 2014-033AK   26245.00000000  .00000100  00000+0  10000-4 0  9999
2 40043  97.7900 120.0000 0010000  45.0000 315.0000 14.8530170200001
LEMUR-1
1 40044U 2014-033AL   26245.00000000  .00000100  00000+0  10000-4 0  9999
2 40044  97.8000 120.0000 0010000  45.0000 315.0000 14.8545492100001
AEROCUBE 6A
1 40045U 2014-033AM   26245.00000000  .00000100  00000+0  10000-4 0  9999
2 40045  97.7300 120.0000 0010000  45.0000 315.0000 14.9859506700001
AEROCUBE 6B
1 40046U 2014-033AN   26245.00000000  .00000100  00000+0  10000-4 0  9999
2 40046  97.7300 120.0000 0010000  45.0000 315.0000 15.0015626600001
CANX-4
1 40055U 2014-034C   26245.00000000  .00000100  00000+0  10000-4 0  9999
2 40055  98.3000 120.0000 0010000  45.0000 315.0000 14.8132908100001
CANX-5
1 40056U 2014-034D   26245.00000000  .00000100  00000+0  10000-4 0  9999
2 40056  98.3000 120.0000 0010000  45.0000 315.0000 14.8132908100001
GONETS-M 8
1 40061U 2014-036A   26245.00000000  .00000100  00000+0  10000-4 0  9999
2 40061  82.5100 120.0000 0010000  45.0000 315.0000 12.4298662100001
GONETS-M 9
1 40062U 2014-036B   26245.00000000  .00000100  00000+0  10000-4 0  9999
2 40062  82.5100 120.0000 0010000  45.0000 315.0000 12.4298662100001
GONETS-M 10
1 40063U 2014-036C   26245.00000000  .00000100  00000+0  10000-4 0  9999
2 40063  82.5100 120.0000 0010000  45.0000 315.0000 12.4298662100001
DX1
1 40071U 2014-037C   26245.00000000  .00000100  00000+0  10000-4 0  9999
2 40071  98.3900 120.0000 0010000  45.0000 315.0000 14.9022042800001
UKUBE-1
1 40074U 2014-037F   26245.00000000  .00000100  00000+0  10000-4 0  9999
2 40074  98.4300 120.0000 0010000  45.0000 315.0000 15.1435482200001
O3B FM3
1 40079U 2014-038A   26245.00000000  .00000100  00000+0  10000-4 0  9999
2 40079  00.0500 120.0000 0010000  45.0000 315.0000 05.0012155700001
O3B FM7
1 40080U 2014-038B   26245.00000000  .00000100  00000+0  10000-4 0  9999
2 40080  00.0400 120.0000 0010000  45.0000 315.0000 05.0012155700001
O3B FM6
1 40081U 2014-038C   26245.00000000  .00000100  00000+0  10000-4 0  9999
2 40081  00.0500 120.0000 0010000  45.0000 315.0000 05.0012155700001
O3B FM8
1 40082U 2014-038D   26245.00000000  .00000100  00000+0  10000-4 0  9999
2 40082  00.0500 120.0000 0010000  45.0000 315.0000 05.0012155700001
ASIASAT 8 (AMOS-7)
1 40107U 2014-046A   26245.00000000  .00000100  00000+0  10000-4 0  9999
2 40107  00.0200 120.0000 0010000  45.0000 315.0000 01.0027436200001
YAOGAN-20 01A
1 40109U 2014-047A   26245.00000000  .00000100  00000+0  10000-4 0  9999
2 40109  63.3800 120.0000 0010000  45.0000 315.0000 13.4541717300001
YAOGAN-20 01B
1 40110U 2014-047B   26245.00000000  .00000100  00000+0  10000-4 0  9999
2 40110  63.3800 120.0000 0010000  45.0000 315.0000 13.4541717300001
YAOGAN-20 01C
1 40111U 2014-047C   26245.00000000  .00000100  00000+0  10000-4 0  9999
2 40111  63.3800 120.0000 0010000  45.0000 315.0000 13.4541717300001
LING QIAO
1 40136U 2014-051A   26245.00000000  .00000100  00000+0  10000-4 0  9999
2 40136  98.7100 120.0000 0010000  45.0000 315.0000 14.3027413600001
CHUANGXIN 1-04 (CX-1-04)
1 40137U 2014-051B   26245.00000000  .00000100  00000+0  10000-4 0  9999
2 40137  98.7100 120.0000 0010000  45.0000 315.0000 14.3041621100001
ASIASAT 6
1 40141U 2014-052A   26245.00000000  .00000100  00000+0  10000-4 0  9999
2 40141  00.0100 120.0000 0010000  45.0000 315.0000 01.0027087100001
OPTUS 10
1 40146U 2014-054A   26245.00000000  .00000100  00000+0  10000-4 0  9999
2 40146  00.0900 120.0000 0010000  45.0000 315.0000 01.0027017200001
MEASAT-3B
1 40147U 2014-054B   26245.00000000  .00000100  00000+0  10000-4 0  9999
2 40147  00.0300 120.0000 0010000  45.0000 315.0000 01.0026947400001
USA 257 (CLIO)
1 40208U 2014-055A   26245.00000000  .00000100  00000+0  10000-4 0  9999
2 40208  00.1300 120.0000 0010000  45.0000 315.0000 01.0027925000001
SJ-11-07
1 40261U 2014-059A   26245.00000000  .00000100  00000+0  10000-4 0  9999
2 40261  97.9900 120.0000 0010000  45.0000 315.0000 14.6386093300001
INTELSAT 30 (IS-30)
1 40271U 2014-062A   26245.00000000  .00000100  00000+0  10000-4 0  9999
2 40271  00.0100 120.0000 0010000  45.0000 315.0000 01.0027087100001
ARSAT 1
1 40272U 2014-062B   26245.00000000  .00000100  00000+0  10000-4 0  9999
2 40272  00.0200 120.0000 0010000  45.0000 315.0000 01.0027156900001
EUTELSAT 53A
1 40277U 2014-064A   26245.00000000  .00000100  00000+0  10000-4 0  9999
2 40277  00.0200 120.0000 0010000  45.0000 315.0000 01.0027296500001
SJ-11-08
1 40286U 2014-066A   26245.00000000  .00000100  00000+0  10000-4 0  9999
2 40286  98.3600 120.0000 0010000  45.0000 315.0000 14.6624580000001
MERIDIAN 7
1 40296U 2014-069A   26245.00000000  .00000100  00000+0  10000-4 0  9999
2 40296  63.4500 120.0000 0010000  45.0000 315.0000 02.0060180500001
SHIN'EN 2 (FO-82)
1 40320U 2014-076B   26245.00000000  .00000100  00000+0  10000-4 0  9999
2 40320  50.0000 120.0000 0010000  45.0000 315.0000 15.1578947400001
DESPATCH (ARTSAT 2)
1 40321U 2014-076C   26245.00000000  .00000100  00000+0  10000-4 0  9999
2 40321  50.0000 120.0000 0010000  45.0000 315.0000 15.1578947400001
GSAT-16
1 40332U 2014-078A   26245.00000000  .00000100  00000+0  10000-4 0  9999
2 40332  00.0800 120.0000 0010000  45.0000 315.0000 01.0027366400001
DIRECTV 14
1 40333U 2014-078B   26245.00000000  .00000100  00000+0  10000-4 0  9999
2 40333  00.0100 120.0000 0010000  45.0000 315.0000 01.0027087100001
YAOGAN-25 01A
1 40338U 2014-080A   26245.00000000  .00000100  00000+0  10000-4 0  9999
2 40338  63.3900 120.0000 0010000  45.0000 315.0000 13.4541717300001
YAOGAN-25 01B
1 40339U 2014-080B   26245.00000000  .00000100  00000+0  10000-4 0  9999
2 40339  63.3900 120.0000 0010000  45.0000 315.0000 13.4541717300001
YAOGAN-25 01C
1 40340U 2014-080C   26245.00000000  .00000100  00000+0  10000-4 0  9999
2 40340  63.3900 120.0000 0010000  45.0000 315.0000 13.4529148000001
USA 259
1 40344U 2014-081A   26245.00000000  .00000100  00000+0  10000-4 0  9999
2 40344  63.0900 120.0000 0010000  45.0000 315.0000 02.0062136900001
YAMAL 401
1 40345U 2014-082A   26245.00000000  .00000100  00000+0  10000-4 0  9999
2 40345  00.0200 120.0000 0010000  45.0000 315.0000 01.0027017200001
O3B FM10
1 40348U 2014-083A   26245.00000000  .00000100  00000+0  10000-4 0  9999
2 40348  00.0400 120.0000 0010000  45.0000 315.0000 05.0012155700001
O3B FM11
1 40349U 2014-083B   26245.00000000  .00000100  00000+0  10000-4 0  9999
2 40349  00.0500 120.0000 0010000  45.0000 315.0000 05.0012155700001
O3B FM12
1 40350U 2014-083C   26245.00000000  .00000100  00000+0  10000-4 0  9999
2 40350  00.0500 120.0000 0010000  45.0000 315.0000 05.0012155700001
O3B FM9
1 40351U 2014-083D   26245.00000000  .00000100  00000+0  10000-4 0  9999
2 40351  00.0600 120.0000 0010000  45.0000 315.0000 05.0012155700001
COSMOS 2502
1 40358U 2014-086A   26245.00000000  .00000100  00000+0  10000-4 0  9999
2 40358  67.1500 120.0000 0010000  45.0000 315.0000 13.9778683800001
ASTRA 2G
1 40364U 2014-089A   26245.00000000  .00000100  00000+0  10000-4 0  9999
2 40364  00.0500 120.0000 0010000  45.0000 315.0000 01.0027436200001
MUOS-3
1 40374U 2015-002A   26245.00000000  .00000100  00000+0  10000-4 0  9999
2 40374  04.6400 120.0000 0010000  45.0000 315.0000 01.0027156900001
IGS 9A
1 40381U 2015-004A   26245.00000000  .00000100  00000+0  10000-4 0  9999
2 40381  97.5000 120.0000 0010000  45.0000 315.0000 15.2219873200001
INMARSAT 5-F2
1 40384U 2015-005A   26245.00000000  .00000100  00000+0  10000-4 0  9999
2 40384  00.0200 120.0000 0010000  45.0000 315.0000 01.0027017200001
DSCOVR
1 40390U 2015-007A   26245.00000000  .00000100  00000+0  10000-4 0  9999
2 40390  50.0000 120.0000 0010000  45.0000 315.0000 15.1578947400001
COSMOS 2503
1 40420U 2015-009A   26245.00000000  .00000100  00000+0  10000-4 0  9999
2 40420  97.8300 120.0000 0010000  45.0000 315.0000 15.0674898000001
ABS-3A
1 40424U 2015-010A   26245.00000000  .00000100  00000+0  10000-4 0  9999
2 40424  00.0100 120.0000 0010000  45.0000 315.0000 01.0027296500001
EUTELSAT 115 WEST B
1 40425U 2015-010B   26245.00000000  .00000100  00000+0  10000-4 0  9999
2 40425  00.0100 120.0000 0010000  45.0000 315.0000 01.0027156900001
EXPRESS-AM7
1 40505U 2015-012A   26245.00000000  .00000100  00000+0  10000-4 0  9999
2 40505  00.0100 120.0000 0010000  45.0000 315.0000 01.0026947400001
IGS O-5
1 40538U 2015-015A   26245.00000000  .00000100  00000+0  10000-4 0  9999
2 40538  50.0000 120.0000 0010000  45.0000 315.0000 15.1578947400001
GONETS-M 11
1 40552U 2015-020A   26245.00000000  .00000100  00000+0  10000-4 0  9999
2 40552  82.4900 120.0000 0010000  45.0000 315.0000 12.4287933700001
GONETS-M 12
1 40553U 2015-020B   26245.00000000  .00000100  00000+0  10000-4 0  9999
2 40553  82.4900 120.0000 0010000  45.0000 315.0000 12.4287933700001
GONETS-M 13
1 40554U 2015-020C   26245.00000000  .00000100  00000+0  10000-4 0  9999
2 40554  82.4900 120.0000 0010000  45.0000 315.0000 12.4287933700001
COSMOS 2504
1 40555U 2015-020D   26245.00000000  .00000100  00000+0  10000-4 0  9999
2 40555  82.5200 120.0000 0010000  45.0000 315.0000 13.6144464400001
THOR 7
1 40613U 2015-022A   26245.00000000  .00000100  00000+0  10000-4 0  9999
2 40613  00.0300 120.0000 0010000  45.0000 315.0000 01.0027226700001
SICRAL 2
1 40614U 2015-022B   26245.00000000  .00000100  00000+0  10000-4 0  9999
2 40614  50.0000 120.0000 0010000  45.0000 315.0000 15.1578947400001
TURKMENALEM52E/MONACOSAT
1 40617U 2015-023A   26245.00000000  .00000100  00000+0  10000-4 0  9999
2 40617  00.0100 120.0000 0010000  45.0000 315.0000 01.0027017200001
OPTICUBE 01
1 40653U 2015-025C   26245.00000000  .00000100  00000+0  10000-4 0  9999
2 40653  50.0000 120.0000 0010000  45.0000 315.0000 15.1578947400001
PARKINSONSAT (PSAT)
1 40654U 2015-025D   26245.00000000  .00000100  00000+0  10000-4 0  9999
2 40654  50.0000 120.0000 0010000  45.0000 315.0000 15.1578947400001
BRICSAT-P (NO-83)
1 40655U 2015-025E   26245.00000000  .00000100  00000+0  10000-4 0  9999
2 40655  50.0000 120.0000 0010000  45.0000 315.0000 15.1578947400001
OPTICUBE 02
1 40656U 2015-025F   26245.00000000  .00000100  00000+0  10000-4 0  9999
2 40656  50.0000 120.0000 0010000  45.0000 315.0000 15.1578947400001
GEARRS-2
1 40657U 2015-025G   26245.00000000  .00000100  00000+0  10000-4 0  9999
2 40657  50.0000 120.0000 0010000  45.0000 315.0000 15.1578947400001
OPTICUBE 03
1 40658U 2015-025H   26245.00000000  .00000100  00000+0  10000-4 0  9999
2 40658  50.0000 120.0000 0010000  45.0000 315.0000 15.1578947400001
DIRECTV 15
1 40663U 2015-026A   26245.00000000  .00000100  00000+0  10000-4 0  9999
2 40663  00.0200 120.0000 0010000  45.0000 315.0000 01.0027436200001
SKY MEXICO-1
1 40664U 2015-026B   26245.00000000  .00000100  00000+0  10000-4 0  9999
2 40664  00.0100 120.0000 0010000  45.0000 315.0000 01.0027226700001
COSMOS 2506
1 40699U 2015-029A   26245.00000000  .00000100  00000+0  10000-4 0  9999
2 40699  98.0400 120.0000 0010000  45.0000 315.0000 14.5439854600001
DMC3-FM1
1 40715U 2015-032A   26245.00000000  .00000100  00000+0  10000-4 0  9999
2 40715  97.6400 120.0000 0010000  45.0000 315.0000 14.8576145300001
DMC3-FM2
1 40716U 2015-032B   26245.00000000  .00000100  00000+0  10000-4 0  9999
2 40716  97.6400 120.0000 0010000  45.0000 315.0000 14.8576145300001
DMC3-FM3
1 40717U 2015-032C   26245.00000000  .00000100  00000+0  10000-4 0  9999
2 40717  97.6500 120.0000 0010000  45.0000 315.0000 14.8576145300001
STAR ONE C4
1 40733U 2015-034B   26245.00000000  .00000100  00000+0  10000-4 0  9999
2 40733  00.0300 120.0000 0010000  45.0000 315.0000 01.0027226700001
WGS F7 (USA 263)
1 40746U 2015-036A   26245.00000000  .00000100  00000+0  10000-4 0  9999
2 40746  00.0200 120.0000 0010000  45.0000 315.0000 01.0027156900001
INTELSAT 34 (IS-34)
1 40874U 2015-039A   26245.00000000  .00000100  00000+0  10000-4 0  9999
2 40874  00.0100 120.0000 0010000  45.0000 315.0000 01.0027087100001
EUTELSAT 8 WEST B
1 40875U 2015-039B   26245.00000000  .00000100  00000+0  10000-4 0  9999
2 40875  00.0700 120.0000 0010000  45.0000 315.0000 01.0027156900001
GSAT-6
1 40880U 2015-041A   26245.00000000  .00000100  00000+0  10000-4 0  9999
2 40880  02.0800 120.0000 0010000  45.0000 315.0000 01.0027296500001
INMARSAT 5-F3
1 40882U 2015-042A   26245.00000000  .00000100  00000+0  10000-4 0  9999
2 40882  00.0200 120.0000 0010000  45.0000 315.0000 01.0027226700001
MUOS-4
1 40887U 2015-044A   26245.00000000  .00000100  00000+0  10000-4 0  9999
2 40887  04.4500 120.0000 0010000  45.0000 315.0000 01.0027226700001
GSAT0205 (GALILEO 9)
1 40889U 2015-045A   26245.00000000  .00000100  00000+0  10000-4 0  9999
2 40889  54.9400 120.0000 0010000  45.0000 315.0000 01.6740876800001
TJS-1
1 40892U 2015-046A   26245.00000000  .00000100  00000+0  10000-4 0  9999
2 40892  00.4900 120.0000 0010000  45.0000 315.0000 01.0027226700001
EXPRESS-AM8
1 40895U 2015-048A   26245.00000000  .00000100  00000+0  10000-4 0  9999
2 40895  00.0300 120.0000 0010000  45.0000 315.0000 01.0027226700001
LILACSAT-2
1 40908U 2015-049K   26245.00000000  .00000100  00000+0  10000-4 0  9999
2 40908  97.4600 120.0000 0010000  45.0000 315.0000 15.5356564900001
COSMOS 2507 (RODNIK-S 13)
1 40920U 2015-050A   26245.00000000  .00000100  00000+0  10000-4 0  9999
2 40920  82.4900 120.0000 0010000  45.0000 315.0000 12.4287933700001
COSMOS 2508 (RODNIK-S 14)
1 40921U 2015-050B   26245.00000000  .00000100  00000+0  10000-4 0  9999
2 40921  82.4900 120.0000 0010000  45.0000 315.0000 12.4287933700001
COSMOS 2509 (RODNIK-S 15)
1 40922U 2015-050C   26245.00000000  .00000100  00000+0  10000-4 0  9999
2 40922  82.4900 120.0000 0010000  45.0000 315.0000 12.4287933700001
LAPAN-A2 (IO-86)
1 40931U 2015-052B   26245.00000000  .00000100  00000+0  10000-4 0  9999
2 40931  06.0000 120.0000 0010000  45.0000 315.0000 14.7874306800001
EXACTVIEW 9
1 40936U 2015-052G   26245.00000000  .00000100  00000+0  10000-4 0  9999
2 40936  06.0000 120.0000 0010000  45.0000 315.0000 14.7965474700001
SKY MUSTER 1 (NBN1A)
1 40940U 2015-054A   26245.00000000  .00000100  00000+0  10000-4 0  9999
2 40940  00.0200 120.0000 0010000  45.0000 315.0000 01.0027087100001
ARSAT 2
1 40941U 2015-054B   26245.00000000  .00000100  00000+0  10000-4 0  9999
2 40941  00.0100 120.0000 0010000  45.0000 315.0000 01.0027156900001
MORELOS 3
1 40946U 2015-056A   26245.00000000  .00000100  00000+0  10000-4 0  9999
2 40946  03.2400 120.0000 0010000  45.0000 315.0000 01.0027156900001
LINGQIAO VIDEO A
1 40959U 2015-057B   26245.00000000  .00000100  00000+0  10000-4 0  9999
2 40959  97.6700 120.0000 0010000  45.0000 315.0000 14.7752924300001
LINGQIAO VIDEO B
1 40960U 2015-057C   26245.00000000  .00000100  00000+0  10000-4 0  9999
2 40960  97.6600 120.0000 0010000  45.0000 315.0000 14.7752924300001
JILIN-1
1 40961U 2015-057D   26245.00000000  .00000100  00000+0  10000-4 0  9999
2 40961  97.6600 120.0000 0010000  45.0000 315.0000 14.7828765000001
USA 264
1 40964U 2015-058A   26245.00000000  .00000100  00000+0  10000-4 0  9999
2 40964  63.4300 120.0000 0010000  45.0000 315.0000 13.4103185000001
AEROCUBE 5C
1 40965U 2015-058B   26245.00000000  .00000100  00000+0  10000-4 0  9999
2 40965  64.7800 120.0000 0010000  45.0000 315.0000 14.7435241100001
AEROCUBE 7
1 40966U 2015-058C   26245.00000000  .00000100  00000+0  10000-4 0  9999
2 40966  64.7600 120.0000 0010000  45.0000 315.0000 14.9625935200001
FOX-1A (AO-85)
1 40967U 2015-058D   26245.00000000  .00000100  00000+0  10000-4 0  9999
2 40967  64.7700 120.0000 0010000  45.0000 315.0000 14.9130074600001
SINOD-D 1
1 40968U 2015-058E   26245.00000000  .00000100  00000+0  10000-4 0  9999
2 40968  64.7700 120.0000 0010000  45.0000 315.0000 14.9641483900001
SNAP-3 ALICE
1 40970U 2015-058G   26245.00000000  .00000100  00000+0  10000-4 0  9999
2 40970  64.7400 120.0000 0010000  45.0000 315.0000 15.7877425700001
LMRST-SAT
1 40971U 2015-058H   26245.00000000  .00000100  00000+0  10000-4 0  9999
2 40971  64.7800 120.0000 0010000  45.0000 315.0000 14.9083756100001
SNAP-3 EDDIE
1 40972U 2015-058J   26245.00000000  .00000100  00000+0  10000-4 0  9999
2 40972  64.7300 120.0000 0010000  45.0000 315.0000 15.8311345600001
PROPCUBE 3
1 40973U 2015-058K   26245.00000000  .00000100  00000+0  10000-4 0  9999
2 40973  64.7700 120.0000 0010000  45.0000 315.0000 14.9470624900001
BISONSAT
1 40974U 2015-058L   26245.00000000  .00000100  00000+0  10000-4 0  9999
2 40974  64.7600 120.0000 0010000  45.0000 315.0000 15.1754663300001
SNAP-3 JIMI
1 40975U 2015-058M   26245.00000000  .00000100  00000+0  10000-4 0  9999
2 40975  64.7700 120.0000 0010000  45.0000 315.0000 15.0297463700001
PROPCUBE 1 (FLORA)
1 40976U 2015-058N   26245.00000000  .00000100  00000+0  10000-4 0  9999
2 40976  64.7700 120.0000 0010000  45.0000 315.0000 14.8944973100001
SINOD-D 3
1 40977U 2015-058P   26245.00000000  .00000100  00000+0  10000-4 0  9999
2 40977  64.7700 120.0000 0010000  45.0000 315.0000 14.9439601500001
APSTAR-9
1 40982U 2015-059A   26245.00000000  .00000100  00000+0  10000-4 0  9999
2 40982  00.0600 120.0000 0010000  45.0000 315.0000 01.0027087100001
TURKSAT 4B
1 40984U 2015-060A   26245.00000000  .00000100  00000+0  10000-4 0  9999
2 40984  00.0100 120.0000 0010000  45.0000 315.0000 01.0027296500001
ZHONGXING-2C
1 41021U 2015-063A   26245.00000000  .00000100  00000+0  10000-4 0  9999
2 41021  00.4400 120.0000 0010000  45.0000 315.0000 01.0027575800001
BADR-7 (ARABSAT-6B)
1 41029U 2015-065B   26245.00000000  .00000100  00000+0  10000-4 0  9999
2 41029  00.0300 120.0000 0010000  45.0000 315.0000 01.0027296500001
COSMOS 2510 (EKS 1)
1 41032U 2015-066A   26245.00000000  .00000100  00000+0  10000-4 0  9999
2 41032  63.4600 120.0000 0010000  45.0000 315.0000 02.0072204200001
LAOSAT 1
1 41034U 2015-067A   26245.00000000  .00000100  00000+0  10000-4 0  9999
2 41034  00.0100 120.0000 0010000  45.0000 315.0000 01.0027156900001
TELSTAR 12V
1 41036U 2015-068A   26245.00000000  .00000100  00000+0  10000-4 0  9999
2 41036  00.0100 120.0000 0010000  45.0000 315.0000 01.0027226700001
COSMOS 2513
1 41121U 2015-075A   26245.00000000  .00000100  00000+0  10000-4 0  9999
2 41121  00.0400 120.0000 0010000  45.0000 315.0000 01.0027226700001
VELOX-CI
1 41166U 2015-077A   26245.00000000  .00000100  00000+0  10000-4 0  9999
2 41166  14.9800 120.0000 0010000  45.0000 315.0000 15.5222593500001
ORBCOMM FM110
1 41182U 2015-081D   26245.00000000  .00000100  00000+0  10000-4 0  9999
2 41182  47.0000 120.0000 0010000  45.0000 315.0000 14.5896656500001
ORBCOMM FM118
1 41183U 2015-081E   26245.00000000  .00000100  00000+0  10000-4 0  9999
2 41183  47.0000 120.0000 0010000  45.0000 315.0000 14.5896656500001
ORBCOMM FM112
1 41184U 2015-081F   26245.00000000  .00000100  00000+0  10000-4 0  9999
2 41184  47.0000 120.0000 0010000  45.0000 315.0000 14.5896656500001
ORBCOMM FM108
1 41187U 2015-081J   26245.00000000  .00000100  00000+0  10000-4 0  9999
2 41187  47.0000 120.0000 0010000  45.0000 315.0000 14.5896656500001
ORBCOMM FM117
1 41188U 2015-081K   26245.00000000  .00000100  00000+0  10000-4 0  9999
2 41188  47.0000 120.0000 0010000  45.0000 315.0000 14.5896656500001
ORBCOMM FM116
1 41189U 2015-081L   26245.00000000  .00000100  00000+0  10000-4 0  9999
2 41189  47.0000 120.0000 0010000  45.0000 315.0000 14.5896656500001
EXPRESS-AMU1
1 41191U 2015-082A   26245.00000000  .00000100  00000+0  10000-4 0  9999
2 41191  00.0200 120.0000 0010000  45.0000 315.0000 01.0027226700001
BELINTERSAT-1
1 41238U 2016-001A   26245.00000000  .00000100  00000+0  10000-4 0  9999
2 41238  00.0500 120.0000 0010000  45.0000 315.0000 01.0027436200001
EUTELSAT 9B
1 41310U 2016-005A   26245.00000000  .00000100  00000+0  10000-4 0  9999
2 41310  00.0200 120.0000 0010000  45.0000 315.0000 01.0027087100001
USA 267
1 41334U 2016-010A   26245.00000000  .00000100  00000+0  10000-4 0  9999
2 41334  123.0000 120.0000 0010000  45.0000 315.0000 13.4140661400001
SES-9
1 41380U 2016-013A   26245.00000000  .00000100  00000+0  10000-4 0  9999
2 41380  50.0000 120.0000 0010000  45.0000 315.0000 01.0027156900001
EUTELSAT 65 WEST A
1 41382U 2016-014A   26245.00000000  .00000100  00000+0  10000-4 0  9999
2 41382  00.0500 120.0000 0010000  45.0000 315.0000 01.0027156900001
EXOMARS
1 41388U 2016-017A   26245.00000000  .00000100  00000+0  10000-4 0  9999
2 41388  50.0000 120.0000 0010000  45.0000 315.0000 15.1578947400001
COSMOS 2515
1 41394U 2016-020A   26245.00000000  .00000100  00000+0  10000-4 0  9999
2 41394  97.9800 120.0000 0010000  45.0000 315.0000 15.0816925000001
JCSAT-2B
1 41471U 2016-028A   26245.00000000  .00000100  00000+0  10000-4 0  9999
2 41471  00.0200 120.0000 0010000  45.0000 315.0000 01.0027087100001
YAOGAN-30 01
1 41473U 2016-029A   26245.00000000  .00000100  00000+0  10000-4 0  9999
2 41473  97.9000 120.0000 0010000  45.0000 315.0000 14.7631740800001
THAICOM 8
1 41552U 2016-031A   26245.00000000  .00000100  00000+0  10000-4 0  9999
2 41552  00.0700 120.0000 0010000  45.0000 315.0000 01.0027226700001
COSMOS 2517 (GEO-IK 2)
1 41579U 2016-034A   26245.00000000  .00000100  00000+0  10000-4 0  9999
2 41579  99.1900 120.0000 0010000  45.0000 315.0000 13.8594802700001
INTELSAT 31 (IS-31)
1 41581U 2016-035A   26245.00000000  .00000100  00000+0  10000-4 0  9999
2 41581  00.0300 120.0000 0010000  45.0000 315.0000 01.0027296500001
USA 268
1 41584U 2016-036A   26245.00000000  .00000100  00000+0  10000-4 0  9999
2 41584  06.9100 120.0000 0010000  45.0000 315.0000 01.0027226700001
ABS-2A (MONGOLSAT-1)
1 41588U 2016-038A   26245.00000000  .00000100  00000+0  10000-4 0  9999
2 41588  00.0100 120.0000 0010000  45.0000 315.0000 01.0027087100001
BRISAT
1 41591U 2016-039A   26245.00000000  .00000100  00000+0  10000-4 0  9999
2 41591  00.0100 120.0000 0010000  45.0000 315.0000 01.0027226700001
ECHOSTAR 18
1 41592U 2016-039B   26245.00000000  .00000100  00000+0  10000-4 0  9999
2 41592  00.0100 120.0000 0010000  45.0000 315.0000 01.0027156900001
MUOS-5
1 41622U 2016-041A   26245.00000000  .00000100  00000+0  10000-4 0  9999
2 41622  02.0700 120.0000 0010000  45.0000 315.0000 01.0027296500001
SJ 16-02
1 41634U 2016-043A   26245.00000000  .00000100  00000+0  10000-4 0  9999
2 41634  75.0000 120.0000 0010000  45.0000 315.0000 14.9377593400001
USA 269
1 41724U 2016-047A   26245.00000000  .00000100  00000+0  10000-4 0  9999
2 41724  03.9300 120.0000 0010000  45.0000 315.0000 01.0027156900001
TIANTONG-1 1
1 41725U 2016-048A   26245.00000000  .00000100  00000+0  10000-4 0  9999
2 41725  03.9700 120.0000 0010000  45.0000 315.0000 01.0027366400001
JCSAT-16
1 41729U 2016-050A   26245.00000000  .00000100  00000+0  10000-4 0  9999
2 41729  00.0200 120.0000 0010000  45.0000 315.0000 01.0027156900001
USA 270
1 41744U 2016-052A   26245.00000000  .00000100  00000+0  10000-4 0  9999
2 41744  03.9500 120.0000 0010000  45.0000 315.0000 01.0033025400001
USA 271
1 41745U 2016-052B   26245.00000000  .00000100  00000+0  10000-4 0  9999
2 41745  03.9600 120.0000 0010000  45.0000 315.0000 01.0025551200001
INTELSAT 36 (IS-36)
1 41747U 2016-053A   26245.00000000  .00000100  00000+0  10000-4 0  9999
2 41747  00.0100 120.0000 0010000  45.0000 315.0000 01.0027226700001
PERUSAT 1
1 41770U 2016-058A   26245.00000000  .00000100  00000+0  10000-4 0  9999
2 41770  98.2000 120.0000 0010000  45.0000 315.0000 14.5852324500001
ALSAT-2B
1 41786U 2016-059D   26245.00000000  .00000100  00000+0  10000-4 0  9999
2 41786  97.9800 120.0000 0010000  45.0000 315.0000 14.7088866200001
GSAT-18
1 41793U 2016-060A   26245.00000000  .00000100  00000+0  10000-4 0  9999
2 41793  00.0400 120.0000 0010000  45.0000 315.0000 01.0027296500001
SKY MUSTER 2 (NBN1B)
1 41794U 2016-060B   26245.00000000  .00000100  00000+0  10000-4 0  9999
2 41794  00.0100 120.0000 0010000  45.0000 315.0000 01.0027226700001
RAVAN
1 41849U 2016-067B   26245.00000000  .00000100  00000+0  10000-4 0  9999
2 41849  97.9800 120.0000 0010000  45.0000 315.0000 15.6148340900001
CELTEE 1
1 41850U 2016-067C   26245.00000000  .00000100  00000+0  10000-4 0  9999
2 41850  98.0600 120.0000 0010000  45.0000 315.0000 15.2027027000001
OPTICUBE 04
1 41851U 2016-067D   26245.00000000  .00000100  00000+0  10000-4 0  9999
2 41851  98.0600 120.0000 0010000  45.0000 315.0000 15.0990877600001
AEROCUBE 8D
1 41852U 2016-067E   26245.00000000  .00000100  00000+0  10000-4 0  9999
2 41852  98.0600 120.0000 0010000  45.0000 315.0000 15.2526215400001
AEROCUBE 8C
1 41853U 2016-067F   26245.00000000  .00000100  00000+0  10000-4 0  9999
2 41853  98.0500 120.0000 0010000  45.0000 315.0000 15.2542372900001
YUNHAI-1 01
1 41857U 2016-068A   26245.00000000  .00000100  00000+0  10000-4 0  9999
2 41857  98.5900 120.0000 0010000  45.0000 315.0000 14.3269326400001
TIANLIAN 1-04
1 41869U 2016-072A   26245.00000000  .00000100  00000+0  10000-4 0  9999
2 41869  01.0300 120.0000 0010000  45.0000 315.0000 01.0027226700001
WGS F8 (USA 272)
1 41879U 2016-075A   26245.00000000  .00000100  00000+0  10000-4 0  9999
2 41879  00.0200 120.0000 0010000  45.0000 315.0000 01.0027156900001
ECHOSTAR 19
1 41893U 2016-079A   26245.00000000  .00000100  00000+0  10000-4 0  9999
2 41893  00.0100 120.0000 0010000  45.0000 315.0000 01.0027087100001
ARASE (ERG)
1 41896U 2016-080A   26245.00000000  .00000100  00000+0  10000-4 0  9999
2 41896  31.9500 120.0000 0010000  45.0000 315.0000 02.5777809600001
TANSAT
1 41898U 2016-081A   26245.00000000  .00000100  00000+0  10000-4 0  9999
2 41898  98.5400 120.0000 0010000  45.0000 315.0000 14.6000202800001
YIJIAN
1 41899U 2016-081B   26245.00000000  .00000100  00000+0  10000-4 0  9999
2 41899  98.5400 120.0000 0010000  45.0000 315.0000 14.6089073800001
SPARK 1
1 41900U 2016-081C   26245.00000000  .00000100  00000+0  10000-4 0  9999
2 41900  98.5500 120.0000 0010000  45.0000 315.0000 14.5985401500001
SPARK 2
1 41901U 2016-081D   26245.00000000  .00000100  00000+0  10000-4 0  9999
2 41901  98.5500 120.0000 0010000  45.0000 315.0000 14.5926226200001
JCSAT-110A (JCSAT-15)
1 41903U 2016-082A   26245.00000000  .00000100  00000+0  10000-4 0  9999
2 41903  00.0100 120.0000 0010000  45.0000 315.0000 01.0027087100001
STAR ONE D1
1 41904U 2016-082B   26245.00000000  .00000100  00000+0  10000-4 0  9999
2 41904  00.0100 120.0000 0010000  45.0000 315.0000 01.0026877600001
TJS-2
1 41911U 2017-001A   26245.00000000  .00000100  00000+0  10000-4 0  9999
2 41911  01.0000 120.0000 0010000  45.0000 315.0000 01.0027087100001
JILIN-1 03
1 41914U 2017-002B   26245.00000000  .00000100  00000+0  10000-4 0  9999
2 41914  97.2000 120.0000 0010000  45.0000 315.0000 15.4307758300001
IRIDIUM 106
1 41917U 2017-003A   26245.00000000  .00000100  00000+0  10000-4 0  9999
2 41917  86.3900 120.0000 0010000  45.0000 315.0000 14.3426294800001
IRIDIUM 103
1 41918U 2017-003B   26245.00000000  .00000100  00000+0  10000-4 0  9999
2 41918  86.3900 120.0000 0010000  45.0000 315.0000 14.3426294800001
IRIDIUM 109
1 41919U 2017-003C   26245.00000000  .00000100  00000+0  10000-4 0  9999
2 41919  86.3900 120.0000 0010000  45.0000 315.0000 14.3426294800001
IRIDIUM 102
1 41920U 2017-003D   26245.00000000  .00000100  00000+0  10000-4 0  9999
2 41920  86.3900 120.0000 0010000  45.0000 315.0000 14.3426294800001
IRIDIUM 105
1 41921U 2017-003E   26245.00000000  .00000100  00000+0  10000-4 0  9999
2 41921  86.4000 120.0000 0010000  45.0000 315.0000 14.3426294800001
IRIDIUM 104
1 41922U 2017-003F   26245.00000000  .00000100  00000+0  10000-4 0  9999
2 41922  86.3900 120.0000 0010000  45.0000 315.0000 14.3426294800001
IRIDIUM 114
1 41923U 2017-003G   26245.00000000  .00000100  00000+0  10000-4 0  9999
2 41923  86.3900 120.0000 0010000  45.0000 315.0000 14.3426294800001
IRIDIUM 108
1 41924U 2017-003H   26245.00000000  .00000100  00000+0  10000-4 0  9999
2 41924  86.4000 120.0000 0010000  45.0000 315.0000 14.3426294800001
IRIDIUM 112
1 41925U 2017-003J   26245.00000000  .00000100  00000+0  10000-4 0  9999
2 41925  86.3900 120.0000 0010000  45.0000 315.0000 14.3426294800001
IRIDIUM 111
1 41926U 2017-003K   26245.00000000  .00000100  00000+0  10000-4 0  9999
2 41926  86.3900 120.0000 0010000  45.0000 315.0000 14.3426294800001
SBIRS GEO-4 (USA 273)
1 41937U 2017-004A   26245.00000000  .00000100  00000+0  10000-4 0  9999
2 41937  02.3700 120.0000 0010000  45.0000 315.0000 01.0026947400001
DSN-2
1 41940U 2017-005A   26245.00000000  .00000100  00000+0  10000-4 0  9999
2 41940  50.0000 120.0000 0010000  45.0000 315.0000 15.1578947400001
HISPASAT 36W-1
1 41942U 2017-006A   26245.00000000  .00000100  00000+0  10000-4 0  9999
2 41942  00.0300 120.0000 0010000  45.0000 315.0000 01.0027156900001
TELKOM 3S
1 41944U 2017-007A   26245.00000000  .00000100  00000+0  10000-4 0  9999
2 41944  00.0100 120.0000 0010000  45.0000 315.0000 01.0027366400001
INTELSAT 32E (IS-32E)
1 41945U 2017-007B   26245.00000000  .00000100  00000+0  10000-4 0  9999
2 41945  00.0200 120.0000 0010000  45.0000 315.0000 01.0027226700001
USA 274
1 42058U 2017-011A   26245.00000000  .00000100  00000+0  10000-4 0  9999
2 42058  63.4400 120.0000 0010000  45.0000 315.0000 13.4103185000001
ECHOSTAR 23
1 42070U 2017-014A   26245.00000000  .00000100  00000+0  10000-4 0  9999
2 42070  00.0200 120.0000 0010000  45.0000 315.0000 01.0027296500001
IGS R-5
1 42072U 2017-015A   26245.00000000  .00000100  00000+0  10000-4 0  9999
2 42072  50.0000 120.0000 0010000  45.0000 315.0000 15.1578947400001
WGS F9 (USA 275)
1 42075U 2017-016A   26245.00000000  .00000100  00000+0  10000-4 0  9999
2 42075  00.0200 120.0000 0010000  45.0000 315.0000 01.0027017200001
SES-10
1 42432U 2017-017A   26245.00000000  .00000100  00000+0  10000-4 0  9999
2 42432  00.0200 120.0000 0010000  45.0000 315.0000 01.0027366400001
CHINASAT 16 (SJ-13)
1 42662U 2017-018A   26245.00000000  .00000100  00000+0  10000-4 0  9999
2 42662  00.0700 120.0000 0010000  45.0000 315.0000 01.0027226700001
USA 276
1 42689U 2017-022A   26245.00000000  .00000100  00000+0  10000-4 0  9999
2 42689  49.9600 120.0000 0010000  45.0000 315.0000 15.4738878100001
KOREASAT 7
1 42691U 2017-023A   26245.00000000  .00000100  00000+0  10000-4 0  9999
2 42691  00.0300 120.0000 0010000  45.0000 315.0000 01.0027296500001
SGDC
1 42692U 2017-023B   26245.00000000  .00000100  00000+0  10000-4 0  9999
2 42692  00.0200 120.0000 0010000  45.0000 315.0000 01.0026947400001
GSAT-9
1 42695U 2017-024A   26245.00000000  .00000100  00000+0  10000-4 0  9999
2 42695  00.0500 120.0000 0010000  45.0000 315.0000 01.0026807800001
INMARSAT 5-F4
1 42698U 2017-025A   26245.00000000  .00000100  00000+0  10000-4 0  9999
2 42698  00.0200 120.0000 0010000  45.0000 315.0000 01.0027296500001
COSMOS 2518 (EKS 2)
1 42719U 2017-027A   26245.00000000  .00000100  00000+0  10000-4 0  9999
2 42719  63.0200 120.0000 0010000  45.0000 315.0000 02.0075002400001
VIASAT-2
1 42740U 2017-029A   26245.00000000  .00000100  00000+0  10000-4 0  9999
2 42740  00.0200 120.0000 0010000  45.0000 315.0000 01.0027226700001
EUTELSAT 172B
1 42741U 2017-029B   26245.00000000  .00000100  00000+0  10000-4 0  9999
2 42741  00.0300 120.0000 0010000  45.0000 315.0000 01.0027156900001
GSAT-19
1 42747U 2017-031A   26245.00000000  .00000100  00000+0  10000-4 0  9999
2 42747  00.0500 120.0000 0010000  45.0000 315.0000 01.0027296500001
ECHOSTAR 21
1 42749U 2017-032A   26245.00000000  .00000100  00000+0  10000-4 0  9999
2 42749  01.7800 120.0000 0010000  45.0000 315.0000 01.0027366400001
BULGARIASAT-1
1 42801U 2017-038A   26245.00000000  .00000100  00000+0  10000-4 0  9999
2 42801  00.0200 120.0000 0010000  45.0000 315.0000 01.0027296500001
IRIDIUM 113
1 42803U 2017-039A   26245.00000000  .00000100  00000+0  10000-4 0  9999
2 42803  86.4000 120.0000 0010000  45.0000 315.0000 14.3426294800001
IRIDIUM 123
1 42804U 2017-039B   26245.00000000  .00000100  00000+0  10000-4 0  9999
2 42804  86.4000 120.0000 0010000  45.0000 315.0000 14.3426294800001
IRIDIUM 120
1 42805U 2017-039C   26245.00000000  .00000100  00000+0  10000-4 0  9999
2 42805  86.4000 120.0000 0010000  45.0000 315.0000 14.3426294800001
IRIDIUM 115
1 42806U 2017-039D   26245.00000000  .00000100  00000+0  10000-4 0  9999
2 42806  86.4500 120.0000 0010000  45.0000 315.0000 14.4331963500001
IRIDIUM 118
1 42807U 2017-039E   26245.00000000  .00000100  00000+0  10000-4 0  9999
2 42807  86.4000 120.0000 0010000  45.0000 315.0000 14.3426294800001
IRIDIUM 117
1 42808U 2017-039F   26245.00000000  .00000100  00000+0  10000-4 0  9999
2 42808  86.4000 120.0000 0010000  45.0000 315.0000 14.3426294800001
IRIDIUM 126
1 42809U 2017-039G   26245.00000000  .00000100  00000+0  10000-4 0  9999
2 42809  86.4000 120.0000 0010000  45.0000 315.0000 14.3426294800001
IRIDIUM 124
1 42810U 2017-039H   26245.00000000  .00000100  00000+0  10000-4 0  9999
2 42810  86.4400 120.0000 0010000  45.0000 315.0000 14.4331963500001
IRIDIUM 128
1 42811U 2017-039J   26245.00000000  .00000100  00000+0  10000-4 0  9999
2 42811  86.4000 120.0000 0010000  45.0000 315.0000 14.3426294800001
IRIDIUM 121
1 42812U 2017-039K   26245.00000000  .00000100  00000+0  10000-4 0  9999
2 42812  86.4000 120.0000 0010000  45.0000 315.0000 14.3426294800001
HELLAS-SAT 3
1 42814U 2017-040A   26245.00000000  .00000100  00000+0  10000-4 0  9999
2 42814  00.0500 120.0000 0010000  45.0000 315.0000 01.0027017200001
GSAT-17
1 42815U 2017-040B   26245.00000000  .00000100  00000+0  10000-4 0  9999
2 42815  00.0100 120.0000 0010000  45.0000 315.0000 01.0027226700001
INTELSAT 35E (IS-35E)
1 42818U 2017-041A   26245.00000000  .00000100  00000+0  10000-4 0  9999
2 42818  00.0200 120.0000 0010000  45.0000 315.0000 01.0027226700001
KANOPUS-V-IK
1 42825U 2017-042A   26245.00000000  .00000100  00000+0  10000-4 0  9999
2 42825  97.3500 120.0000 0010000  45.0000 315.0000 15.2252061700001
NORSAT 1
1 42826U 2017-042B   26245.00000000  .00000100  00000+0  10000-4 0  9999
2 42826  97.4500 120.0000 0010000  45.0000 315.0000 15.1483273700001
NORSAT 2
1 42828U 2017-042D   26245.00000000  .00000100  00000+0  10000-4 0  9999
2 42828  97.4100 120.0000 0010000  45.0000 315.0000 15.2300370200001
TECHNOSAT
1 42829U 2017-042E   26245.00000000  .00000100  00000+0  10000-4 0  9999
2 42829  97.4400 120.0000 0010000  45.0000 315.0000 15.0533138200001
WNISAT 1R
1 42835U 2017-042L   26245.00000000  .00000100  00000+0  10000-4 0  9999
2 42835  97.4800 120.0000 0010000  45.0000 315.0000 15.0203400400001
LEMUR-2-GREENBERG
1 42837U 2017-042N   26245.00000000  .00000100  00000+0  10000-4 0  9999
2 42837  97.3900 120.0000 0010000  45.0000 315.0000 15.3321976100001
LEMUR-2-ANDIS
1 42838U 2017-042P   26245.00000000  .00000100  00000+0  10000-4 0  9999
2 42838  97.3700 120.0000 0010000  45.0000 315.0000 15.3731183900001
LEMUR-2-MONSON
1 42839U 2017-042Q   26245.00000000  .00000100  00000+0  10000-4 0  9999
2 42839  97.4100 120.0000 0010000  45.0000 315.0000 15.2963671100001
LEMUR-2-FURIAUS
1 42840U 2017-042R   26245.00000000  .00000100  00000+0  10000-4 0  9999
2 42840  97.3800 120.0000 0010000  45.0000 315.0000 15.3224090200001
LEMUR-2-PETERG
1 42841U 2017-042S   26245.00000000  .00000100  00000+0  10000-4 0  9999
2 42841  97.4000 120.0000 0010000  45.0000 315.0000 15.3632775000001
LEMUR-2-DEMBITZ
1 42842U 2017-042T   26245.00000000  .00000100  00000+0  10000-4 0  9999
2 42842  97.3800 120.0000 0010000  45.0000 315.0000 15.3207788100001
NANOACE
1 42844U 2017-042V   26245.00000000  .00000100  00000+0  10000-4 0  9999
2 42844  97.3800 120.0000 0010000  45.0000 315.0000 15.2574698000001
LEMUR-2-ZACHARY
1 42845U 2017-042W   26245.00000000  .00000100  00000+0  10000-4 0  9999
2 42845  97.3600 120.0000 0010000  45.0000 315.0000 15.5608385600001
CORVUS BC2
1 42846U 2017-042X   26245.00000000  .00000100  00000+0  10000-4 0  9999
2 42846  97.4100 120.0000 0010000  45.0000 315.0000 15.0659133700001
CORVUS BC1
1 42847U 2017-042Y   26245.00000000  .00000100  00000+0  10000-4 0  9999
2 42847  97.4200 120.0000 0010000  45.0000 315.0000 15.0674898000001
OPTSAT-3000
1 42900U 2017-044A   26245.00000000  .00000100  00000+0  10000-4 0  9999
2 42900  97.2000 120.0000 0010000  45.0000 315.0000 15.4010695200001
COSMOS 2520
1 42907U 2017-046A   26245.00000000  .00000100  00000+0  10000-4 0  9999
2 42907  00.0200 120.0000 0010000  45.0000 315.0000 01.0027366400001
TDRS 13
1 42915U 2017-047A   26245.00000000  .00000100  00000+0  10000-4 0  9999
2 42915  03.4700 120.0000 0010000  45.0000 315.0000 01.0027226700001
ORS-5 SENSORSAT
1 42921U 2017-050A   26245.00000000  .00000100  00000+0  10000-4 0  9999
2 42921  00.0500 120.0000 0010000  45.0000 315.0000 15.0109454800001
AMAZONAS 5
1 42934U 2017-053A   26245.00000000  .00000100  00000+0  10000-4 0  9999
2 42934  00.0400 120.0000 0010000  45.0000 315.0000 01.0027296500001
USA 278
1 42941U 2017-056A   26245.00000000  .00000100  00000+0  10000-4 0  9999
2 42941  62.8800 120.0000 0010000  45.0000 315.0000 02.0058783400001
ASIASAT 9
1 42942U 2017-057A   26245.00000000  .00000100  00000+0  10000-4 0  9999
2 42942  00.0200 120.0000 0010000  45.0000 315.0000 01.0027087100001
YAOGAN-30 02A
1 42945U 2017-058A   26245.00000000  .00000100  00000+0  10000-4 0  9999
2 42945  35.0000 120.0000 0010000  45.0000 315.0000 15.0344539600001
YAOGAN-30 02B
1 42946U 2017-058B   26245.00000000  .00000100  00000+0  10000-4 0  9999
2 42946  35.0000 120.0000 0010000  45.0000 315.0000 15.0313152400001
YAOGAN-30 02C
1 42947U 2017-058C   26245.00000000  .00000100  00000+0  10000-4 0  9999
2 42947  35.0000 120.0000 0010000  45.0000 315.0000 15.0485944200001
USA 279
1 42949U 2017-066A   26245.00000000  .00000100  00000+0  10000-4 0  9999
2 42949  03.2800 120.0000 0010000  45.0000 315.0000 01.0027366400001
INTELSAT 37E (IS-37E)
1 42950U 2017-059A   26245.00000000  .00000100  00000+0  10000-4 0  9999
2 42950  00.0100 120.0000 0010000  45.0000 315.0000 01.0027226700001
BSAT-4A
1 42951U 2017-059B   26245.00000000  .00000100  00000+0  10000-4 0  9999
2 42951  00.0600 120.0000 0010000  45.0000 315.0000 01.0027087100001
VRSS-2
1 42954U 2017-060A   26245.00000000  .00000100  00000+0  10000-4 0  9999
2 42954  97.6500 120.0000 0010000  45.0000 315.0000 14.8132908100001
IRIDIUM 133
1 42955U 2017-061A   26245.00000000  .00000100  00000+0  10000-4 0  9999
2 42955  86.4000 120.0000 0010000  45.0000 315.0000 14.3426294800001
IRIDIUM 100
1 42956U 2017-061B   26245.00000000  .00000100  00000+0  10000-4 0  9999
2 42956  86.4000 120.0000 0010000  45.0000 315.0000 14.3426294800001
IRIDIUM 122
1 42957U 2017-061C   26245.00000000  .00000100  00000+0  10000-4 0  9999
2 42957  86.4000 120.0000 0010000  45.0000 315.0000 14.3426294800001
IRIDIUM 129
1 42958U 2017-061D   26245.00000000  .00000100  00000+0  10000-4 0  9999
2 42958  86.4000 120.0000 0010000  45.0000 315.0000 14.3426294800001
IRIDIUM 119
1 42959U 2017-061E   26245.00000000  .00000100  00000+0  10000-4 0  9999
2 42959  86.4000 120.0000 0010000  45.0000 315.0000 14.3426294800001
IRIDIUM 107
1 42960U 2017-061F   26245.00000000  .00000100  00000+0  10000-4 0  9999
2 42960  86.4000 120.0000 0010000  45.0000 315.0000 14.3426294800001
IRIDIUM 132
1 42961U 2017-061G   26245.00000000  .00000100  00000+0  10000-4 0  9999
2 42961  86.4000 120.0000 0010000  45.0000 315.0000 14.3426294800001
IRIDIUM 136
1 42962U 2017-061H   26245.00000000  .00000100  00000+0  10000-4 0  9999
2 42962  86.4000 120.0000 0010000  45.0000 315.0000 14.3426294800001
IRIDIUM 139
1 42963U 2017-061J   26245.00000000  .00000100  00000+0  10000-4 0  9999
2 42963  86.4000 120.0000 0010000  45.0000 315.0000 14.3426294800001
IRIDIUM 125
1 42964U 2017-061K   26245.00000000  .00000100  00000+0  10000-4 0  9999
2 42964  86.4000 120.0000 0010000  45.0000 315.0000 14.3426294800001
SES-11 (ECHOSTAR 105)
1 42967U 2017-063A   26245.00000000  .00000100  00000+0  10000-4 0  9999
2 42967  00.0400 120.0000 0010000  45.0000 315.0000 01.0027226700001
KOREASAT 5A
1 42984U 2017-067A   26245.00000000  .00000100  00000+0  10000-4 0  9999
2 42984  00.0200 120.0000 0010000  45.0000 315.0000 01.0026807800001
COSMOS 2523
1 42986U 2017-037E   26245.00000000  .00000100  00000+0  10000-4 0  9999
2 42986  97.5000 120.0000 0010000  45.0000 315.0000 14.9563772300001
MOHAMMED VI-A
1 43005U 2017-070A   26245.00000000  .00000100  00000+0  10000-4 0  9999
2 43005  97.9500 120.0000 0010000  45.0000 315.0000 14.7707457200001
HEAD-1
1 43011U 2017-072B   26245.00000000  .00000100  00000+0  10000-4 0  9999
2 43011  98.9600 120.0000 0010000  45.0000 315.0000 14.2885493200001
MAKERSAT 0
1 43016U 2017-073D   26245.00000000  .00000100  00000+0  10000-4 0  9999
2 43016  97.4500 120.0000 0010000  45.0000 315.0000 15.3436334600001
STARLINK-1008
1 44714U 19074B   26244.85778710  .00082321  00000+0  88762-3 0  9991
2 44714  53.1490  58.1766 0003624  92.3520 267.7910 15.62985876376154
STARLINK-1012
1 44718U 19074F   26245.61716254  .00079134  00000+0  83579-3 0  9994
2 44718  53.1507  54.7248 0001468 274.1883  85.8965 15.63535771376267
STARLINK-1017
1 44723U 19074L   26245.48886073  .00037560  00000+0  99393-3 0  9990
2 44723  53.0445  66.7831 0001283 269.3192  90.7664 15.38047234376050
STARLINK-1020
1 44725U 19074N   26245.54122703  .00035968  00000+0  32199-3 0  9993
2 44725  53.1506  75.8683 0000604 137.4746 222.6318 15.68018505375944
STARLINK-1036
1 44741U 19074AE  26245.61597567  .00142721  00000+0  54673-3 0  9990
2 44741  53.0379  32.5680 0002772 282.3918  77.6795 15.86527583376539
STARLINK-1039
1 44744U 19074AH  26244.91525180  .00020471  00000+0  61935-3 0  9993
2 44744  53.0567 116.9212 0002523  70.2285 289.8989 15.34192047375306
STARLINK-1042
1 44747U 19074AL  26245.48169102  .00019961  00000+0  24530-3 0  9999
2 44747  53.0398 320.8166 0004646   0.8224 359.2795 15.60294736377569
STARLINK-1043
1 44748U 19074AM  26245.16570814  .00047148  00000+0  35985-3 0  9995
2 44748  53.0461  52.0186 0001454 163.2367 196.8698 15.71748721376233
STARLINK-1046
1 44751U 19074AQ  26245.55275686  .00039796  00000+0  33361-3 0  9997
2 44751  53.0429  74.9989 0000575 227.3109 132.7859 15.69571975375941
STARLINK-1047
1 44752U 19074AR  26244.70932702  .00008211  00000+0  22794-3 0  9999
2 44752  53.0675  40.9509 0001943  51.6903 308.4275 15.37807254376375
STARLINK-1048
1 44753U 19074AS  26244.80671895  .00067278  00000+0  40415-3 0  9992
2 44753  53.0432  22.5763 0004015 330.9907  29.0889 15.77142642376605
STARLINK-1063
1 44768U 19074BH  26245.59048035  .00071936  00000+0  88450-3 0  9996
2 44768  53.1494  96.5692 0003729 122.1297 238.0078 15.59632196375694
STARLINK-1067
1 44771U 19074BL  26245.56121857  .00464322  10961-3  70923-3 0  9993
2 44771  53.0349  40.9723 0006218 307.2373  52.8090 16.03826018376416
STARLINK-1068
1 44772U 19074BM  26245.66668981  .00155008  20440-4  40556-3 0  9990
2 44772  53.0340  16.4067 0003371 318.1887 211.8518 15.94623058  5885
STARLINK-1114
1 44927U 20001P   26245.54587101  .00077392  00000+0  39861-3 0  9996
2 44927  53.0352 180.2060 0005952  84.8581 275.3119 15.80491456367803
STARLINK-1123
1 44930U 20001S   26245.61489254  .00039491  00000+0  32263-3 0  9995
2 44930  53.1374 214.0625 0001833 113.0792 247.0419 15.70200990367368
STARLINK-1094
1 44941U 20001AD  26245.53725897  .00033093  00000+0  32744-3 0  9990
2 44941  53.1458 192.0408 0003388  38.7417 321.3842 15.65567468367671
STARLINK-1122
1 44949U 20001AM  26245.56145775  .00031826  00000+0  31931-3 0  9991
2 44949  53.1482 192.7016 0002885  54.4187 305.7098 15.65240090367665
STARLINK-1080
1 44961U 20001AZ  26245.00095619  .00065987  00000+0  38532-3 0  9994
2 44961  53.0434 144.2918 0004402  95.2494 264.9029 15.77786619368261
STARLINK-1090
1 44968U 20001BG  26245.33232556  .00052440  00000+0  61097-3 0  9992
2 44968  53.1421 184.1185 0002153  75.4083 284.7170 15.61179233367761
STARLINK-1132
1 45044U 20006A   26244.96905026  .00043606  00000+0  33500-3 0  9992
2 45044  53.1455 121.6475 0001990 140.9358 219.1805 15.71629464364382
STARLINK-1131
1 45047U 20006D   26245.06030933  .00034990  00000+0  34836-3 0  9992
2 45047  53.1494 157.1439 0004852  93.9764 266.1806 15.65377401363892
STARLINK-1134
1 45048U 20006E   26245.31028660  .00039038  00000+0  35299-3 0  9997
2 45048  53.0185 101.7340 0004992  43.6381 316.5028 15.67717910364653
STARLINK-1156
1 45054U 20006L   26245.12898553  .00049090  00000+0  11326-2 0  9992
2 45054  53.1531 175.2650 0002010  72.4280 287.6945 15.42097879363645
STARLINK-1166
1 45060U 20006S   26245.60259042  .00058151  00000+0  35930-3 0  9992
2 45060  53.0366 130.2190 0001951 193.9997 166.0968 15.76570385364285
STARLINK-1169
1 45061U 20006T   26245.08052176  .00056133  00000+0  11117-2 0  9992
2 45061  53.1502 171.7152 0002536 121.2653 238.8604 15.46547615363696
STARLINK-1171
1 45062U 20006U   26245.66668981  .00131987  17594-4  40506-3 0  9991
2 45062  53.0314  87.4004 0002881 195.6657 203.7315 15.91668368  5982
STARLINK-1133
1 45064U 20006W   26244.97635291  .00044783  00000+0  10389-2 0  9995
2 45064  53.1524 152.8242 0001619  98.7590 261.3599 15.41974705363954
STARLINK-1167
1 45071U 20006AD  26245.01800200  .00050082  00000+0  10457-2 0  9998
2 45071  53.1521 149.9764 0003859 129.5059 230.6290 15.45049784363991
STARLINK-1168
1 45072U 20006AE  26245.05770552  .00043509  00000+0  98670-3 0  9999
2 45072  53.1532 152.3288 0001832  99.0995 261.0218 15.42668266363966
STARLINK-1172
1 45074U 20006AG  26245.43441453  .00020418  00000+0  41907-3 0  9993
2 45074  53.1503 146.6681 0003272 108.3373 251.7991 15.46027644364073
STARLINK-1153
1 45080U 20006AN  26245.06265139  .00049844  00000+0  10361-2 0  9997
2 45080  53.1536 149.6546 0003751 145.1297 214.9957 15.45183432364008
STARLINK-1185
1 45087U 20006AV  26244.93346376  .00045986  00000+0  65941-3 0  9990
2 45087  53.1527 124.5289 0001763  94.5139 265.6075 15.55714826364343
STARLINK-1183
1 45088U 20006AW  26245.00738164  .00043581  00000+0  10170-2 0  9992
2 45088  53.1533 137.5697 0001840  89.4734 270.6482 15.41810916364168
STARLINK-1152
1 45096U 20006BE  26245.53737769  .00061860  00000+0  79379-3 0  9996
2 45096  53.0288  79.0809 0003708  97.7513 262.3919 15.58564260364990
STARLINK-1184
1 45098U 20006BG  26245.03353670  .00022317  00000+0  11037-2 0  9998
2 45098  53.0483 164.1767 0002376  12.3882 347.7170 15.17763143363756
STARLINK-1193
1 45100U 20006BJ  26244.94938724  .00064301  00000+0  37448-3 0  9994
2 45100  53.0408  82.1951 0003859 208.3979 151.6831 15.77858935364894
STARLINK-1202
1 45183U 20012F   26245.54512719  .00038987  00000+0  90876-3 0  9996
2 45183  53.1522 291.8625 0001567  61.9464 298.1700 15.41895647362113
STARLINK-1216
1 45185U 20012H   26245.52841693  .00013812  00000+0  30062-3 0  9993
2 45185  53.1545 290.4259 0001941  16.1523 343.9545 15.44611573362070
STARLINK-1225
1 45187U 20012K   26245.30901335  .00010324  00000+0  24848-3 0  9991
2 45187  53.1533 293.0920 0002114  25.2959 334.8150 15.41901098362061
STARLINK-1230
1 45189U 20012M   26245.32423696  .00037748  00000+0  87458-3 0  9999
2 45189  53.1527 293.1294 0001965  31.1350 328.9772 15.42091636359299
STARLINK-1234
1 45190U 20012N   26245.93535216  .00453698  11184-3  52703-3 0  9990
2 45190  53.0242 157.5669 0003615 145.3470 214.7798 16.08258755363877
STARLINK-1269
1 45197U 20012V   26245.32038596  .00035493  00000+0  82703-3 0  9992
2 45197  53.1528 293.0038 0002422   8.1691 351.9354 15.41949078362045
STARLINK-1154
1 45198U 20012W   26245.25833115  .00043234  00000+0  34331-3 0  9991
2 45198  53.0382 229.1196 0001666  24.3073 335.8022 15.70840757362860
STARLINK-1199
1 45201U 20012Z   26245.48297155  .00030911  00000+0  71800-3 0  9999
2 45201  53.1536 276.4694 0000719  36.7629 323.3426 15.42114519362316
STARLINK-1209
1 45206U 20012AE  26245.10955355  .00089117  00000+0  41946-3 0  9996
2 45206  53.0289 185.0485 0006433  80.7648 279.4101 15.82380171362579
STARLINK-1231
1 45212U 20012AL  26245.46541756  .00028027  00000+0  87180-3 0  9991
2 45212  53.0361 275.7015 0003637 358.3886   1.7102 15.33120789362248
STARLINK-1271
1 45217U 20012AR  26245.46663283  .00035314  00000+0  80798-3 0  9991
2 45217  53.1532 276.5216 0001530  52.1597 307.9548 15.42500185362319
STARLINK-1191
1 45222U 20012AW  26245.25092949  .00013462  00000+0  23422-3 0  9990
2 45222  53.1511 247.6512 0001202  90.2754 269.8394 15.51134867362702
STARLINK-1212
1 45223U 20012AX  26245.30150402  .00077838  00000+0  39373-3 0  9995
2 45223  53.0365 200.2965 0005872  69.7351 290.4301 15.80883943363333
STARLINK-1215
1 45225U 20012AZ  26245.33486377  .00040498  00000+0  93068-3 0  9996
2 45225  53.1525 251.3900 0002147  64.6079 295.5149 15.42303033362614
STARLINK-1221
1 45227U 20012BB  26245.03050316  .00021096  00000+0  37122-3 0  9997
2 45227  53.0608 149.7773 0003167 146.1215 213.9996 15.50442759363978
STARLINK-1222
1 45228U 20012BC  26245.16694758  .00035103  00000+0  38318-3 0  9998
2 45228  53.0496 208.8313 0004178  70.9136 289.2330 15.63037695363094
STARLINK-1226
1 45229U 20012BD  26245.38626503  .00065595  00000+0  10118-2 0  9991
2 45229  53.1508 240.9864 0003008  57.5109 302.6193 15.53560623362705
STARLINK-1227
1 45230U 20012BE  26245.26365562  .00062163  00000+0  95752-3 0  9991
2 45230  53.1480 241.6250 0003338  71.3374 288.7999 15.53621773362800
STARLINK-1246
1 45235U 20012BK  26245.50876658  .00033560  00000+0  77377-3 0  9998
2 45235  53.1520 291.6021 0003026  64.2399 295.8919 15.42292425362136
STARLINK-1270
1 45237U 20012BM  26245.15230901  .00070249  00000+0  38525-3 0  9993
2 45237  53.0362 203.4678 0005822  69.7594 290.4052 15.79150653363274
STARLINK-1279
1 45360U 20019A   26245.55255861  .05416568  12138-4  10851-2 0  9997
2 45360  53.0153 292.2211 0002654 338.5791  21.5140 16.30679862358613
STARLINK-1262
1 45366U 20019G   26244.89284329  .00047429  00000+0  11325-2 0  9998
2 45366  53.1512  61.6184 0001909  88.6971 271.4253 15.41081259356809
STARLINK-1273
1 45367U 20019H   26245.08556781  .00038312  00000+0  35105-3 0  9999
2 45367  53.0399  19.6425 0000627  68.1353 291.9729 15.67411299357373
STARLINK-1276
1 45368U 20019J   26244.96497774  .00016541  00000+0  81658-3 0  9996
2 45368  53.0692  85.8274 0001277  99.6866 260.4273 15.18023421356441
STARLINK-1277
1 45369U 20019K   26244.76348091  .00067040  00000+0  40348-3 0  9993
2 45369  53.0407   9.8871 0001470 329.1389  30.9544 15.77109344357481
STARLINK-1281
1 45370U 20019L   26245.50382749  .00042702  00000+0  98734-3 0  9996
2 45370  53.1533  57.8507 0001643  27.7374 332.3720 15.42096437356912
STARLINK-1300
1 45374U 20019Q   26244.89321182  .00052644  00000+0  11749-2 0  9991
2 45374  53.1552  60.2193 0001789  54.1477 305.9696 15.43061543356824
STARLINK-1302
1 45375U 20019R   26244.73492576  .00061317  00000+0  37552-3 0  9999
2 45375  53.0420   5.8646 0004554 354.5615   5.5355 15.76740491357536
STARLINK-1304
1 45376U 20019S   26245.60513327  .00050075  00000+0  37141-3 0  9998
2 45376  53.0405   5.5159 0001966   5.0425 355.0612 15.72399980357614
STARLINK-1305
1 45377U 20019T   26245.66668981  .00120874  00000+0  42233-3 0  9995
2 45377  53.0328 336.7216 0005531   6.9201  62.9460 15.88449116  6010
STARLINK-1319
1 45379U 20019V   26245.59229692  .00290327  47844-4  47911-3 0  9992
2 45379  53.0284 323.2208 0009613 355.6062   4.4882 16.02536484358201
STARLINK-1266
1 45383U 20019Z   26244.72559975  .00055573  00000+0  37425-3 0  9990
2 45383  53.0430 353.3332 0000210 161.7909 198.3117 15.74615354357701
STARLINK-1267
1 45384U 20019AA  26245.00002315 -.00003194  00000+0 -12017-4 0  9999
2 45384  53.0405 340.4074 0004070 346.7810 227.1491 15.81804072  6003
STARLINK-1272
1 45386U 20019AC  26245.66668981  .00205723  26563-4  66770-3 0  9991
2 45386  53.0321 312.1119 0007832 359.0314 281.4495 15.90352488  5974
STARLINK-1274
1 45387U 20019AD  26245.66668981  .00190301  00000+0  91885-3 0  9995
2 45387  53.0132 317.0486 0007055  17.5776  97.6220 15.81485540  6005
STARLINK-1283
1 45389U 20019AF  26245.51420911  .00101596  00000+0  41633-3 0  9994
2 45389  53.0305 313.4961 0004263  14.3874 345.7270 15.85269034358339
STARLINK-1284
1 45390U 20019AG  26245.00002315  .00038866  00000+0  18752-3 0  9999
2 45390  53.0392 341.3881 0004866 321.6466 299.7138 15.82207199  6015
STARLINK-1297
1 45395U 20019AM  26245.66668981  .00119082  00000+0  42685-3 0  9995
2 45395  53.0363 335.1995 0006029 350.8409 214.3451 15.87935470  6026
STARLINK-1307
1 45397U 20019AP  26244.62003883  .00030699  00000+0  34154-3 0  9994
2 45397  53.0507 358.3366 0001434  41.6545 318.4577 15.62624287357453
STARLINK-1255
1 45399U 20019AR  26244.48015225  .00049682  00000+0  33839-3 0  9994
2 45399  53.0324 320.2721 0004616  25.0593 335.0648 15.74388898357956
STARLINK-1260
1 45404U 20019AW  26244.64938940  .00027315  00000+0  57514-3 0  9992
2 45404  53.1539  22.5602 0001693 355.9980   4.1014 15.45100217357045
STARLINK-1263
1 45405U 20019AX  26244.65939032  .00053832  00000+0  12261-2 0  9999
2 45405  53.1549  25.6464 0002119  45.6517 314.4662 15.42444612357009
STARLINK-1265
1 45406U 20019AY  26245.64562091  .00054009  00000+0  10648-2 0  9991
2 45406  53.1529  17.4710 0001255 290.6919  69.3955 15.46699021357202
STARLINK-1278
1 45408U 20019BA  26245.00002315  .00144612  00000+0  48001-3 0  9996
2 45408  53.0330 336.6778 0006039 341.8936 256.4038 15.89394713  6025
STARLINK-1296
1 45412U 20019BE  26244.58433728  .00028576  00000+0  58826-3 0  9995
2 45412  53.1532  22.1907 0001088   1.6497 358.4514 15.45738763357040
STARLINK-1309
1 45414U 20019BG  26245.00002315  .00052052  00000+0  21044-3 0  9997
2 45414  53.0541 332.1261 0005066 347.0602 223.2504 15.85808022  5973
STARLINK-1316
1 45415U 20019BH  26244.79090366  .00058365  00000+0  11445-2 0  9992
2 45415  53.1525  20.9053 0002348 353.9291   6.1688 15.46819648357107
STARLINK-1286
1 45417U 20019BK  26244.58427555  .00077932  00000+0  50030-3 0  9990
2 45417  53.0414 350.7850 0001287 297.2826  62.8061 15.75581377357728
STARLINK-1308
1 45419U 20019BM  26244.63963514  .00057210  00000+0  38663-3 0  9993
2 45419  53.0436   9.5271 0005041 320.2207  39.8441 15.74508977357216
STARLINK-1329
1 45531U 20025A   26245.27892468  .00121360  00000+0  40447-3 0  9996
2 45531  53.0339 283.5276 0005458  25.0943 335.0346 15.89391623353250
STARLINK-1338
1 45532U 20025B   26244.52144355  .00080757  00000+0  36324-3 0  9992
2 45532  53.0375 296.6821 0005119 358.3215   1.7790 15.83397145353002
STARLINK-1350
1 45535U 20025E   26245.46092599  .00039568  00000+0  91408-3 0  9999
2 45535  53.0686 279.6449 0001756  25.6953 334.4139 15.42155536353377
STARLINK-1362
1 45538U 20025H   26244.60205967  .00031855  00000+0  67362-3 0  9995
2 45538  53.1549 355.2108 0001916  91.4896 268.6331 15.44891467352235
STARLINK-1368
1 45540U 20025K   26245.00002315  .00016981  00000+0  35868-3 0  9994
2 45540  53.1534 353.5416 0002155  40.0498  14.3598 15.45321338  5905
STARLINK-1371
1 45542U 20025M   26245.45965256  .00054805  00000+0  31088-3 0  9994
2 45542  53.0382 304.0693 0005294   0.3567 359.7456 15.78503971352981
STARLINK-1372
1 45543U 20025N   26244.60139673  .00049231  00000+0  10064-2 0  9994
2 45543  53.1540 354.6683 0002135  39.5788 320.5375 15.45682194351332
STARLINK-1373
1 45544U 20025P   26245.54595347  .00067811  00000+0  34088-3 0  9990
2 45544  53.0369 297.4554 0005585   3.3932 356.7126 15.81075528353080
STARLINK-1327
1 45555U 20025AA  26245.37803807  .00084182  00000+0  36329-3 0  9996
2 45555  53.0342 274.4536 0006577  15.3703 344.7518 15.84242546353383
STARLINK-1356
1 45564U 20025AK  26245.30256752  .00042037  00000+0  30285-3 0  9998
2 45564  53.0391 292.7728 0002624   7.9273 352.1786 15.73161397353125
STARLINK-1357
1 45565U 20025AL  26245.26882915  .00076742  00000+0  38572-3 0  9997
2 45565  53.0366 245.9644 0007961  47.1344 313.0345 15.81007005353782
STARLINK-1361
1 45567U 20025AN  26245.55489085  .00056772  00000+0  32009-3 0  9992
2 45567  53.0368 287.6334 0005341  15.2900 344.8281 15.78624860353229
STARLINK-1376
1 45570U 20025AR  26244.93782440  .00046099  00000+0  92325-3 0  9996
2 45570  53.1531 329.1531 0003318   6.2097 353.8951 15.46306516352623
STARLINK-1321
1 45573U 20025AU  26245.47050723  .00063032  00000+0  34311-3 0  9998
2 45573  53.0346 271.5885 0006075  25.5178 334.6141 15.79356218353133
STARLINK-1331
1 45578U 20025AZ  26245.50999123  .00059926  00000+0  33196-3 0  9990
2 45578  53.0416 278.5327 0005021  16.3944 343.7238 15.78997602353352
STARLINK-1333
1 45580U 20025BB  26244.96442610  .00044805  00000+0  10039-2 0  9996
2 45580  53.1541 332.4497 0002116  29.1048 331.0076 15.43014554352584
STARLINK-1335
1 45581U 20025BC  26244.51235616  .00045987  00000+0  97109-3 0  9990
2 45581  53.1518 330.2666 0004295  26.0153 334.1069 15.44753372352569
STARLINK-1337
1 45582U 20025BD  26245.66668981  .00133077  17733-4  40169-3 0  9991
2 45582  53.0351 261.1001 0007925  32.5323 239.9740 15.91934046  6030
STARLINK-1347
1 45586U 20025BH  26245.30358542  .00075969  00000+0  40626-3 0  9992
2 45586  53.0341 238.6535 0005332  55.8702 304.2824 15.79679448353877
STARLINK-1364
1 45589U 20025BL  26245.39731830  .00062850  00000+0  32747-3 0  9999
2 45589  53.0345 274.4415 0003899  23.6213 336.4986 15.80334938353381
STARLINK-1365
1 45590U 20025BM  26245.46981523  .00045798  00000+0  32430-3 0  9996
2 45590  53.0411 312.1035 0003414   2.4398 357.6636 15.73524683352888
STARLINK-1443
1 45660U 20035D   26244.95107895  .00021538  00000+0  55407-3 0  9995
2 45660  53.1317 323.0476 0003143 355.9227   4.1751 15.39219120345780
STARLINK-1446
1 45663U 20035G   26245.24603547  .00030261  00000+0  48848-3 0  9990
2 45663  53.0185 234.7287 0003812  80.9381 279.2059 15.52649613347015
STARLINK-1448
1 45665U 20035J   26245.66668981  .00069434  00000+0  25023-3 0  9995
2 45665  53.0344 257.8983 0007801  31.3740  73.3596 15.88015823  5989
STARLINK-1451
1 45668U 20035M   26244.65932304  .00021950  00000+0  10822-2 0  9990
2 45668  53.0520 346.5894 0001054  63.2784 296.8317 15.17883001345401
STARLINK-1452
1 45669U 20035N   26245.25331935  .00043643  00000+0  36471-3 0  9993
2 45669  53.0187 243.4470 0000667 319.1048  40.9918 15.69605311346893
STARLINK-1453
1 45670U 20035P   26245.66668981  .00192895  24869-4  59649-3 0  9994
2 45670  53.0297 217.3198 0008447  64.7990 262.6268 15.91307315  6024
STARLINK-1454
1 45671U 20035Q   26245.36893337  .00108182  00000+0  43128-3 0  9994
2 45671  53.0370 261.7465 0007482  27.7420 332.4001 15.85787275346637
STARLINK-1456
1 45673U 20035S   26245.24089867  .00066248  00000+0  36947-3 0  9995
2 45673  53.0385 259.5301 0006449  20.4936 339.6342 15.78795547346677
STARLINK-1458
1 45675U 20035U   26245.28650225  .00055808  00000+0  37914-3 0  9998
2 45675  53.0401 277.8505 0005419  25.5134 334.6151 15.74394457346381
STARLINK-1460
1 45676U 20035V   26245.53594660  .00048726  00000+0  10979-2 0  9999
2 45676  53.1544 317.0748 0001496  10.3232 349.7805 15.42810529345884
STARLINK-1392
1 45677U 20035W   26245.54761056  .00022561  00000+0  46014-3 0  9995
2 45677  53.1494 313.4061 0000339   2.8396 357.2614 15.46148566345970
STARLINK-1394
1 45679U 20035Y   26245.32645619  .00054165  00000+0  33365-3 0  9999
2 45679  53.0326 250.3200 0005283  39.6469 320.4936 15.76654455346805
STARLINK-1402
1 45685U 20035AE  26245.26170194  .00044958  00000+0  33265-3 0  9998
2 45685  53.0372 244.3114 0005231  41.6160 318.5254 15.72491010346896
STARLINK-1404
1 45686U 20035AF  26245.50712374  .00061265  00000+0  94072-3 0  9991
2 45686  53.1520 291.3126 0003141  36.5322 323.5902 15.53715136346285
STARLINK-1413
1 45689U 20035AJ  26245.46366430  .00036911  00000+0  85449-3 0  9995
2 45689  53.1535 302.2679 0001923  47.4764 312.6405 15.42127131346047
STARLINK-1417
1 45693U 20035AN  26245.06921110  .00022460  00000+0  10228-2 0  9994
2 45693  53.0519 329.7662 0003873  55.4631 304.6729 15.20618027345669
STARLINK-1420
1 45695U 20035AQ  26245.66668981  .00046996  00000+0  21588-3 0  9998
2 45695  53.0373 228.8895 0007067  50.9526   6.4384 15.83152108  6017
STARLINK-1422
1 45696U 20035AR  26245.56849535  .00041815  00000+0  89302-3 0  9997
2 45696  53.1534 300.6937 0004642   2.1686 357.9340 15.44461943346151
STARLINK-1351
1 45697U 20035AS  26245.25294801  .00055814  00000+0  35900-3 0  9993
2 45697  53.0358 234.5347 0006170  57.5283 302.6332 15.75649763347027
STARLINK-1400
1 45700U 20035AV  26245.40853582  .00077986  00000+0  36090-3 0  9997
2 45700  53.0384 233.5555 0006111  40.3496 319.7978 15.82797991347044
STARLINK-1403
1 45701U 20035AW  26245.54223196  .00034834  00000+0  83500-3 0  9998
2 45701  53.1516 290.0600 0001923  33.9029 326.2099 15.41105495346298
STARLINK-1407
1 45703U 20035AY  26245.66668981  .00255953  36034-4  71936-3 0  9996
2 45703  53.0184 154.0522 0002523  76.5161  97.5313 15.93118050  6051
STARLINK-1423
1 45710U 20035BF  26245.66668981 -.00049458  00000+0 -25090-3 0  9996
2 45710  53.0383 229.2365 0008097  38.0329 118.4035 15.80597893  6002
STARLINK-1433
1 45711U 20035BG  26245.66668981  .00119992  16310-4  40757-3 0  9999
2 45711  53.0355 224.2818 0007436  56.4072 112.8550 15.89693956  5921
STARLINK-1434
1 45712U 20035BH  26245.49443152  .00041218  00000+0  97663-3 0  9999
2 45712  53.0456 271.6068 0004341   6.1358 353.9699 15.41367579346532
STARLINK-1465
1 45731U 20038B   26245.23950784  .00079423  00000+0  41680-3 0  9996
2 45731  53.0407  76.1012 0001579 155.4783 204.6313 15.80092553344034
STARLINK-1471
1 45735U 20038F   26245.63349467  .00025076  00000+0  30199-3 0  9992
2 45735  53.0428   7.6952 0001304  31.6015 328.5076 15.60681062345043
STARLINK-1480
1 45741U 20038M   26245.55788433  .00059857  00000+0  40011-3 0  9998
2 45741  53.0450  70.6470 0002159 306.7713  53.3107 15.74756132344155
STARLINK-1500
1 45744U 20038Q   26245.55895344  .00017370  00000+0  39333-3 0  9990
2 45744  53.0332  77.5575 0003377 105.5471 254.5907 15.43232313344056
STARLINK-1504
1 45746U 20038S   26244.71888035  .00037671  00000+0  37537-3 0  9998
2 45746  53.0185   5.3801 0001862  47.9115 312.2058 15.65326619344973
STARLINK-1506
1 45747U 20038T   26245.58875783  .00004237  00000+0  14918-3 0  9991
2 45747  53.0744 101.1102 0004649 102.7085 257.4435 15.31497240343741
STARLINK-1464
1 45751U 20038X   26244.93127018  .00079383  00000+0  88105-3 0  9998
2 45751  53.0426  74.6700 0002890 275.0224  85.0460 15.62258263344047
STARLINK-1477
1 45754U 20038AA  26245.57852487  .00026245  00000+0  11079-2 0  9991
2 45754  53.0275 123.3702 0003352 108.2940 251.8421 15.23116902343412
STARLINK-1478
1 45755U 20038AB  26244.74356902  .00116025  00000+0  49857-3 0  9993
2 45755  53.0404  48.4532 0002043 228.5234 131.5614 15.84232692344379
STARLINK-1493
1 45759U 20038AF  26245.63462400  .00046683  00000+0  31644-3 0  9994
2 45759  53.0413  57.9013 0002868 291.6670  68.4043 15.74535237344321
STARLINK-1502
1 45764U 20038AL  26245.49055053  .00057176  00000+0  39793-3 0  9998
2 45764  53.0394  63.0737 0001876 184.6689 175.4312 15.73837892344256
STARLINK-1470
1 45772U 20038AU  26245.56670898  .00034023  00000+0  79982-3 0  9995
2 45772  53.0403  64.3534 0000697 250.3025 109.7905 15.41702947344244
STARLINK-1482
1 45773U 20038AV  26244.95851522  .00047543  00000+0  99282-3 0  9999
2 45773  53.1534  82.9163 0000857 202.4878 157.6092 15.45073346343962
STARLINK-1496
1 45780U 20038BC  26245.13309493  .00096638  00000+0  46638-3 0  9999
2 45780  53.0394  31.5534 0001954 211.8680 148.2223 15.81836411344647
STARLINK-1513
1 45786U 20038BJ  26245.57600483  .00029136  00000+0  86454-3 0  9995
2 45786  53.1570  87.5404 0001476 175.4338 184.6679 15.34602470343957
STARLINK-1522
1 46027U 20055A   26245.58807222  .00020925  00000+0  10760-2 0  9997
2 46027  53.0626  44.4275 0000317 117.3314 242.7712 15.16431400335663
STARLINK-1523
1 46028U 20055B   26244.82049754  .00043541  00000+0  12069-2 0  9995
2 46028  53.1589  26.6229 0001727 164.0047 196.1012 15.36544605335896
STARLINK-1526
1 46029U 20055C   26244.78942426 -.00001856  00000+0 -48034-4 0  9997
2 46029  53.1624  27.9156 0001305  94.0334 266.0817 15.31704538335868
STARLINK-1555
1 46032U 20055F   26244.57969361 -.00000225  00000+0  45095-5 0  9998
2 46032  53.1606  28.9006 0001261  98.6543 261.4601 15.31700195335832
STARLINK-1556
1 46033U 20055G   26244.69154553  .00002168  00000+0  81588-4 0  9994
2 46033  53.1601  28.3718 0000877  90.3448 269.7654 15.31707615335829
STARLINK-1557
1 46034U 20055H   26244.63563144 -.00000412  00000+0 -15022-5 0  9992
2 46034  53.1618  28.6940 0001023  72.0830 288.0283 15.31701929335817
STARLINK-1558
1 46035U 20055J   26244.71488064  .00005797  00000+0  19827-3 0  9993
2 46035  53.1608  28.3961 0001339  59.3764 300.7370 15.31723488335858
STARLINK-1560
1 46036U 20055K   26244.69622191  .00008223  00000+0  27642-3 0  9993
2 46036  53.1607  28.4363 0000865  76.5155 283.5943 15.31704709335852
STARLINK-1569
1 46039U 20055N   26244.83602821  .00002774  00000+0  10110-3 0  9997
2 46039  53.1603  27.6939 0000773 123.4340 236.6736 15.31703837335868
STARLINK-1582
1 46043U 20055S   26244.77933963  .00000585  00000+0  30602-4 0  9996
2 46043  53.1598  27.2610 0000804  89.7641 270.3452 15.31706044335864
STARLINK-1591
1 46045U 20055U   26245.12966302  .00001855  00000+0  71527-4 0  9993
2 46045  53.1607  26.3275 0001080  95.1497 264.9628 15.31697058335892
STARLINK-1524
1 46047U 20055W   26245.59692934  .00003237  00000+0  11602-3 0  9996
2 46047  53.1602  10.7539 0001300  89.7742 270.3408 15.31699576336172
STARLINK-1527
1 46048U 20055X   26245.07025659  .00000386  00000+0  24210-4 0  9996
2 46048  53.1603  13.1846 0001031  91.1999 268.9120 15.31693288336060
STARLINK-1540
1 46051U 20055AA  26245.05630466  .00003821  00000+0  13483-3 0  9992
2 46051  53.1588  13.4615 0001081  87.3337 272.7788 15.31698123336102
STARLINK-1543
1 46053U 20055AC  26245.61557387  .00002930  00000+0  10616-3 0  9991
2 46053  53.1609  10.6693 0001156  68.1254 291.9870 15.31697352336187
STARLINK-1548
1 46054U 20055AD  26244.78130441  .00005339  00000+0  18367-3 0  9994
2 46054  53.1597  14.6255 0001062  75.3723 284.7397 15.31703030336050
STARLINK-1554
1 46055U 20055AE  26245.08890934  .00003049  00000+0  10999-3 0  9998
2 46055  53.1622  13.1400 0001016  93.4439 266.6679 15.31693111336106
STARLINK-1564
1 46058U 20055AH  26244.66530144  .00002310  00000+0  86179-4 0  9992
2 46058  53.1604  16.5419 0001138  94.9975 265.1156 15.31698167336012
STARLINK-1570
1 46059U 20055AJ  26244.79060429  .00006672  00000+0  22653-3 0  9992
2 46059  53.1590  14.4058 0001081  93.2056 266.9069 15.31704226336018
STARLINK-1572
1 46060U 20055AK  26245.06146729  .00003478  00000+0  12377-3 0  9996
2 46060  53.1611  14.6959 0001033  83.8921 276.2199 15.31704984336041
STARLINK-1573
1 46061U 20055AL  26244.64610798  .00003956  00000+0  13914-3 0  9991
2 46061  53.1608  15.0532 0001018  94.1365 265.9753 15.31708636336038
STARLINK-1577
1 46063U 20055AN  26245.65283808  .00003548  00000+0  12606-3 0  9997
2 46063  53.1598  10.3531 0001182  82.7753 277.3383 15.31699102336180
STARLINK-1583
1 46064U 20055AP  26245.47113131  .00000600  00000+0  31081-4 0  9994
2 46064  53.1609  11.7059 0001076  84.6931 275.4193 15.31697604336144
STARLINK-1525
1 46066U 20055AR  26245.62688640  .00112351  00000+0  14213-2 0  9998
2 46066  53.0461 339.6704 0009994 353.0508   7.0364 15.58631668336573
STARLINK-1536
1 46070U 20055AV  26244.62415902 -.00001442  00000+0 -34729-4 0  9997
2 46070  53.1590   3.0311 0000899  72.7392 287.3708 15.31695755336190
STARLINK-1542
1 46073U 20055AY  26244.77903010  .00015759  00000+0  51833-3 0  9996
2 46073  53.1598   5.2802 0001015  91.2779 268.8339 15.31711622336169
STARLINK-1549
1 46074U 20055AZ  26245.54994038  .00040155  00000+0  10482-2 0  9995
2 46074  53.0485 356.0024 0001821 329.1164  30.9731 15.38435667336335
STARLINK-1551
1 46075U 20055BA  26244.61517687  .00009227  00000+0  30870-3 0  9993
2 46075  53.1601   3.0162 0001142  75.3650 284.7478 15.31701749336185
STARLINK-1552
1 46076U 20055BB  26244.60113626  .00000174  00000+0  17367-4 0  9997
2 46076  53.1603   2.6601 0001035  65.3439 294.7670 15.31695699336176
STARLINK-1559
1 46077U 20055BC  26245.49490602  .00046647  00000+0  93279-3 0  9998
2 46077  53.0194 320.1008 0002125 339.9257  20.1665 15.46345744336791
STARLINK-1566
1 46079U 20055BE  26244.73627287  .00007755  00000+0  26137-3 0  9993
2 46079  53.1603   1.8832 0001095  96.9929 263.1197 15.31704913336215
STARLINK-1568
1 46080U 20055BF  26245.35192854  .00038914  00000+0  44391-3 0  9994
2 46080  53.0540 260.2616 0004654  15.3084 344.8069 15.61849310337667
STARLINK-1578
1 46082U 20055BH  26245.58893001  .00003368  00000+0  12023-3 0  9995
2 46082  53.1612 358.4349 0001139  64.8991 295.2128 15.31701691336338
STARLINK-1579
1 46083U 20055BJ  26244.72696150  .00004246  00000+0  14848-3 0  9990
2 46083  53.1610   1.9781 0001044  83.6391 276.4729 15.31704170336204
STARLINK-1596
1 46141U 20057AA  26244.87841033  .00081001  00000+0  56587-3 0  9995
2 46141  53.0284  93.1461 0001196 108.1691 251.9457 15.73610333334765
STARLINK-1608
1 46146U 20057AF  26245.16112634  .00052341  00000+0  11202-2 0  9990
2 46146  53.1533 202.1758 0001374  30.6659 329.4428 15.44306652333302
STARLINK-1595
1 46159U 20057AU  26245.98079314  .02775707  11919-4  96985-3 0  9999
2 46159  53.0188 134.8299 0008414 237.4278 122.5950 16.24417844335521
STARLINK-1598
1 46160U 20057AV  26245.58140662  .00444424  99282-4  73257-3 0  9995
2 46160  53.0310 125.3642 0005415 186.1319 173.9646 16.02565400335611
STARLINK-1641
1 46174U 20057BK  26245.66668981  .00164332  00000+0  80428-3 0  9998
2 46174  53.0374 139.7561 0005257 123.0379 315.2068 15.81285351  6002
STARLINK-1762
1 46342U 20062T   26245.30465639  .00045694  00000+0  90399-3 0  9994
2 46342  53.1515 260.8333 0004527  52.8861 307.2559 15.46663342331574
STARLINK-1553
1 46348U 20062Z   26245.07461880  .00024744  00000+0  51039-3 0  9999
2 46348  53.0334 191.3476 0003817  40.8290 319.3002 15.45755752332493
STARLINK-1656
1 46353U 20062AE  26245.66668981  .00349812  62281-4  70156-3 0  9992
2 46353  53.0302 203.3417 0007508  77.2143 226.4678 15.99183958  6032
STARLINK-1661
1 46355U 20062AG  26245.27453230  .00029972  00000+0  60138-3 0  9997
2 46355  53.1505 260.7267 0003491  55.3401 304.7935 15.46458374331576
STARLINK-1724
1 46375U 20062BC  26245.66668981  .00374658  68549-4  83203-3 0  9992
2 46375  53.0106 129.7091 0005558 182.6795  93.6679 15.97382069  6042
STARLINK-1770
1 46383U 20062BL  26245.96719145  .00471561  12055-3  54315-3 0  9996
2 46383  53.0264 146.5133 0004896 183.2895 176.8107 16.08375679333182
STARLINK-1771
1 46384U 20062BM  26245.18777669  .00051099  00000+0  38312-3 0  9998
2 46384  53.0343 205.5849 0004888  71.4747 288.6801 15.72124872332297
STARLINK-1672
1 46537U 20070F   26245.66668981  .00167267  00000+0  62978-3 0  9996
2 46537  53.0351 349.6862 0007364 327.3646 172.0453 15.86775864  6019
STARLINK-1664
1 46553U 20070X   26245.56547842  .00050167  00000+0  46585-3 0  9991
2 46553  53.0393   2.2013 0005435 323.6776  36.3870 15.66945280327574
STARLINK-1714
1 46562U 20070AG  26245.91169095  .01440812  11752-4  90293-3 0  9997
2 46562  53.0182 315.4781 0013210 351.8403   8.2417 16.16907255328258
STARLINK-1730
1 46563U 20070AH  26245.66668981  .00116373  00000+0  69891-3 0  9998
2 46563  53.0177 339.4242 0002772 316.6945 237.3799 15.76929339  5940
STARLINK-1781
1 46685U 20073R   26246.07086594  .01413247  11785-4  75870-3 0  9998
2 46685  53.0242  78.9501 0010902 268.5630  91.4158 16.19034932325061
STARLINK-1797
1 46698U 20073AE  26245.66668981  .00138147  00000+0  46700-3 0  9997
2 46698  53.0312  54.2805 0004707 293.4348 126.7980 15.89061035  5921
STARLINK-1802
1 46702U 20073AJ  26245.59851084  .00051118  00000+0  10092-2 0  9999
2 46702  53.1522 105.5375 0002096 138.7133 221.4034 15.46680145324700
STARLINK-1805
1 46705U 20073AM  26244.95007183  .00763318  28297-3  13905-2 0  9994
2 46705  53.0321  90.2522 0003663 249.1454 110.9184 16.00869131324812
STARLINK-1807
1 46706U 20073AN  26244.94012314  .00041969  00000+0  11360-2 0  9998
2 46706  53.0549 127.1485 0002380  88.4292 271.6983 15.37296718324313
STARLINK-1810
1 46709U 20073AR  26245.66668981  .00172649  00000+0  73267-3 0  9993
2 46709  53.0326  85.2692 0003037 242.9433 268.8513 15.84312864  5908
STARLINK-1821
1 46718U 20073BA  26245.60850447  .00098994  00000+0  92275-3 0  9997
2 46718  53.0348  96.1674 0003832 135.6847 224.4475 15.66575257324808
STARLINK-1828
1 46725U 20073BH  26245.66668981  .00091644  00000+0  34576-3 0  9996
2 46725  53.0410  82.5258 0003876 234.1961  89.4459 15.87014147  6024
STARLINK-1893
1 46786U 20074AZ  26245.66668981  .00328725  56203-4  65813-3 0  9996
2 46786  53.0316 109.7957 0005110 188.7849 280.0220 15.99254913  5884
STARLINK-1942
1 46794U 20074BH  26245.66668981  .00385547  72671-4  82193-3 0  9997
2 46794  53.0282 141.8270 0005358 150.8755  57.7483 15.98114436  6021
STARLINK-1777
1 47122U 20088A   26245.66668981  .00237541  31916-4  74959-3 0  9996
2 47122  53.0368 129.4587 0005071 137.9393  36.0422 15.90891763  5974
STARLINK-1812
1 47126U 20088E   26245.59713009  .00015289  00000+0  60912-3 0  9996
2 47126  53.0933 208.6647 0004205  71.2216 288.9237 15.25425042318784
STARLINK-1845
1 47135U 20088P   26245.66668981  .00403939  80405-4  78806-3 0  9998
2 47135  53.0326 118.6721 0005719 192.3070 273.9292 15.99673851  6038
STARLINK-1856
1 47143U 20088X   26245.66668981  .00164409  00000+0  53762-3 0  9995
2 47143  53.0377 120.2285 0002699 172.9535 344.4546 15.89654934  6037
STARLINK-1871
1 47157U 20088AM  26245.55959548  .00043261  00000+0  93861-3 0  9996
2 47157  53.1524 187.3769 0002309  85.5239 274.6031 15.43986045319105
STARLINK-1888
1 47171U 20088BB  26245.66668981  .00280967  41203-4  78973-3 0  9990
2 47171  53.0368 126.8208 0005051 154.6753  39.9300 15.93077482  6046
STARLINK-1913
1 47179U 20088BK  26245.15309045  .00049233  00000+0  11473-2 0  9990
2 47179  53.1547 201.6877 0002319  53.5006 306.6213 15.41798183318864
STARLINK-2017
1 47351U 21005C   26245.55233740  .00029388  00000+0  91173-3 0  9999
2 47351  53.1572 270.4877 0002619  49.2362 310.8867 15.33184487310825
STARLINK-2034
1 47352U 21005D   26244.57493853  .00000498  00000+0  27812-4 0  9995
2 47352  53.1605 314.2216 0001322  89.5550 270.5603 15.31691174310120
STARLINK-2045
1 47353U 21005E   26245.27966351 -.00000246  00000+0  38376-5 0  9992
2 47353  53.1597 258.8669 0001236  81.5800 278.5341 15.31700895310960
STARLINK-2046
1 47354U 21005F   26245.48302499  .00026011  00000+0  81425-3 0  9991
2 47354  53.1586 281.1642 0002999  37.9336 322.1877 15.32963269310669
STARLINK-2047
1 47355U 21005G   26245.32433572  .00000126  00000+0  15834-4 0  9993
2 47355  53.1596 268.9951 0001447  97.1773 262.9393 15.31704709310819
STARLINK-2049
1 47356U 21005H   26245.57286604  .00002357  00000+0  87687-4 0  9996
2 47356  53.1592 293.8239 0001125  78.1095 282.0032 15.31707497310484
STARLINK-2050
1 47357U 21005J   26244.51704867  .00002401  00000+0  89101-4 0  9999
2 47357  53.1587 324.6500 0000948  85.3673 274.7437 15.31704737309969
STARLINK-2055
1 47358U 21005K   26245.33053451  .00034167  00000+0  95825-3 0  9990
2 47358  53.1574 294.3124 0002669  11.6649 348.4415 15.36290147310459
STARLINK-2071
1 47361U 21005N   26245.43843528  .00000354  00000+0  23188-4 0  9992
2 47361  53.1581 294.9158 0001439  83.6443 276.4722 15.31704200310455
STARLINK-2076
1 47362U 21005P   26245.56874175  .00039682  00000+0  89362-3 0  9990
2 47362  53.1562 314.2453 0000339 331.5804  28.5184 15.42920138310206
STARLINK-2081
1 47366U 21005T   26244.51201946  .00001916  00000+0  73472-4 0  9993
2 47366  53.1587 324.3798 0001222  87.4403 272.6738 15.31701421309963
STARLINK-2082
1 47367U 21005U   26245.45815534 -.00000555  00000+0 -61174-5 0  9999
2 47367  53.1609 320.0525 0001314  82.3439 277.7712 15.31703644310111
STARLINK-2084
1 47368U 21005V   26244.45641004  .00000201  00000+0  18249-4 0  9998
2 47368  53.1589 324.5573 0001248  95.7979 264.3165 15.31698327309960
STARLINK-2088
1 47371U 21005Y   26244.65734063  .00000409  00000+0  24950-4 0  9998
2 47371  53.1620 327.4595 0001143  76.0205 284.0923 15.31702078309931
STARLINK-2092
1 47373U 21005AA  26245.50940113  .00003409  00000+0  12152-3 0  9993
2 47373  53.1593 319.6347 0001403  83.1661 276.9500 15.31713404310123
STARLINK-2094
1 47375U 21005AC  26244.95011416 -.00001166  00000+0 -25789-4 0  9999
2 47375  53.1615 322.2722 0001303  88.0296 272.0855 15.31707940310032
STARLINK-2096
1 47376U 21005AD  26244.95478049  .00000161  00000+0  16959-4 0  9990
2 47376  53.1609 322.2605 0001139  85.5892 274.5240 15.31706823310031
STARLINK-2097
1 47377U 21005AE  26244.66233255 -.00000166  00000+0  64064-5 0  9994
2 47377  53.1620 327.3736 0001384  84.6667 275.4492 15.31693420309932
STARLINK-2098
1 47378U 21005AF  26245.33941258  .00000366  00000+0  23549-4 0  9992
2 47378  53.1601 272.1066 0001504 102.4452 257.6718 15.31705873310784
STARLINK-2099
1 47379U 21005AG  26245.28339171 -.00004373  00000+0 -12910-3 0  9995
2 47379  53.1597 271.7369 0001470 110.8990 249.2169 15.31730479310789
STARLINK-2101
1 47381U 21005AJ  26245.55028937 -.00007699  00000+0 -23669-3 0  9990
2 47381  53.1589 294.3729 0000891 147.5082 212.5975 15.31686698310487
STARLINK-2102
1 47382U 21005AK  26245.53816945  .00002906  00000+0  10536-3 0  9996
2 47382  53.1584 283.5546 0001350  95.2929 264.8227 15.31709951310635
STARLINK-2103
1 47383U 21005AL  26245.47602264  .00039745  00000+0  93821-3 0  9996
2 47383  53.1553 267.4628 0001393  11.9916 348.1123 15.41506136310869
STARLINK-2104
1 47384U 21005AM  26245.34055605  .00000744  00000+0  35739-4 0  9996
2 47384  53.1587 295.3654 0001210  78.7258 281.3880 15.31705760310449
STARLINK-2105
1 47385U 21005AN  26245.52627237 -.00001354  00000+0 -31853-4 0  9996
2 47385  53.1592 294.1590 0001184  66.8284 293.2842 15.31708452310473
STARLINK-2106
1 47386U 21005AP  26245.45708197  .00002703  00000+0  98823-4 0  9991
2 47386  53.1587 294.8403 0001318  79.3070 280.8080 15.31704993310460
STARLINK-2109
1 47388U 21005AR  26244.47551137  .00031719  00000+0  96145-3 0  9997
2 47388  53.1596 327.9873 0003233  10.1968 349.9100 15.33881980309909
STARLINK-2110
1 47389U 21005AS  26245.41935394  .00034786  00000+0  94825-3 0  9994
2 47389  53.1548 292.8677 0003904   9.1263 350.9811 15.37163985310499
STARLINK-2111
1 47390U 21005AT  26245.58482075  .00004661  00000+0  16181-3 0  9995
2 47390  53.1587 323.1279 0001248  82.4676 277.6468 15.31711631310079
STARLINK-2112
1 47391U 21005AU  26245.55807586  .00014901  00000+0  80223-3 0  9997
2 47391  53.0661 311.7706 0001337  47.4718 312.6388 15.15044623310205
STARLINK-2119
1 47397U 21005BA  26245.57773695  .00036722  00000+0  88883-3 0  9993
2 47397  53.1563 315.9557 0000903 282.0484  78.0420 15.40786896310188
STARLINK-2121
1 47399U 21005BC  26245.55418960  .00004817  00000+0  16680-3 0  9990
2 47399  53.1564 293.6303 0001352  89.0120 271.1037 15.31716055310497
STARLINK-2122
1 47400U 21005BD  26245.48380994  .00002484  00000+0  91790-4 0  9994
2 47400  53.1596 270.7909 0001149  92.1634 267.9499 15.31696746310817
STARLINK-2123
1 47401U 21005BE  26245.40507449  .00002088  00000+0  79009-4 0  9992
2 47401  53.1600 294.5930 0001022  75.1756 284.9359 15.31705964310466
STARLINK-2130
1 47405U 21005BJ  26244.50267145 -.00001398  00000+0 -33295-4 0  9994
2 47405  53.1590 324.2607 0001214  85.5573 274.5567 15.31697491309969
STARLINK-2134
1 47407U 21005BL  26245.61331804  .00025568  00000+0  78636-3 0  9993
2 47407  53.1589 295.2908 0002859  33.2410 326.8771 15.33536084310463
STARLINK-2135
1 47408U 21005BM  26245.55320947  .00029886  00000+0  91891-3 0  9998
2 47408  53.1591 293.9749 0003074  34.0831 326.0368 15.33459784310488
STARLINK-1954
1 47555U 21009H   26245.29675783  .00053829  00000+0  99302-3 0  9996
2 47555  53.0476 255.4253 0003970  33.6717 326.4542 15.48607982308170
STARLINK-2001
1 47596U 21009BA  26245.66668981  .00321753  53542-4  68823-3 0  9996
2 47596  53.0284 226.2161 0008652  53.0602 115.5886 15.98035886  6038
STARLINK-1609
1 47621U 21012B   26245.57750250  .00045093  00000+0  62778-3 0  9999
2 47621  53.1530 304.7805 0003253   9.3094 350.7978 15.56521277307431
STARLINK-1704
1 47625U 21012F   26245.66668981  .00051728  00000+0  26274-3 0  9995
2 47625  53.0375 279.7178 0008028  33.9761 234.4187 15.80936809  6001
STARLINK-1972
1 47627U 21012H   26245.66668981  .00122556  00000+0  53637-3 0  9998
2 47627  53.0390 177.2524 0007012  87.2070 333.9422 15.83793825  6014
STARLINK-1973
1 47628U 21012J   26245.52871139  .00003687  00000+0  13049-3 0  9991
2 47628  53.1596 322.0486 0001176  72.4234 287.6895 15.31708930307181
STARLINK-1983
1 47630U 21012L   26245.44893683  .00027540  00000+0  85356-3 0  9997
2 47630  53.1579 306.8723 0002898  27.5119 332.6036 15.33249425307363
STARLINK-1992
1 47632U 21012N   26245.27323288  .00001396  00000+0  56749-4 0  9995
2 47632  53.1587 230.9465 0001378  84.6496 275.4662 15.31701045308413
STARLINK-2015
1 47638U 21012U   26245.27133829  .00043283  00000+0  97310-3 0  9990
2 47638  53.1545 225.7641 0001142  79.4318 280.6817 15.42929575308484
STARLINK-2031
1 47648U 21012AE  26245.54859650  .00000667  00000+0  33243-4 0  9993
2 47648  53.1603 306.4970 0001090  79.3913 280.7211 15.31700617307406
STARLINK-2033
1 47650U 21012AG  26245.33010506  .00067897  00000+0  86095-3 0  9992
2 47650  53.1588 293.0300 0007425  14.1854 345.9366 15.58820927307555
STARLINK-2039
1 47655U 21012AM  26244.52489472  .00031871  00000+0  94646-3 0  9993
2 47655  53.1590 326.4073 0003897   0.3216 359.7789 15.34526776307033
STARLINK-2040
1 47656U 21012AN  26244.56517702  .00001757  00000+0  68357-4 0  9997
2 47656  53.1607 311.0678 0001483  85.1545 274.9626 15.31707790307244
STARLINK-2068
1 47722U 21017A   26245.59700267  .00000682  00000+0  33730-4 0  9993
2 47722  53.1604  87.7499 0001014  97.6835 262.4282 15.31696340305182
STARLINK-2107
1 47723U 21017B   26245.56041797  .00038275  00000+0  10504-2 0  9998
2 47723  53.1614  22.8372 0001475  27.8240 332.2843 15.36913948306057
STARLINK-2131
1 47728U 21017G   26245.66668981  .00055289  00000+0  26507-3 0  9999
2 47728  53.0641  69.7977 0003660 240.0586 243.4830 15.82194000  6004
STARLINK-2140
1 47730U 21017J   26245.36081132 -.00001202  00000+0 -26943-4 0  9999
2 47730  53.1609 114.8112 0002237  44.5971 315.5210 15.31698450304724
STARLINK-2143
1 47733U 21017M   26245.35144667 -.00000914  00000+0 -17684-4 0  9995
2 47733  53.1593 114.5713 0001192  96.2016 263.9122 15.31698071304789
STARLINK-2144
1 47734U 21017N   26244.89627929  .00013732  00000+0  45308-3 0  9994
2 47734  53.1577 103.9002 0001016  77.5336 282.5779 15.31726576304863
STARLINK-2147
1 47736U 21017Q   26245.62403335  .00071676  00000+0  51802-3 0  9998
2 47736  53.0679  77.0216 0002073 242.8074 117.2733 15.72864295305305
STARLINK-2150
1 47739U 21017T   26244.95629125  .00000336  00000+0  22606-4 0  9999
2 47739  53.1593 118.9295 0001311  92.4554 267.6598 15.31694780304697
STARLINK-2156
1 47742U 21017W   26244.95956783 -.00000928  00000+0 -18157-4 0  9991
2 47742  53.1601  93.8648 0001190  97.6676 262.4461 15.31702354305040
STARLINK-2159
1 47745U 21017Z   26246.03437297  .01963300  11881-4  78857-3 0  9996
2 47745  53.1364  53.1991 0013648 292.8726  67.0873 16.22583340305640
STARLINK-2160
1 47746U 21017AA  26245.60501318  .00070609  00000+0  46548-3 0  9993
2 47746  53.1528  78.2614 0002667 273.2101  86.8613 15.75011096305251
STARLINK-2161
1 47747U 21017AB  26244.75912414 -.00000816  00000+0 -14552-4 0  9998
2 47747  53.1600  94.5343 0001084 101.7862 258.3261 15.31696325304995
STARLINK-2164
1 47750U 21017AE  26244.96738569  .00036270  00000+0  11564-2 0  9991
2 47750  53.1585  93.1861 0000732 100.2381 259.8704 15.32207900305009
STARLINK-2169
1 47752U 21017AG  26246.00776779  .00882373  47923-3  73111-3 0  9994
2 47752  53.1387  52.9182 0012272 293.4493  66.5252 16.13198154305697
STARLINK-2170
1 47753U 21017AH  26244.90463110  .00032813  00000+0  10158-2 0  9992
2 47753  53.1570 103.7568 0001033 181.0888 179.0112 15.33198852304890
STARLINK-2178
1 47760U 21017AQ  26245.66668981  .00010445  00000+0  34781-3 0  9993
2 47760  53.1582 113.1200 0001229  83.6828  87.0721 15.31706978  5622
STARLINK-2180
1 47762U 21017AS  26246.03717410  .00685944  25500-3  78633-3 0  9991
2 47762  53.1421  61.2187 0009783 285.1205  74.8747 16.08368642305558
STARLINK-2185
1 47767U 21017AX  26245.66668981  .00154024  19701-4  51199-3 0  9997
2 47767  53.1448  66.0395 0005015 262.8103  53.9594 15.90026105  6011
STARLINK-2193
1 47770U 21017BA  26244.88697542 -.00000108  00000+0  82885-5 0  9998
2 47770  53.1597 103.9624 0001135  83.5920 276.5211 15.31702072304862
STARLINK-2194
1 47771U 21017BB  26245.59506348  .00055946  00000+0  16439-2 0  9999
2 47771  53.1600 100.4429 0001051  95.3584 264.7538 15.34604390304988
STARLINK-2195
1 47772U 21017BC  26245.37948923 -.00001295  00000+0 -29950-4 0  9999
2 47772  53.1594 115.0558 0001193  68.6624 291.4505 15.31708322304732
STARLINK-2196
1 47773U 21017BD  26245.33503533  .00038792  00000+0  94649-3 0  9996
2 47773  53.1596 113.4543 0000700 179.6319 180.4687 15.40518725304743
STARLINK-2211
1 47778U 21017BJ  26245.51027168  .00067079  00000+0  53777-3 0  9993
2 47778  53.1553  76.7715 0001938 273.2176  86.8620 15.70428391305298
STARLINK-2213
1 47780U 21017BL  26245.58142615  .00002035  00000+0  77320-4 0  9990
2 47780  53.1600 100.6423 0001515  90.3706 269.7469 15.31697050305004
STARLINK-2257
1 47787U 21018A   26245.03244105 -.00001554  00000+0 -38305-4 0  9992
2 47787  53.1596 145.0623 0001308  96.8018 263.3132 15.31700225303708
STARLINK-2314
1 47788U 21018B   26245.35138543  .00049577  00000+0  96530-3 0  9994
2 47788  53.1524 108.4278 0001975 126.1274 233.9917 15.47096649304261
STARLINK-2315
1 47789U 21018C   26245.01692903 -.00001176  00000+0 -26140-4 0  9999
2 47789  53.1616 138.7487 0001304 113.1268 246.9871 15.31701726303788
STARLINK-2319
1 47790U 21018D   26245.36542813 -.00001166  00000+0 -25815-4 0  9990
2 47790  53.1591 114.5040 0001208  82.5286 277.5853 15.31701630304179
STARLINK-2322
1 47791U 21018E   26244.99393412  .00042938  00000+0  10350-2 0  9994
2 47791  53.1578 140.8895 0001517 165.0297 195.0753 15.40840936303778
STARLINK-2334
1 47792U 21018F   26244.94233949  .00007057  00000+0  23890-3 0  9995
2 47792  53.1585 138.9298 0001034 108.8805 251.2309 15.31707139303775
STARLINK-2338
1 47793U 21018G   26245.02157912  .00005506  00000+0  18898-3 0  9990
2 47793  53.1591 138.5585 0001326  68.8988 291.2155 15.31714999303774
STARLINK-2373
1 47796U 21018K   26245.01592495  .00044416  00000+0  10696-2 0  9991
2 47796  53.1537 134.8742 0003647  97.0356 263.1064 15.40848203303832
STARLINK-2377
1 47797U 21018L   26245.03974117  .00000566  00000+0  30003-4 0  9993
2 47797  53.1601 154.7261 0001347  89.1074 271.0082 15.31705735303566
STARLINK-2379
1 47798U 21018M   26245.43171535  .00000961  00000+0  42730-4 0  9990
2 47798  53.1592 136.6536 0001238  91.0691 269.0452 15.31691747303842
STARLINK-2380
1 47799U 21018N   26244.92674551 -.00000902  00000+0 -17307-4 0  9999
2 47799  53.1613 132.0036 0001284  99.4090 260.7056 15.31700519303866
STARLINK-2381
1 47800U 21018P   26244.98426445  .00004149  00000+0  14536-3 0  9990
2 47800  53.1580 138.6489 0001176  98.6834 261.4300 15.31706410303779
STARLINK-2383
1 47802U 21018R   26245.02582398  .00001421  00000+0  57539-4 0  9999
2 47802  53.1614 155.2574 0001611 110.0960 250.0215 15.31710021303561
STARLINK-2385
1 47804U 21018T   26244.97240117  .00019601  00000+0  63578-3 0  9992
2 47804  53.1578 129.8150 0001110  97.1043 263.0085 15.31999674303900
STARLINK-2386
1 47805U 21018U   26245.01615906  .00029270  00000+0  10765-2 0  9993
2 47805  53.0841 144.6493 0003863  75.9852 284.1576 15.27666718303686
STARLINK-2387
1 47806U 21018V   26244.98079657  .00003520  00000+0  12512-3 0  9999
2 47806  53.1600 142.5837 0001461  87.6803 272.4366 15.31707129303794
STARLINK-2388
1 47807U 21018W   26245.37008901 -.00001501  00000+0 -36608-4 0  9990
2 47807  53.1598 114.4898 0001380  77.5333 282.5823 15.31702920304157
STARLINK-2389
1 47808U 21018X   26245.03636351  .00004686  00000+0  16267-3 0  9993
2 47808  53.1603 141.9920 0001249  85.0408 275.0736 15.31701129303808
STARLINK-2391
1 47810U 21018Z   26245.06776011 -.00001137  00000+0 -24868-4 0  9994
2 47810  53.1608 154.9138 0001265  73.3712 286.7428 15.31703467303621
STARLINK-2395
1 47814U 21018AD  26245.42678310  .00034045  00000+0  10288-2 0  9992
2 47814  53.1571 140.0768 0001916 118.9911 241.1284 15.33945768303875
STARLINK-2396
1 47815U 21018AE  26245.44683269 -.00003660  00000+0 -10617-3 0  9992
2 47815  53.1601 140.1258 0001465 127.8663 232.2472 15.31712725303803
STARLINK-2399
1 47816U 21018AF  26245.45526004  .00005846  00000+0  19989-3 0  9994
2 47816  53.1589 155.5842 0001297  96.9923 263.1226 15.31715959303572
STARLINK-2400
1 47817U 21018AG  26245.40961639  .00000122  00000+0  15694-4 0  9999
2 47817  53.1616 140.7393 0001152 101.3407 258.7724 15.31700923303791
STARLINK-2402
1 47819U 21018AJ  26245.40493705 -.00001454  00000+0 -35090-4 0  9998
2 47819  53.1608 140.6752 0001195  81.2490 278.8647 15.31715511303861
STARLINK-2406
1 47821U 21018AL  26245.66668981  .00040421  00000+0  13079-2 0  9995
2 47821  53.1583 139.3276 0001023 111.6226 201.2365 15.31684830  5828
STARLINK-2407
1 47822U 21018AM  26245.01176647  .00000946  00000+0  42248-4 0  9998
2 47822  53.1597 154.7528 0001462  81.1746 278.9420 15.31688818303576
STARLINK-2408
1 47823U 21018AN  26245.45058817  .00001888  00000+0  72586-4 0  9999
2 47823  53.1588 155.4780 0001229  85.4061 274.7081 15.31695244303582
STARLINK-2409
1 47824U 21018AP  26245.04484985 -.00000623  00000+0 -83108-5 0  9995
2 47824  53.1590 158.0291 0001112  78.5857 281.5269 15.31699951303504
STARLINK-2410
1 47825U 21018AQ  26245.44219585 -.00001821  00000+0 -46937-4 0  9991
2 47825  53.1586 140.2945 0001028  99.0135 261.0983 15.31702754303818
STARLINK-2411
1 47826U 21018AR  26245.42855223 -.00000523  00000+0 -50796-5 0  9992
2 47826  53.1603 142.9027 0001159  92.2282 267.8852 15.31711352303770
STARLINK-2413
1 47827U 21018AS  26244.99906397 -.00000586  00000+0 -71045-5 0  9992
2 47827  53.1601 142.1157 0001113 102.2855 257.8271 15.31704945303799
STARLINK-2415
1 47828U 21018AT  26245.47318141 -.00000551  00000+0 -59865-5 0  9999
2 47828  53.1594 152.6145 0001389  84.6565 275.4595 15.31698841303646
STARLINK-2419
1 47830U 21018AV  26245.06306835 -.00003030  00000+0 -85902-4 0  9999
2 47830  53.1605 154.8429 0001450  83.4435 276.6732 15.31696820303565
STARLINK-2420
1 47831U 21018AW  26245.41855534 -.00001353  00000+0 -31859-4 0  9992
2 47831  53.1609 140.2642 0001112  89.9987 270.1142 15.31696548303846
STARLINK-2422
1 47832U 21018AX  26245.02778146 -.00000334  00000+0  10025-5 0  9993
2 47832  53.1587 145.0985 0001039  89.0828 271.0292 15.31696571303705
STARLINK-2423
1 47833U 21018AY  26245.45901216  .00003923  00000+0  13813-3 0  9999
2 47833  53.1589 153.6926 0000927  74.5170 285.5933 15.31693407303664
STARLINK-2424
1 47834U 21018AZ  26245.00002315 -.00014110  00000+0 -44364-3 0  9990
2 47834  53.1576 144.5679 0001248  88.3706 273.3634 15.31710009  5839
STARLINK-2426
1 47836U 21018BB  26245.00438258  .00002991  00000+0  10811-3 0  9993
2 47836  53.1601 144.4989 0001360  80.7175 279.3980 15.31697317303718
STARLINK-2427
1 47837U 21018BC  26244.98347785  .00037295  00000+0  11898-2 0  9994
2 47837  53.1579 138.6091 0001072 119.9042 240.2066 15.32176561303783
STARLINK-2429
1 47838U 21018BD  26245.04176650 -.00001470  00000+0 -35596-4 0  9995
2 47838  53.1607 145.0713 0001223  93.1328 266.9813 15.31702866303706
STARLINK-2431
1 47839U 21018BE  26244.93201561  .00001182  00000+0  49823-4 0  9999
2 47839  53.1603 116.7969 0001281  94.7607 265.3541 15.31709086304109
STARLINK-2432
1 47840U 21018BF  26244.98894916 -.00000098  00000+0  86104-5 0  9998
2 47840  53.1579 138.7847 0001087  88.1083 272.0043 15.31701649303772
STARLINK-2433
1 47841U 21018BG  26244.97028901 -.00000079  00000+0  92177-5 0  9997
2 47841  53.1596 138.7169 0001768  96.8151 263.3052 15.31696761303778
STARLINK-2435
1 47843U 21018BJ  26245.03506768 -.00001057  00000+0 -22308-4 0  9995
2 47843  53.1602 154.6499 0001367  79.9269 280.1886 15.31705354303588
STARLINK-2446
1 47844U 21018BK  26244.95006835  .00040407  00000+0  10723-2 0  9992
2 47844  53.1553 143.8215 0005687  91.4913 268.6742 15.37916557303716
STARLINK-2453
1 47845U 21018BL  26245.03085241 -.00001504  00000+0 -36715-4 0  9999
2 47845  53.1586 157.9981 0001098  81.4356 278.6770 15.31704250303510
STARLINK-2280
1 47861U 21021B   26245.47824851  .00004097  00000+0  14370-3 0  9997
2 47861  53.1596 155.6105 0001272  71.9932 288.1208 15.31706879303487
STARLINK-2291
1 47862U 21021C   26245.98772697  .00536068  14673-3  76517-3 0  9998
2 47862  53.1446 114.0676 0006464 229.7049 130.3420 16.04933304304092
STARLINK-2326
1 47870U 21021L   26245.08780404 -.00000604  00000+0 -76961-5 0  9997
2 47870  53.1591 180.0897 0001118  81.9112 278.2016 15.31701037302995
STARLINK-2329
1 47873U 21021P   26245.44989167 -.00001597  00000+0 -39695-4 0  9991
2 47873  53.1616 152.8466 0001136 101.2937 258.8193 15.31704473303501
STARLINK-2330
1 47874U 21021Q   26245.59974472  .00020023  00000+0  42692-3 0  9994
2 47874  53.1409 106.4456 0002053  70.0417 290.0811 15.44921916304166
STARLINK-2336
1 47879U 21021V   26245.12677463  .00379297  72796-4  70189-3 0  9996
2 47879  53.1438 140.2833 0003893 181.7899 178.3119 16.00623054303821
STARLINK-2343
1 47884U 21021AA  26245.09247400 -.00000948  00000+0 -18765-4 0  9995
2 47884  53.1598 180.1110 0001556  59.7316 300.3839 15.31701507303084
STARLINK-2346
1 47887U 21021AD  26245.10643612  .00000223  00000+0  18944-4 0  9998
2 47887  53.1585 179.9984 0001180  87.3780 272.7356 15.31709792303094
STARLINK-2354
1 47894U 21021AL  26245.50010229  .00041389  00000+0  10220-2 0  9997
2 47894  53.1489 161.9254 0005368  82.0761 278.0853 15.40113433303327
STARLINK-2355
1 47895U 21021AM  26245.48556917  .00001054  00000+0  45729-4 0  9993
2 47895  53.1594 165.4113 0001231 110.3407 249.7727 15.31693540303311
STARLINK-2356
1 47896U 21021AN  26245.12975679  .00004782  00000+0  16574-3 0  9991
2 47896  53.1592 179.8767 0001243  83.5018 276.6124 15.31705013303056
STARLINK-2358
1 47898U 21021AQ  26245.08007250  .00002503  00000+0  92399-4 0  9998
2 47898  53.1576 167.2302 0001053  96.1412 263.9710 15.31699724303223
STARLINK-2361
1 47901U 21021AT  26244.96955164  .00086978  00000+0  17512-2 0  9995
2 47901  53.1517 147.0236 0001655 128.1586 231.9571 15.45873862303548
STARLINK-2364
1 47904U 21021AW  26245.44054546 -.00000554  00000+0 -60967-5 0  9999
2 47904  53.1601 152.7232 0001264  87.5885 272.5261 15.31704798303497
STARLINK-2367
1 47907U 21021AZ  26245.18103846 -.00001759  00000+0 -44908-4 0  9995
2 47907  53.1604 179.7964 0001391  79.8301 280.2857 15.31713265303061
STARLINK-2370
1 47910U 21021BC  26245.07075671  .00001683  00000+0  65985-4 0  9993
2 47910  53.1593 167.3137 0001518 100.4806 259.6367 15.31702452303285
STARLINK-2371
1 47911U 21021BD  26245.17636705  .00003655  00000+0  12942-3 0  9991
2 47911  53.1580 179.6789 0001031  88.8921 271.2198 15.31718805302952
STARLINK-2378
1 47916U 21021BJ  26244.98739550  .00036989  00000+0  11799-2 0  9990
2 47916  53.1576 154.9882 0001329 117.7619 242.3517 15.32182541303428
STARLINK-2405
1 47919U 21021BM  26245.08314168  .00001684  00000+0  66022-4 0  9994
2 47919  53.1602 180.0884 0001226  93.4402 266.6740 15.31697402303073
STARLINK-1647
1 47978U 21024B   26245.27785109  .00001978  00000+0  75503-4 0  9990
2 47978  53.1598 230.6060 0001235  92.1614 267.9529 15.31698205301687
STARLINK-2303
1 47981U 21024E   26245.27286776 -.00001005  00000+0 -20648-4 0  9993
2 47981  53.1585 230.6917 0001128 119.9060 240.2054 15.31689774301680
STARLINK-2273
1 47993U 21024S   26245.66668981  .00216124  00000+0  79456-3 0  9999
2 47993  53.1427 160.7506 0005937 122.7402 210.0333 15.87146089  6011
STARLINK-2266
1 47997U 21024W   26245.61129732  .00001584  00000+0  62811-4 0  9994
2 47997  53.1596 203.4375 0001465  79.8845 280.2322 15.31697040302097
STARLINK-2270
1 48000U 21024Z   26244.91487898  .00056709  00000+0  10327-2 0  9994
2 48000  53.1232 130.1585 0001725 231.9480 128.1373 15.48963322302996
STARLINK-2153
1 48009U 21024AJ  26245.61850251  .00039904  00000+0  96720-3 0  9998
2 48009  53.1591 204.8424 0002003  99.9003 260.2229 15.40705450302027
STARLINK-2226
1 48010U 21024AK  26245.28254940  .00005664  00000+0  19424-3 0  9998
2 48010  53.1592 230.8723 0001514 122.7231 237.3917 15.31686447301623
STARLINK-2285
1 48019U 21024AU  26245.16853645  .00001402  00000+0  56934-4 0  9995
2 48019  53.1581 205.6022 0001155  78.9587 281.1544 15.31699260301966
STARLINK-2298
1 48022U 21024AX  26245.30592882  .00094326  00000+0  52580-3 0  9997
2 48022  53.1149 200.2702 0005411  80.4048 279.7585 15.78677617302091
STARLINK-2292
1 48023U 21024AY  26245.20540026  .00061434  00000+0  10401-2 0  9999
2 48023  53.1138 216.7160 0001297 115.7530 244.3613 15.50994175301850
STARLINK-2299
1 48029U 21024BE  26246.06808328  .01424773  17063-2  85047-3 0  9991
2 48029  53.0989 183.8843 0003567 148.2452 211.8802 16.18231395302388
STARLINK-2404
1 48093U 21027B   26244.92164355  .00000511  00000+0  28224-4 0  9997
2 48093  53.1597  54.8134 0001125  88.3240 271.7891 15.31697358299660
STARLINK-2412
1 48094U 21027C   26245.49305512  .00001490  00000+0  59789-4 0  9990
2 48094  53.1600  62.9650 0001310  79.7460 280.3689 15.31695289299609
STARLINK-2414
1 48095U 21027D   26244.88710640 -.00001480  00000+0 -35950-4 0  9990
2 48095  53.1583  65.4980 0001203  94.1883 265.9256 15.31698050299524
STARLINK-2417
1 48096U 21027E   26244.94306588 -.00001616  00000+0 -40332-4 0  9991
2 48096  53.1594  65.3885 0001201  94.8713 265.2426 15.31695085299513
STARLINK-2418
1 48097U 21027F   26244.86977375  .00004138  00000+0  14504-3 0  9992
2 48097  53.1592  53.0396 0001176  71.0344 289.0784 15.31701787299676
STARLINK-2421
1 48098U 21027G   26245.57442943  .00042100  00000+0  97197-3 0  9990
2 48098  53.1607  50.6105 0000746  58.0293 302.0786 15.42148097299775
STARLINK-2428
1 48099U 21027H   26245.49832698 -.00083507  00000+0 -27181-2 0  9995
2 48099  53.1597  64.9875 0011129 116.2892 243.9254 15.31524157299568
STARLINK-2430
1 48100U 21027J   26244.88402424 -.00000151  00000+0  68871-5 0  9997
2 48100  53.1606  52.5379 0001125  82.1058 278.0071 15.31708360299683
STARLINK-2436
1 48101U 21027K   26245.49493417  .00001017  00000+0  44538-4 0  9992
2 48101  53.1602  52.2678 0001105  99.2165 260.8961 15.31694282299757
STARLINK-2439
1 48104U 21027N   26244.85144996  .00006119  00000+0  20862-3 0  9990
2 48104  53.1594  52.9904 0000937  72.6102 287.5002 15.31722954299689
STARLINK-2440
1 48105U 21027P   26244.71264786  .00006141  00000+0  20950-3 0  9999
2 48105  53.1604   2.0987 0000688 114.5573 245.5500 15.31694308300377
STARLINK-2442
1 48106U 21027Q   26245.48962263  .00001556  00000+0  61892-4 0  9996
2 48106  53.1607  49.8964 0001158 104.8465 255.2665 15.31694808299776
STARLINK-2443
1 48107U 21027R   26244.86543825 -.00000521  00000+0 -50256-5 0  9993
2 48107  53.1587  52.9222 0001280  93.3652 266.7496 15.31692856299671
STARLINK-2448
1 48111U 21027V   26244.74482710  .00069562  00000+0  11402-2 0  9995
2 48111  53.1528  44.0331 0000598 341.9810  18.1179 15.51850567299802
STARLINK-2449
1 48112U 21027W   26244.78022590 -.00000130  00000+0  75879-5 0  9994
2 48112  53.1598  68.3192 0001273  74.5499 285.5643 15.31706768299466
STARLINK-2450
1 48113U 21027X   26245.50697345  .00003959  00000+0  13928-3 0  9998
2 48113  53.1592  62.4569 0001164  69.2567 290.8559 15.31699025299596
STARLINK-2452
1 48115U 21027Z   26244.87036749 -.00000333  00000+0  10452-5 0  9999
2 48115  53.1600  55.0352 0001154  89.4234 270.6899 15.31704204299645
STARLINK-2454
1 48116U 21027AA  26245.48840686  .00001767  00000+0  68722-4 0  9994
2 48116  53.1597  63.0935 0001033  94.9409 265.1711 15.31686043299594
STARLINK-2455
1 48117U 21027AB  26244.88836046  .00003605  00000+0  12788-3 0  9996
2 48117  53.1585  52.5239 0000988  77.3259 282.7852 15.31695810299681
STARLINK-2459
1 48119U 21027AD  26244.75817666  .00008714  00000+0  29218-3 0  9993
2 48119  53.1595  53.0575 0001037  94.5907 265.5213 15.31705969299654
STARLINK-2460
1 48120U 21027AE  26245.21164131  .00056043  00000+0  11065-2 0  9997
2 48120  53.1579  55.6048 0002834 107.1268 253.0050 15.46637962299685
STARLINK-2462
1 48121U 21027AF  26245.55550952  .00001888  00000+0  72604-4 0  9990
2 48121  53.1613  51.8727 0001163 101.6336 258.4797 15.31693803299751
STARLINK-2464
1 48123U 21027AH  26244.89336307  .00001955  00000+0  74711-4 0  9990
2 48123  53.1598  52.6297 0000781  75.1290 284.9798 15.31708210299681
STARLINK-2465
1 48124U 21027AJ  26245.17332870  .00001454  00000+0  58617-4 0  9995
2 48124  53.1596  53.6738 0001138  86.6293 273.4839 15.31700411299693
STARLINK-2466
1 48125U 21027AK  26245.54896129  .00000953  00000+0  42458-4 0  9998
2 48125  53.1592  62.5450 0001046  78.9575 281.1544 15.31695942299607
STARLINK-2467
1 48126U 21027AL  26245.17266032  .00000928  00000+0  41671-4 0  9990
2 48126  53.1595  51.1787 0001198  91.3596 268.7543 15.31696634299731
STARLINK-2468
1 48127U 21027AM  26244.78423405 -.00000419  00000+0 -17464-5 0  9997
2 48127  53.1597  65.9166 0000902  83.2866 276.8238 15.31700743299491
STARLINK-2469
1 48128U 21027AN  26245.04626773  .00062240  00000+0  13807-2 0  9993
2 48128  53.1004   4.7771 0002202  19.9376 340.1715 15.43165364300344
STARLINK-2471
1 48129U 21027AP  26245.51166920  .00002897  00000+0  10507-3 0  9996
2 48129  53.1600  62.6988 0001140  86.4916 273.6216 15.31700141299606
STARLINK-2472
1 48130U 21027AQ  26245.52134399  .00004631  00000+0  16093-3 0  9998
2 48130  53.1599  65.2715 0001067  84.5106 275.6017 15.31695060299570
STARLINK-2473
1 48131U 21027AR  26244.74425422  .00002289  00000+0  85512-4 0  9992
2 48131  53.1589  53.5559 0001062  75.1405 284.9714 15.31694765299656
STARLINK-2474
1 48132U 21027AS  26245.52629070  .00000523  00000+0  28616-4 0  9996
2 48132  53.1608  64.8465 0001138  98.2461 261.8669 15.31701344299567
STARLINK-2475
1 48133U 21027AT  26245.54427160  .00001377  00000+0  56127-4 0  9991
2 48133  53.1589  62.3710 0001312  87.3283 272.7868 15.31696645299612
STARLINK-2476
1 48134U 21027AU  26245.51628379  .00001584  00000+0  62797-4 0  9994
2 48134  53.1605  62.3589 0001180  99.2831 260.8304 15.31695821299607
STARLINK-2478
1 48135U 21027AV  26245.53098242  .00002700  00000+0  98737-4 0  9991
2 48135  53.1616  65.0060 0001128 107.3762 252.7363 15.31700567299575
STARLINK-2479
1 48136U 21027AW  26244.78458819  .00003250  00000+0  11644-3 0  9990
2 48136  53.1596  66.0628 0001080  89.3499 270.7626 15.31698620299496
STARLINK-2480
1 48137U 21027AX  26244.87542693 -.00000202  00000+0  52594-5 0  9991
2 48137  53.1595  55.4395 0001383  86.9484 273.1676 15.31703096299634
STARLINK-2481
1 48138U 21027AY  26244.92969259  .00004249  00000+0  14854-3 0  9998
2 48138  53.1593  67.6031 0001197  96.5149 263.5989 15.31714667299482
STARLINK-2482
1 48139U 21027AZ  26244.95829901  .00002164  00000+0  81421-4 0  9990
2 48139  53.1590  52.4430 0001100  87.5629 272.5498 15.31718487299694
STARLINK-2483
1 48140U 21027BA  26245.52566666  .00003889  00000+0  13703-3 0  9994
2 48140  53.1592  62.7438 0001219 107.1270 252.9865 15.31697452299601
STARLINK-2485
1 48142U 21027BC  26244.92107234  .00001509  00000+0  60396-4 0  9999
2 48142  53.1596  52.9307 0001181  93.6029 266.5108 15.31689737299688
STARLINK-2486
1 48143U 21027BD  26245.55664357  .00046987  00000+0  92262-3 0  9999
2 48143  53.1542 349.1935 0003090 352.3123   7.7837 15.46873538300631
STARLINK-2487
1 48144U 21027BE  26244.74388236  .00004204  00000+0  14711-3 0  9998
2 48144  53.1592  53.2062 0001032  92.1288 267.9832 15.31708464299659
STARLINK-2491
1 48148U 21027BJ  26244.88248454 -.00001017  00000+0 -20997-4 0  9999
2 48148  53.1594  65.7756 0001234  98.3215 261.7927 15.31700818299499
STARLINK-2492
1 48149U 21027BK  26245.15874375  .00002957  00000+0  10703-3 0  9993
2 48149  53.1590  51.7261 0001184 105.4838 254.6294 15.31696435299719
STARLINK-2493
1 48150U 21027BL  26244.88373199  .00000326  00000+0  22263-4 0  9995
2 48150  53.1587  52.8173 0001039  78.5839 281.5279 15.31703327299688
STARLINK-2503
1 48151U 21027BM  26244.87938914  .00000120  00000+0  15631-4 0  9990
2 48151  53.1598  52.7447 0001099  79.3390 280.7735 15.31708439299688
STARLINK-2567
1 48276U 21036A   26244.46250405  .00000784  00000+0  37029-4 0  9996
2 48276  53.1608 312.9480 0001172  78.3994 281.7139 15.31692628295673
STARLINK-2569
1 48277U 21036B   26245.32895160  .00036388  00000+0  96687-3 0  9999
2 48277  53.1226 268.8834 0004070  34.9182 325.2088 15.37932072296369
STARLINK-2543
1 48278U 21036C   26245.27621301  .00002563  00000+0  94301-4 0  9998
2 48278  53.1585 282.6231 0001418  85.0344 275.0819 15.31708111296175
STARLINK-2565
1 48280U 21036E   26244.64306137 -.00003259  00000+0 -93326-4 0  9999
2 48280  53.1611   2.3654 0001132 102.2983 257.8146 15.31693121294991
STARLINK-2558
1 48282U 21036G   26244.52006425 -.00001629  00000+0 -40730-4 0  9995
2 48282  53.1604 337.1843 0001221 119.7885 240.3238 15.31704180295355
STARLINK-2516
1 48283U 21036H   26245.62000292  .00002146  00000+0  80912-4 0  9993
2 48283  53.1593 332.0012 0001280  84.6343 275.4805 15.31699597295522
STARLINK-2564
1 48284U 21036J   26244.49219207  .00018638  00000+0  61079-3 0  9991
2 48284  53.1595 337.7617 0001148  89.1027 271.0106 15.31704187295337
STARLINK-2547
1 48286U 21036L   26244.57133992 -.00001923  00000+0 -50201-4 0  9995
2 48286  53.1612 336.9604 0001532  61.8303 298.2854 15.31698847295355
STARLINK-2566
1 48287U 21036M   26245.52278997 -.00000403  00000+0 -12354-5 0  9997
2 48287  53.1600 334.8917 0001109  93.8216 266.2913 15.31692808295469
STARLINK-2545
1 48289U 21036P   26245.49853560  .00001886  00000+0  72534-4 0  9999
2 48289  53.1607 332.8823 0000984  89.4868 270.6246 15.31690039295491
STARLINK-2555
1 48291U 21036R   26244.66054643 -.00000178  00000+0  60302-5 0  9990
2 48291  53.1612 338.9178 0001024  72.5192 287.5921 15.31707318295338
STARLINK-2542
1 48292U 21036S   26244.52936521  .00000760  00000+0  36245-4 0  9994
2 48292  53.1603 336.9573 0000974  89.3539 270.7574 15.31703117295353
STARLINK-2550
1 48293U 21036T   26245.52213026  .00000352  00000+0  23122-4 0  9991
2 48293  53.1601 332.4927 0001150  93.7738 266.3395 15.31697218295506
STARLINK-2533
1 48294U 21036U   26245.51280237 -.00000439  00000+0 -23705-5 0  9995
2 48294  53.1601 332.4860 0001083  93.1288 266.9838 15.31692932295508
STARLINK-2535
1 48295U 21036V   26245.59205844  .00001314  00000+0  54089-4 0  9994
2 48295  53.1608 332.2846 0000989  92.8327 267.2788 15.31696029295512
STARLINK-2559
1 48298U 21036Y   26244.50951220  .00040856  00000+0  94524-3 0  9994
2 48298  53.1564 332.7556 0000151 161.3672 198.7340 15.42097941295416
STARLINK-2557
1 48299U 21036Z   26245.55940930  .00003032  00000+0  10943-3 0  9995
2 48299  53.1600 332.2583 0001029  83.5305 276.5814 15.31698265295512
STARLINK-2538
1 48300U 21036AA  26245.50654534  .00001977  00000+0  75465-4 0  9992
2 48300  53.1589 345.3215 0001142 101.4468 258.6662 15.31696644295324
STARLINK-2537
1 48301U 21036AB  26245.53956995  .00001756  00000+0  68334-4 0  9994
2 48301  53.1593 348.1785 0000852  86.3187 273.7912 15.31695768295275
STARLINK-2530
1 48303U 21036AD  26245.00002315 -.00020229  00000+0 -64166-3 0  9992
2 48303  53.1593 347.9654 0001149  83.6829 284.5047 15.31710261  5883
STARLINK-2524
1 48304U 21036AE  26244.73529709  .00001197  00000+0  50288-4 0  9995
2 48304  53.1606 359.6517 0000923  93.1159 266.9948 15.31715397295035
STARLINK-2519
1 48305U 21036AF  26245.56966317  .00002320  00000+0  86502-4 0  9995
2 48305  53.1603 356.3542 0001108  83.1950 276.9178 15.31698599295152
STARLINK-2523
1 48306U 21036AG  26245.58824301  .00001883  00000+0  72452-4 0  9996
2 48306  53.1616 355.8016 0001190  70.9782 289.1348 15.31695220295169
STARLINK-2517
1 48309U 21036AK  26244.56516337  .00001171  00000+0  49493-4 0  9992
2 48309  53.1612 350.4379 0001107  86.7078 273.4050 15.31701465295167
STARLINK-2536
1 48310U 21036AL  26244.61744398 -.00001206  00000+0 -27088-4 0  9997
2 48310  53.1608 352.7202 0001113  70.2820 289.8302 15.31702230295133
STARLINK-2534
1 48311U 21036AM  26244.53717547 -.00005048  00000+0 -15094-3 0  9996
2 48311  53.1606 350.3315 0001004  78.9244 281.1871 15.31717302295160
STARLINK-2061
1 48312U 21036AN  26244.70492709  .00008399  00000+0  28211-3 0  9991
2 48312  53.1611 349.3109 0001113  64.6452 295.4665 15.31701414295199
STARLINK-2549
1 48314U 21036AQ  26245.00820585 -.00000163  00000+0  65236-5 0  9996
2 48314  53.1598 350.3643 0001078  87.1243 272.9882 15.31695467295199
STARLINK-2506
1 48315U 21036AR  26245.02428249  .00003453  00000+0  12297-3 0  9991
2 48315  53.1611 358.3340 0001297  80.0561 280.0586 15.31701108295074
STARLINK-2507
1 48316U 21036AS  26244.62811430  .00001441  00000+0  58196-4 0  9999
2 48316  53.1597   0.1685 0001279  82.4768 277.6379 15.31697327295010
STARLINK-2513
1 48317U 21036AT  26244.72819500 -.00000342  00000+0  74060-6 0  9997
2 48317  53.1598 348.9577 0000977  84.3650 275.7463 15.31703231295194
STARLINK-2509
1 48318U 21036AU  26244.56359087  .00005841  00000+0  19982-3 0  9996
2 48318  53.1589   3.4110 0000997  98.5100 261.6015 15.31701708294979
STARLINK-2512
1 48319U 21036AV  26244.74991916  .00007713  00000+0  26002-3 0  9991
2 48319  53.1588   1.8162 0000992  95.9521 264.1594 15.31705506295017
STARLINK-2029
1 48320U 21036AW  26244.64776691  .00001049  00000+0  45588-4 0  9990
2 48320  53.1625   2.6038 0001730  59.4112 300.7060 15.31699135294995
STARLINK-2457
1 48321U 21036AX  26245.06217256 -.00002444  00000+0 -67003-4 0  9993
2 48321  53.1609   0.2938 0001125  80.9469 279.1660 15.31712865295063
STARLINK-2515
1 48323U 21036AZ  26245.05286008  .00002669  00000+0  97749-4 0  9992
2 48323  53.1607   0.3123 0001367  90.8212 269.2946 15.31699840295068
STARLINK-2495
1 48325U 21036BB  26245.05753649  .00001638  00000+0  64520-4 0  9990
2 48325  53.1601   0.4199 0000960  86.3098 273.8014 15.31698083295063
STARLINK-2498
1 48326U 21036BC  26244.59178908  .00012318  00000+0  40798-3 0  9995
2 48326  53.1619   2.5213 0001047  79.3457 280.7662 15.31704253294995
STARLINK-2502
1 48327U 21036BD  26244.71763515  .00007122  00000+0  24098-3 0  9996
2 48327  53.1604   1.9352 0001266  77.6637 282.4506 15.31710191295019
STARLINK-2504
1 48328U 21036BE  26245.02954973  .00003579  00000+0  12704-3 0  9995
2 48328  53.1602   0.3652 0001190  86.3670 273.7467 15.31697629295057
STARLINK-2510
1 48329U 21036BF  26245.02522644  .00003989  00000+0  14024-3 0  9994
2 48329  53.1607   0.3800 0001169  87.9032 272.2103 15.31697030295061
STARLINK-2501
1 48330U 21036BG  26245.58924318  .00003562  00000+0  12648-3 0  9998
2 48330  53.1604 358.2486 0001168  65.7615 294.3508 15.31701062295149
STARLINK-2514
1 48331U 21036BH  26245.01235682  .00044991  00000+0  11333-2 0  9996
2 48331  53.1564 358.2350 0001279 179.5047 180.5959 15.39480425295096
STARLINK-2518
1 48333U 21036BK  26245.53791278 -.00000121  00000+0  78701-5 0  9996
2 48333  53.1624 358.0481 0001191 103.1262 256.9873 15.31686925295147
STARLINK-2470
1 48334U 21036BL  26245.59850256  .00001904  00000+0  73101-4 0  9992
2 48334  53.1603 357.7533 0001420  90.8246 269.2918 15.31703235295150
STARLINK-2613
1 48353U 21038A   26245.31195350  .00005467  00000+0  18781-3 0  9992
2 48353  53.1585 256.1978 0001265  73.8545 286.2595 15.31699818294144
STARLINK-2674
1 48354U 21038B   26245.31661880  .00003203  00000+0  11489-3 0  9993
2 48354  53.1586 256.2605 0001193  98.4894 261.6242 15.31710207294146
STARLINK-2635
1 48355U 21038C   26245.30262331  .00003699  00000+0  13088-3 0  9997
2 48355  53.1587 256.2146 0001024  74.2894 285.8220 15.31705404294140
STARLINK-2637
1 48356U 21038D   26245.32596867  .00000274  00000+0  20606-4 0  9995
2 48356  53.1587 256.4099 0001328 112.5980 247.5162 15.31704150294146
STARLINK-2636
1 48357U 21038E   26245.29797032 -.00000498  00000+0 -42815-5 0  9996
2 48357  53.1586 256.2961 0001166  84.1195 275.9940 15.31703006294142
STARLINK-2624
1 48358U 21038F   26245.42380404 -.00000054  00000+0  10013-4 0  9994
2 48358  53.1593 255.6685 0001265  88.6281 271.4865 15.31700319294154
STARLINK-2628
1 48359U 21038G   26245.32038029  .00029876  00000+0  95874-3 0  9996
2 48359  53.1573 256.4855 0001289  70.2090 289.9050 15.32096160294133
STARLINK-2622
1 48360U 21038H   26245.35389491 -.00001689  00000+0 -42663-4 0  9996
2 48360  53.1588 256.0233 0001380  98.9092 261.2066 15.31707423294149
STARLINK-2591
1 48361U 21038J   26245.34923655 -.00000294  00000+0  22995-5 0  9999
2 48361  53.1591 256.0342 0001247  96.2945 263.8199 15.31696357294143
STARLINK-2578
1 48362U 21038K   26245.30729091  .00002457  00000+0  90913-4 0  9990
2 48362  53.1588 256.2147 0001116  94.6401 265.4728 15.31696059294144
STARLINK-2611
1 48364U 21038M   26245.24397697  .00000249  00000+0  19781-4 0  9999
2 48364  53.1578 246.1802 0001311  85.6024 274.5127 15.31699508294280
STARLINK-2608
1 48365U 21038N   26245.29524835  .00001035  00000+0  45111-4 0  9991
2 48365  53.1581 245.9962 0001325  97.1960 262.9192 15.31707630294291
STARLINK-2643
1 48367U 21038Q   26245.27161158 -.00000527  00000+0 -52080-5 0  9997
2 48367  53.1596 243.6443 0001199  79.1670 280.9466 15.31706475294318
STARLINK-2623
1 48368U 21038R   26243.23009867  .00061350  00000+0  19428-2 0  9995
2 48368  53.1579 256.1191 0002031  25.3066 334.8034 15.32187163293965
STARLINK-2621
1 48370U 21038T   26245.30455876 -.00000220  00000+0  46953-5 0  9999
2 48370  53.1587 245.8613 0001368  90.5938 269.5220 15.31702629294281
STARLINK-2589
1 48371U 21038U   26245.31389906  .00001357  00000+0  55489-4 0  9995
2 48371  53.1593 245.9518 0001350  96.8466 263.2689 15.31698436294280
STARLINK-2609
1 48373U 21038W   26245.26229717 -.00003848  00000+0 -11225-3 0  9992
2 48373  53.1594 243.7759 0001166  82.6587 277.4547 15.31711791294312
STARLINK-2604
1 48374U 21038X   26245.35582617  .00000557  00000+0  29692-4 0  9994
2 48374  53.1589 245.6434 0001158  87.4870 272.6264 15.31706888294298
STARLINK-2603
1 48375U 21038Y   26245.22567110  .00006043  00000+0  20631-3 0  9991
2 48375  53.1574 246.2698 0001172  91.9254 268.1882 15.31704201294275
STARLINK-2610
1 48376U 21038Z   26245.66668981  .00079975  00000+0  34710-3 0  9995
2 48376  53.1504 214.5496 0006658  64.6364 277.1170 15.84145399  6014
STARLINK-2499
1 48377U 21038AA  26245.28592165  .00002055  00000+0  77933-4 0  9994
2 48377  53.1584 246.0462 0001206  96.2113 263.9026 15.31710186294288
STARLINK-2526
1 48378U 21038AB  26245.29993112  .00000740  00000+0  35601-4 0  9998
2 48378  53.1592 246.1396 0001160  92.4238 267.6896 15.31708619294284
STARLINK-2612
1 48379U 21038AC  26245.26699741 -.00001227  00000+0 -27773-4 0  9991
2 48379  53.1598 244.0204 0001141  71.4320 288.6805 15.31708512294313
STARLINK-2614
1 48380U 21038AD  26245.27630010  .00002291  00000+0  85553-4 0  9998
2 48380  53.1591 243.8567 0001176 103.2069 256.9064 15.31708683294313
STARLINK-2630
1 48381U 21038AE  26245.32330062 -.00000832  00000+0 -15027-4 0  9999
2 48381  53.1604 246.3660 0002132  76.8505 283.2734 15.31683856294281
STARLINK-2585
1 48382U 21038AF  26245.26760421 -.00004152  00000+0 -12216-3 0  9994
2 48382  53.1606 246.0602 0000934 102.4729 257.6377 15.31687977294285
STARLINK-2598
1 48385U 21038AJ  26245.28093746 -.00000551  00000+0 -59962-5 0  9998
2 48385  53.1598 243.6312 0001273  98.2240 261.8906 15.31708438295547
STARLINK-2606
1 48386U 21038AK  26245.32256712 -.00000929  00000+0 -18161-4 0  9992
2 48386  53.1591 243.5547 0001356  90.9802 269.1355 15.31703763294314
STARLINK-2594
1 48388U 21038AM  26245.26194854  .00000336  00000+0  22601-4 0  9999
2 48388  53.1592 243.6201 0001251  85.0831 275.0314 15.31703954294319
STARLINK-2586
1 48390U 21038AP  26245.26389062  .00005744  00000+0  19664-3 0  9991
2 48390  53.1577 230.9459 0001266  89.0868 271.0278 15.31711762295715
STARLINK-2607
1 48391U 21038AQ  26245.16108004  .00001246  00000+0  51909-4 0  9998
2 48391  53.1591 231.7737 0001086  74.0786 286.0335 15.31703398295696
STARLINK-2605
1 48392U 21038AR  26245.24523632 -.00001180  00000+0 -26244-4 0  9999
2 48392  53.1596 230.9252 0001240  93.5651 266.5493 15.31711424295714
STARLINK-2574
1 48395U 21038AU  26245.25954371  .00000140  00000+0  16268-4 0  9999
2 48395  53.1601 233.2147 0001138  94.7243 265.3888 15.31707611295683
STARLINK-2575
1 48396U 21038AV  26245.23125699 -.00000194  00000+0  55248-5 0  9993
2 48396  53.1592 230.9446 0001327  84.9228 275.1925 15.31701433295714
STARLINK-2590
1 48397U 21038AW  26245.24060020  .00003937  00000+0  13860-3 0  9990
2 48397  53.1597 231.0354 0001364  98.9758 261.1397 15.31692139295714
STARLINK-2588
1 48398U 21038AX  26245.29604196  .00028694  00000+0  11545-2 0  9998
2 48398  53.0443 249.5653 0004687 335.6926  24.3850 15.24685521295429
STARLINK-2587
1 48399U 21038AY  26245.22660488  .00000858  00000+0  39425-4 0  9999
2 48399  53.1612 231.0295 0001532 102.7699 257.3474 15.31698480295700
STARLINK-2576
1 48400U 21038AZ  26245.31520142  .00003591  00000+0  12738-3 0  9998
2 48400  53.1596 230.9115 0001370  92.2682 267.8477 15.31713424294500
STARLINK-2571
1 48401U 21038BA  26245.28690447 -.00000602  00000+0 -76208-5 0  9997
2 48401  53.1604 231.0700 0001357  98.9854 261.1301 15.31699070294493
STARLINK-2593
1 48404U 21038BD  26245.28720718 -.00000230  00000+0  43457-5 0  9991
2 48404  53.1601 230.8480 0001463  94.7535 265.3634 15.31702146294509
STARLINK-2570
1 48405U 21038BE  26245.23596404  .00001817  00000+0  70303-4 0  9990
2 48405  53.1596 231.2616 0001176  81.5690 278.5445 15.31704625294483
STARLINK-2568
1 48406U 21038BF  26245.19735631  .00027497  00000+0  86477-3 0  9993
2 48406  53.1573 234.3722 0002135  76.7235 283.4005 15.32785789294442
STARLINK-2592
1 48408U 21038BH  26245.25464765  .00000991  00000+0  43676-4 0  9994
2 48408  53.1570 231.4811 0001189  82.7814 277.3322 15.31705841294484
STARLINK-2563
1 48410U 21038BK  26245.14318115 -.00000611  00000+0 -79369-5 0  9992
2 48410  53.1577 195.4226 0001120  85.7635 274.3495 15.31698563294987
STARLINK-2505
1 48411U 21038BL  26245.12815965 -.00000113  00000+0  81096-5 0  9992
2 48411  53.1581 192.7724 0001136  80.4578 279.6552 15.31702593295017
STARLINK-2581
1 48412U 21038BM  26245.10121949  .00012286  00000+0  40707-3 0  9998
2 48412  53.1580 195.5066 0001293  87.1572 272.9578 15.31696236294973
STARLINK-2461
1 48428U 21040A   26245.51477926  .00001394  00000+0  56706-4 0  9997
2 48428  53.1591  75.8479 0001221  94.3425 265.7716 15.31687093293770
STARLINK-2700
1 48431U 21040D   26244.86509232  .00001294  00000+0  53460-4 0  9997
2 48431  53.1599  52.9444 0001123  91.5630 268.5500 15.31696997294022
STARLINK-2680
1 48432U 21040E   26245.51296172  .00002413  00000+0  89528-4 0  9995
2 48432  53.1594  50.0336 0001166  92.9980 267.1155 15.31688121294118
STARLINK-2699
1 48433U 21040F   26244.87907009 -.00002696  00000+0 -75177-4 0  9992
2 48433  53.1611  52.6966 0001170  78.4303 281.6830 15.31690627294024
STARLINK-2692
1 48434U 21040G   26245.57852461  .00001911  00000+0  73347-4 0  9996
2 48434  53.1595  49.5979 0001089  94.7632 265.3494 15.31690875294143
STARLINK-2633
1 48435U 21040H   26245.62315685  .00003228  00000+0  11573-3 0  9990
2 48435  53.1587  61.8823 0001259  72.0804 288.0335 15.31698876293963
STARLINK-2639
1 48436U 21040J   26244.81525018 -.00000859  00000+0 -15902-4 0  9994
2 48436  53.1600  78.5253 0001195  74.8884 285.2250 15.31707201293664
STARLINK-2642
1 48437U 21040K   26244.95849569  .00002626  00000+0  96392-4 0  9994
2 48437  53.1591  90.7589 0001278  91.0936 269.0212 15.31692050293509
STARLINK-2640
1 48438U 21040L   26245.53334841  .00002237  00000+0  83836-4 0  9999
2 48438  53.1597  75.2430 0001058  94.5837 265.5286 15.31695209293773
STARLINK-2583
1 48439U 21040M   26245.54735712  .00003682  00000+0  13037-3 0  9993
2 48439  53.1584  75.3549 0001149  77.5957 282.5173 15.31698127293773
STARLINK-2682
1 48440U 21040N   26245.58460293  .00000945  00000+0  42221-4 0  9995
2 48440  53.1589  74.9165 0001292  82.6794 277.4354 15.31696579293788
STARLINK-2702
1 48441U 21040P   26244.80626956  .00002654  00000+0  97249-4 0  9999
2 48441  53.1589  78.6276 0001199  96.7266 263.3872 15.31700970293666
STARLINK-2644
1 48442U 21040Q   26245.59088584  .00080935  00000+0  56009-3 0  9992
2 48442  53.1566  57.1094 0003364 290.8676  69.1983 15.73829470294030
STARLINK-2663
1 48443U 21040R   26245.57062167  .00000781  00000+0  36942-4 0  9996
2 48443  53.1601  74.9511 0001265 100.5587 259.5557 15.31688144293786
STARLINK-2645
1 48444U 21040S   26245.57529341  .00002431  00000+0  90091-4 0  9998
2 48444  53.1588  75.0149 0001220  93.5517 266.5624 15.31692756293782
STARLINK-2634
1 48445U 21040T   26244.97870675  .00002534  00000+0  93408-4 0  9990
2 48445  53.1587  77.7310 0001231  97.0050 263.1091 15.31697977293695
STARLINK-2655
1 48449U 21040X   26244.96938790 -.00000181  00000+0  59394-5 0  9990
2 48449  53.1599  77.7909 0001140  92.5585 267.5547 15.31698641293691
STARLINK-2703
1 48452U 21040AA  26244.96472083 -.00001733  00000+0 -44062-4 0  9992
2 48452  53.1604  77.8078 0001082  97.6805 262.4320 15.31712906293690
STARLINK-2620
1 48453U 21040AB  26244.75965092  .00002066  00000+0  78327-4 0  9996
2 48453  53.1588  78.7357 0001052  83.7741 276.3380 15.31695754293662
STARLINK-2654
1 48454U 21040AC  26244.75498735  .00001117  00000+0  47737-4 0  9999
2 48454  53.1584  78.7459 0001001  77.6933 282.4180 15.31700222293664
STARLINK-2497
1 48455U 21040AD  26245.23508448 -.00000960  00000+0 -19188-4 0  9993
2 48455  53.1597  76.8029 0001168  87.4343 272.6793 15.31702221293728
STARLINK-2698
1 48458U 21040AG  26245.56172780  .00001163  00000+0  49253-4 0  9998
2 48458  53.1595  75.6666 0001208 102.0043 258.1094 15.31693398294491
STARLINK-2579
1 48459U 21040AH  26245.52868443  .00002935  00000+0  10633-3 0  9990
2 48459  53.1596  75.2132 0001279  81.9816 278.1331 15.31695841293791
STARLINK-2683
1 48462U 21040AL  26245.29872041  .00009008  00000+0  30170-3 0  9993
2 48462  53.1587  89.1961 0001771  84.6080 275.5123 15.31698405293563
STARLINK-2686
1 48464U 21040AN  26245.58337284  .00002367  00000+0  88014-4 0  9994
2 48464  53.1601  87.9881 0001159  77.8130 282.3001 15.31700132293606
STARLINK-2681
1 48465U 21040AP  26245.66668981  .00362919  65531-4  76946-3 0  9992
2 48465  53.1296  46.1337 0006161 288.7696  86.7539 15.98213714  6037
STARLINK-2687
1 48466U 21040AQ  26244.98644909  .00003436  00000+0  12241-3 0  9990
2 48466  53.1585  90.6900 0000908  73.9620 286.1481 15.31707102293523
STARLINK-2659
1 48467U 21040AR  26245.58766990 -.00000316  00000+0  15914-5 0  9990
2 48467  53.1608  87.7741 0001186  94.8675 265.2462 15.31698844293610
STARLINK-2685
1 48468U 21040AS  26245.66668981 -.00001891  00000+0 -45463-4 0  9992
2 48468  53.1579  87.7175 0001443  90.2968 275.2829 15.33994489  5862
STARLINK-2661
1 48469U 21040AT  26245.53643623  .00000023  00000+0  12523-4 0  9990
2 48469  53.1604  88.1980 0001277  99.0288 261.0858 15.31699778293605
STARLINK-2675
1 48470U 21040AU  26245.58302181  .00002097  00000+0  79332-4 0  9992
2 48470  53.1603  87.8446 0001202  85.1088 275.0051 15.31696388293605
STARLINK-2684
1 48471U 21040AV  26245.57835762  .00007422  00000+0  25056-3 0  9998
2 48471  53.1593  87.8737 0001507 111.5280 248.5882 15.31719235293607
STARLINK-2722
1 48472U 21040AW  26244.85614730  .00019190  00000+0  10225-2 0  9995
2 48472  53.0588 114.0789 0001865  99.6878 260.4325 15.15228937293136
STARLINK-2658
1 48473U 21040AX  26245.59233876  .00001136  00000+0  48366-4 0  9996
2 48473  53.1609  87.7634 0000984 104.5959 255.5152 15.31691846293600
STARLINK-2697
1 48474U 21040AY  26245.56447686  .00001498  00000+0  60047-4 0  9991
2 48474  53.1589  88.6389 0001189  76.2336 283.8797 15.31687383293584
STARLINK-2728
1 48478U 21040BC  26245.55041539  .00000757  00000+0  36179-4 0  9997
2 48478  53.1594  88.0920 0001285 101.1314 258.9832 15.31683058293599
STARLINK-2755
1 48479U 21040BD  26245.56909968  .00009451  00000+0  31578-3 0  9995
2 48479  53.1597  88.2533 0001212 104.0171 256.0965 15.31713758293595
STARLINK-2706
1 48481U 21040BF  26245.59334093  .00001263  00000+0  52457-4 0  9995
2 48481  53.1607  90.2483 0001112 103.9269 256.1856 15.31693413293575
STARLINK-2525
1 48482U 21040BG  26245.56543437  .00001507  00000+0  60353-4 0  9992
2 48482  53.1588  90.7912 0001198  73.6997 286.4136 15.31686556293567
STARLINK-2531
1 48483U 21040BH  26245.57945752  .00007863  00000+0  26492-3 0  9996
2 48483  53.1593  90.9089 0001273  56.9592 303.1532 15.31693566293566
STARLINK-2500
1 48485U 21040BK  26244.96418410  .00001570  00000+0  62388-4 0  9990
2 48485  53.1595  93.4148 0001374  93.3567 266.7592 15.31684130293470
STARLINK-2494
1 48487U 21040BM  26245.58876518  .00002724  00000+0  99542-4 0  9992
2 48487  53.1592  90.8119 0001488  88.3175 271.7997 15.31692054293573
STARLINK-2063
1 48553U 21041A   26245.64625874  .00001083  00000+0  46674-4 0  9996
2 48553  53.1619  23.3142 0001150  80.3020 279.8111 15.31693845292396
STARLINK-2139
1 48554U 21041B   26245.57632448  .00002657  00000+0  97362-4 0  9992
2 48554  53.1614  23.5382 0001074  94.0147 266.0977 15.31700081292385
STARLINK-2145
1 48555U 21041C   26244.86889760  .00000381  00000+0  24047-4 0  9997
2 48555  53.1594  49.0729 0001112  73.2354 286.8769 15.31705354291941
STARLINK-2151
1 48556U 21041D   26244.86269481 -.00001693  00000+0 -42813-4 0  9990
2 48556  53.1597  42.5997 0001236  94.0745 266.0397 15.31698314292048
STARLINK-2155
1 48557U 21041E   26245.09163013  .00004171  00000+0  14611-3 0  9997
2 48557  53.1582  25.9421 0000964  86.1641 273.9471 15.31699557292303
STARLINK-2166
1 48558U 21041F   26245.08694585  .00000287  00000+0  21018-4 0  9994
2 48558  53.1588  25.9493 0001325 100.0145 260.1006 15.31721964291440
STARLINK-2187
1 48562U 21041K   26245.55442282  .00101915  00000+0  50734-3 0  9992
2 48562  53.1501 353.1860 0005428 336.8004  23.2772 15.81131089292802
STARLINK-2188
1 48563U 21041L   26244.81196311  .00005028  00000+0  17361-3 0  9997
2 48563  53.1611  27.1212 0000929  76.6920 283.4185 15.31712078292267
STARLINK-2190
1 48564U 21041M   26245.12890113  .00004127  00000+0  14467-3 0  9997
2 48564  53.1615  25.6255 0000841  88.7310 271.3788 15.31698277292317
STARLINK-2214
1 48566U 21041P   26244.73373384 -.00000637  00000+0 -87627-5 0  9995
2 48566  53.1590  49.6619 0000946  76.7661 283.3446 15.31700019291921
STARLINK-2217
1 48568U 21041R   26245.53910455  .00005593  00000+0  19183-3 0  9996
2 48568  53.1589  24.1487 0000976  72.8836 287.2272 15.31702908292364
STARLINK-2219
1 48569U 21041S   26244.80730316  .00008354  00000+0  28058-3 0  9991
2 48569  53.1608  27.1318 0000985  96.1763 263.9350 15.31707659292266
STARLINK-2221
1 48571U 21041U   26245.15127448 -.00001050  00000+0 -22091-4 0  9999
2 48571  53.1603  38.3672 0001101  81.9303 278.1823 15.31697376292137
STARLINK-2222
1 48572U 21041V   26245.55868157  .00006680  00000+0  22672-3 0  9999
2 48572  53.1593  45.8302 0001173 107.4601 252.6529 15.31713552292059
STARLINK-2224
1 48573U 21041W   26244.57901919  .00009928  00000+0  33131-3 0  9995
2 48573  53.1597  28.8456 0001229  84.2636 275.8505 15.31695304292210
STARLINK-2225
1 48574U 21041X   26244.64270248  .00003107  00000+0  11183-3 0  9994
2 48574  53.1599   2.1576 0001052  80.0832 280.0288 15.31704453292590
STARLINK-2227
1 48575U 21041Y   26245.59193035  .00027080  00000+0  84594-3 0  9990
2 48575  53.1604 344.8998 0002732  22.0335 338.0784 15.33008304292939
STARLINK-2228
1 48576U 21041Z   26245.02489443 -.00000259  00000+0  34247-5 0  9992
2 48576  53.1602   0.4635 0000870 113.3591 246.7502 15.31703663292661
STARLINK-2231
1 48577U 21041AA  26245.57169836  .00003157  00000+0  11347-3 0  9997
2 48577  53.1602  23.7653 0001126  85.7558 274.3572 15.31696842292372
STARLINK-2232
1 48578U 21041AB  26245.59964061  .00002933  00000+0  10624-3 0  9991
2 48578  53.1603  23.4690 0001038 102.5616 257.5502 15.31696924292385
STARLINK-2234
1 48580U 21041AD  26245.04819583  .00002182  00000+0  82063-4 0  9995
2 48580  53.1606   0.3059 0001028  90.7179 269.3940 15.31690084292664
STARLINK-2235
1 48581U 21041AE  26245.57125258  .00003322  00000+0  11880-3 0  9998
2 48581  53.1605   0.7064 0001057  87.9262 272.1860 15.31692070292690
STARLINK-2236
1 48582U 21041AF  26245.66668981  .00160972  00000+0  98719-3 0  9995
2 48582  53.0506 346.5968 0009309 354.0861 305.8351 15.76251729  5967
STARLINK-2237
1 48583U 21041AG  26244.85492089  .00001795  00000+0  69586-4 0  9998
2 48583  53.1593  49.1778 0001095  88.6122 271.5005 15.31702723291940
STARLINK-2241
1 48586U 21041AK  26245.47945828  .00004085  00000+0  14333-3 0  9998
2 48586  53.1586  46.2056 0001033  88.1881 271.9239 15.31698853292033
STARLINK-2245
1 48589U 21041AN  26244.83527820 -.00001220  00000+0 -27559-4 0  9993
2 48589  53.1617  27.0636 0001183  81.5600 278.5535 15.31703776292262
STARLINK-2250
1 48593U 21041AS  26244.82040495 -.00000048  00000+0  10205-4 0  9991
2 48593  53.1592  40.2586 0001133  90.6658 269.4473 15.31701865292075
STARLINK-2251
1 48594U 21041AT  26245.55090208  .00003438  00000+0  12251-3 0  9997
2 48594  53.1611  12.8306 0000928  80.2729 279.8378 15.31698131292528
STARLINK-2252
1 48595U 21041AU  26245.56802260  .00003393  00000+0  12105-3 0  9996
2 48595  53.1598  45.7741 0001089  61.2218 298.8892 15.31700718293328
STARLINK-2253
1 48596U 21041AV  26244.85297853  .00005883  00000+0  20113-3 0  9998
2 48596  53.1604  39.7467 0000986  97.5500 262.5613 15.31707230292544
STARLINK-2255
1 48597U 21041AW  26244.72713785  .00002124  00000+0  80159-4 0  9994
2 48597  53.1606  40.3034 0001036  96.2336 263.8784 15.31707941293335
STARLINK-2713
1 48602U 21041BB  26244.72067574  .00006033  00000+0  20598-3 0  9992
2 48602  53.1598  14.6460 0001057  92.5619 267.5503 15.31703522293684
STARLINK-2714
1 48603U 21041BC  26245.08943528  .00000651  00000+0  32731-4 0  9998
2 48603  53.1603  14.5683 0001153  92.0629 268.0504 15.31706386293713
STARLINK-2757
1 48604U 21041BD  26244.85957171 -.00001460  00000+0 -35292-4 0  9998
2 48604  53.1603  49.0923 0001212  97.7620 262.3519 15.31704611293210
STARLINK-2739
1 48639U 21044B   26245.62020690 -.00012339  00000+0 -38668-3 0  9998
2 48639  53.1613  10.4781 0001138  76.5548 283.5580 15.31684124290939
STARLINK-2736
1 48640U 21044C   26244.79990984  .00001182  00000+0  49864-4 0  9992
2 48640  53.1610  14.2626 0001380  71.4204 288.6947 15.31699794290808
STARLINK-2754
1 48641U 21044D   26245.08391811  .00003341  00000+0  11940-3 0  9992
2 48641  53.1605  13.2088 0001265  87.3689 272.7457 15.31694307290859
STARLINK-2646
1 48642U 21044E   26244.62747651 -.00000905  00000+0 -17409-4 0  9991
2 48642  53.1609  15.1859 0001242  90.3752 269.7391 15.31701828290783
STARLINK-2704
1 48643U 21044F   26245.06058073  .00004263  00000+0  14906-3 0  9991
2 48643  53.1588  13.1035 0000838  83.7752 276.3345 15.31696949290858
STARLINK-2695
1 48644U 21044G   26245.07459800  .00005695  00000+0  19535-3 0  9999
2 48644  53.1607  13.2139 0001281  80.6546 279.4600 15.31666704290851
STARLINK-2732
1 48646U 21044J   26244.79025854  .00003836  00000+0  13529-3 0  9999
2 48646  53.1596  14.3763 0001045  85.8227 274.2894 15.31705398290813
STARLINK-2521
1 48648U 21044L   26245.57794384  .00002668  00000+0  97718-4 0  9994
2 48648  53.1602  10.8215 0001153 103.6950 256.4180 15.31697340290938
STARLINK-2673
1 48649U 21044M   26245.62452808  .00002259  00000+0  84553-4 0  9992
2 48649  53.1616  10.4258 0001263  67.3662 292.7473 15.31693093290934
STARLINK-2672
1 48650U 21044N   26244.72035284  .00006194  00000+0  21113-3 0  9993
2 48650  53.1592  14.7656 0000959  90.4475 269.6636 15.31707414290799
STARLINK-2731
1 48651U 21044P   26244.78094853  .00004712  00000+0  16348-3 0  9995
2 48651  53.1605  14.4779 0001169  64.0363 296.0759 15.31703031290808
STARLINK-2720
1 48653U 21044R   26244.63645759  .00002558  00000+0  94172-4 0  9996
2 48653  53.1621  15.0818 0001248  96.4369 263.6775 15.31701297290789
STARLINK-2657
1 48655U 21044T   26244.64111902 -.00002588  00000+0 -71627-4 0  9992
2 48655  53.1616  15.1790 0001242  89.4240 270.6904 15.31711175290787
STARLINK-2701
1 48656U 21044U   26245.53597615  .00001893  00000+0  72765-4 0  9991
2 48656  53.1609  10.8598 0001060  77.6877 282.4243 15.31697830290925
STARLINK-2734
1 48657U 21044V   26245.08851331  .00005022  00000+0  17324-3 0  9997
2 48657  53.1625  13.0602 0000880  68.3810 291.7285 15.31748559290854
STARLINK-2647
1 48658U 21044W   26245.06532632  .00004293  00000+0  15002-3 0  9996
2 48658  53.1604  13.6878 0001481  75.1729 284.9437 15.31698913290846
STARLINK-2717
1 48659U 21044X   26244.67838831  .00002155  00000+0  81146-4 0  9991
2 48659  53.1620  14.8682 0001353  70.8413 289.2735 15.31716366290797
STARLINK-2726
1 48662U 21044AA  26244.64197840  .00001469  00000+0  59066-4 0  9993
2 48662  53.1598  16.5984 0001060  93.3184 266.7939 15.31706024290751
STARLINK-2667
1 48663U 21044AB  26245.06323340  .00003334  00000+0  11919-3 0  9994
2 48663  53.1611   3.1140 0001140  98.7687 261.3443 15.31692563290999
STARLINK-2666
1 48666U 21044AE  26245.07545287 -.00001017  00000+0 -21000-4 0  9995
2 48666  53.1617  14.6709 0001114  89.0819 271.0310 15.31698012290814
STARLINK-2735
1 48667U 21044AF  26245.47627038  .00001934  00000+0  74092-4 0  9990
2 48667  53.1615  12.7140 0001014  92.9514 267.1604 15.31688143290888
STARLINK-2738
1 48668U 21044AG  26245.58058882  .00001955  00000+0  74747-4 0  9998
2 48668  53.1615   0.7631 0000958  84.0980 276.0131 15.31690975291078
STARLINK-2707
1 48669U 21044AH  26244.74166036  .00000099  00000+0  14943-4 0  9997
2 48669  53.1621   4.7996 0001088  66.1166 293.9950 15.31704617290936
STARLINK-2763
1 48670U 21044AJ  26245.59932721  .00073803  00000+0  23763-2 0  9996
2 48670  53.1616   0.9330 0002372  70.9038 289.2220 15.31567849291067
STARLINK-2745
1 48671U 21044AK  26245.53687350  .00002198  00000+0  82588-4 0  9997
2 48671  53.1607  12.5558 0001078  90.4989 269.6136 15.31695196290887
STARLINK-2705
1 48672U 21044AL  26244.62517843 -.00001104  00000+0 -23806-4 0  9992
2 48672  53.1610   5.5820 0001193  82.7763 277.3374 15.31703043290913
STARLINK-2711
1 48673U 21044AM  26245.06611737 -.00001607  00000+0 -40026-4 0  9990
2 48673  53.1611  14.6237 0001055  99.6863 260.4258 15.31704798290814
STARLINK-2712
1 48674U 21044AN  26244.74454527  .00007274  00000+0  24595-3 0  9993
2 48674  53.1606  16.2505 0001075  77.9834 282.1288 15.31696440290766
STARLINK-2746
1 48676U 21044AQ  26245.63938823  .00001222  00000+0  51121-4 0  9993
2 48676  53.1593  11.9495 0001072  88.5240 271.5884 15.31699734290908
STARLINK-2615
1 48678U 21044AS  26244.74628912  .00004416  00000+0  15399-3 0  9995
2 48678  53.1593   4.4887 0001114  68.6913 291.4208 15.31698361290945
STARLINK-2648
1 48679U 21044AT  26244.78181625  .00005121  00000+0  17662-3 0  9994
2 48679  53.1590  15.9595 0001037  69.4918 290.6195 15.31705487290779
STARLINK-2725
1 48681U 21044AV  26244.76245511  .00003600  00000+0  12768-3 0  9992
2 48681  53.1594 336.2429 0001067  79.9032 280.2090 15.31704513291338
STARLINK-2743
1 48682U 21044AW  26245.49141730 -.00000804  00000+0 -14152-4 0  9997
2 48682  53.1609 322.2329 0001171  99.7103 260.4030 15.31715299291590
STARLINK-2756
1 48683U 21044AX  26245.48213121  .00002456  00000+0  90851-4 0  9994
2 48683  53.1609 322.4684 0001076 101.8481 258.2641 15.31706860291592
STARLINK-2741
1 48684U 21044AY  26244.59031042 -.00000921  00000+0 -17906-4 0  9993
2 48684  53.1601 339.3420 0000892  97.0337 263.0766 15.31703911291283
STARLINK-2751
1 48685U 21044AZ  26245.48674999  .00000600  00000+0  31087-4 0  9995
2 48685  53.1604 322.1604 0001157  82.7643 277.3490 15.31708370291609
STARLINK-2629
1 48686U 21044BA  26244.69683832  .00002073  00000+0  78535-4 0  9999
2 48686  53.1606 336.3000 0001169 105.9675 254.1455 15.31700405291329
STARLINK-2627
1 48687U 21044BB  26244.72706657  .00002697  00000+0  98624-4 0  9998
2 48687  53.1589 325.7644 0001218  89.2916 270.8225 15.31704759291475
STARLINK-2742
1 48688U 21044BC  26245.53339746  .00000966  00000+0  42885-4 0  9995
2 48688  53.1607 322.2203 0001279  89.2855 270.8293 15.31703959291598
STARLINK-2740
1 48690U 21044BE  26244.53870588  .00006936  00000+0  23499-3 0  9993
2 48690  53.1606 336.9892 0001204  83.9842 276.1297 15.31709322291303
STARLINK-2750
1 48691U 21044BF  26244.55236385 -.00003014  00000+0 -85413-4 0  9998
2 48691  53.1610 336.9034 0001203  98.0262 262.0876 15.31696112291308
STARLINK-2752
1 48692U 21044BG  26244.57096759  .00001305  00000+0  53827-4 0  9993
2 48692  53.1616 336.6173 0001498  60.8553 299.2598 15.31696831291314
STARLINK-2618
1 48693U 21044BH  26245.47550152  .00000260  00000+0  20157-4 0  9995
2 48693  53.1597 332.5440 0001277  99.4707 260.6439 15.31702306291455
STARLINK-2748
1 48694U 21044BJ  26244.55310942  .00002331  00000+0  86853-4 0  9991
2 48694  53.1601 340.0780 0001246  78.1972 281.9169 15.31706565291263
STARLINK-2616
1 48695U 21044BK  26244.75842522  .00007384  00000+0  24939-3 0  9997
2 48695  53.1587 338.4295 0001400  91.6918 268.4244 15.31710439291316
STARLINK-2753
1 48696U 21044BL  26244.66706354  .00033791  00000+0  10455-2 0  9998
2 48696  53.1592 349.5495 0002380  14.5000 345.6070 15.33199093291147
STARLINK-3005
1 48881U 21059C   26245.57758339 -.00000499  00000+0 -34619-4 0  9992
2 48881  97.2835   7.0247 0002092 116.1411 244.0030 15.01267732285342
STARLINK-3090
1 49132U 21082C   26245.28572580  .00000286  00000+0  31795-4 0  9992
2 49132  69.9990 209.0656 0003349 270.3541  89.7235 14.98330267272437
STARLINK-3077
1 49133U 21082D   26245.30242897 -.00000399  00000+0 -25603-4 0  9999
2 49133  69.9988 209.1507 0003224 266.6743  93.4047 14.98336483272434
STARLINK-3078
1 49134U 21082E   26245.29825902  .00000212  00000+0  25537-4 0  9990
2 49134  69.9987 209.1642 0003535 267.2440  92.8314 14.98323738273632
STARLINK-3073
1 49135U 21082F   26245.20183905 -.00000344  00000+0 -21049-4 0  9994
2 49135  69.9997 169.3885 0003236 266.8478  93.2311 14.98318734273412
STARLINK-3055
1 49137U 21082H   26245.22233799 -.00000149  00000+0 -48227-5 0  9996
2 49137  69.9997 190.6985 0003279 265.0742  95.0043 14.97524555272885
STARLINK-3058
1 49138U 21082J   26245.62788320  .00000234  00000+0  27441-4 0  9993
2 49138  69.9988 208.3362 0003611 256.2240 103.8517 14.98330234272487
STARLINK-3057
1 49139U 21082K   26245.66668981  .00151524  00000+0  30680-2 0  9994
2 49139  69.9997 158.4630 0002972 268.6649 293.3642 15.45722402  5876
STARLINK-3093
1 49141U 21082M   26245.28991300 -.00000965  00000+0 -73046-4 0  9998
2 49141  69.9992 209.1924 0003487 269.0514  91.0246 14.98331943273639
STARLINK-3109
1 49143U 21082P   26245.28508145  .00000519  00000+0  52275-4 0  9995
2 49143  69.9996 190.5447 0003194 268.8872  91.1921 14.97523945274004
STARLINK-3100
1 49144U 21082Q   26245.28156119  .00000310  00000+0  33780-4 0  9995
2 49144  69.9990 209.1922 0003346 264.8948  95.1829 14.98329990272434
STARLINK-3119
1 49145U 21082R   26245.23104642 -.00000211  00000+0 -98788-5 0  9997
2 49145  69.9997 169.3151 0003032 268.2659  91.8153 14.98322738273406
STARLINK-3116
1 49146U 21082S   26245.54809564 -.00001951  00000+0 -15914-3 0  9997
2 49146  69.9998 189.8842 0003247 263.2849  96.7940 14.97520344274081
STARLINK-3071
1 49147U 21082T   26245.17679072 -.00000384  00000+0 -24398-4 0  9992
2 49147  70.0001 169.4700 0002841 268.7192  91.3642 14.98325904273408
STARLINK-3048
1 49148U 21082U   26245.27256131  .00000457  00000+0  46963-4 0  9992
2 49148  69.9996 190.5580 0002881 269.0436  91.0393 14.97520692272880
STARLINK-3102
1 49151U 21082X   26245.22268375  .00000626  00000+0  60265-4 0  9993
2 49151  69.9995 169.3434 0003122 263.5202  96.5601 14.98329729274607
STARLINK-3072
1 49153U 21082Z   26245.21435827 -.00000262  00000+0 -14136-4 0  9996
2 49153  70.0010 169.3733 0002509 253.6172 106.4711 14.98325426274610
STARLINK-3068
1 49154U 21082AA  26245.26838618  .00000614  00000+0  60426-4 0  9999
2 49154  69.9995 190.5723 0003312 268.6567  91.4212 14.97522090273963
STARLINK-3060
1 49155U 21082AB  26245.21016557  .00000923  00000+0  85123-4 0  9999
2 49155  69.9999 169.3769 0003012 269.5597  90.5216 14.98331363274486
STARLINK-3085
1 49156U 21082AC  26245.18930523  .00000273  00000+0  30702-4 0  9995
2 49156  69.9995 169.4276 0002997 261.5725  98.5094 14.98328519274484
STARLINK-3051
1 49157U 21082AD  26245.19715722  .00005518  00000+0  37583-3 0  9999
2 49157  69.9976 181.6016 0005036 313.4291  46.6453 15.06831635274205
STARLINK-3083
1 49158U 21082AE  26245.66668981  .00241917  27168-4  55566-3 0  9991
2 49158  69.9520  29.6477 0006097 246.2112 247.4142 15.97127464  6045
STARLINK-3056
1 49159U 21082AF  26245.26904581  .00000177  00000+0  22636-4 0  9992
2 49159  69.9993 209.2342 0003325 269.3060  90.7718 14.98329093273525
STARLINK-3095
1 49160U 21082AG  26245.32328927 -.00000875  00000+0 -65541-4 0  9994
2 49160  69.9993 209.0798 0003614 263.9995  96.0752 14.98333004273500
STARLINK-3080
1 49161U 21082AH  26245.32745819 -.00000025  00000+0  57468-5 0  9994
2 49161  69.9993 209.0660 0003462 266.5506  93.5257 14.98331841273517
STARLINK-3088
1 49163U 21082AK  26245.58984118  .00000478  00000+0  48786-4 0  9994
2 49163  69.9995 189.7728 0003302 266.9949  93.0832 14.97521771274098
STARLINK-3106
1 49164U 21082AL  26245.55254514  .00000289  00000+0  31975-4 0  9994
2 49164  69.9995 188.5151 0003554 260.8952  99.1805 14.98340141274124
STARLINK-3052
1 49165U 21082AM  26245.31911684  .00000495  00000+0  49244-4 0  9994
2 49165  69.9991 209.1213 0003437 263.0903  96.9865 14.98329425273639
STARLINK-3089
1 49166U 21082AN  26245.25168574  .00000453  00000+0  46627-4 0  9996
2 49166  69.9998 190.6262 0003189 264.5093  95.5702 14.97522530274081
STARLINK-3054
1 49167U 21082AP  26245.31077318 -.00003237  00000+0 -26367-3 0  9992
2 49167  69.9983 209.1231 0003531 262.9557  97.1200 14.98325016273638
STARLINK-3046
1 49169U 21082AR  26245.54837090 -.00003763  00000+0 -30765-3 0  9991
2 49169  70.0005 188.5403 0002809 269.9472  90.1365 14.98347507272968
STARLINK-3107
1 49171U 21082AT  26245.24568671  .00006785  00000+0  34919-3 0  9997
2 49171  69.9952 191.6430 0006939 291.7195  68.3235 15.16852342274028
STARLINK-3045
1 49173U 21082AV  26245.66668981  .00094520  00000+0  53033-2 0  9991
2 49173  70.0002 187.9409 0001943 290.9466 312.1034 15.12832582  5765
STARLINK-3087
1 49175U 21082AX  26245.21485298  .00000792  00000+0  75695-4 0  9990
2 49175  69.9995 190.8526 0003262 276.7433  83.3354 14.97514959272877
STARLINK-3069
1 49176U 21082AY  26245.66668981  .00582994  14524-3  14513-2 0  9991
2 49176  69.9979 153.3964 0003253 265.3772 248.0207 15.95650869  5949
STARLINK-3103
1 49177U 21082AZ  26245.17261613  .00000435  00000+0  44242-4 0  9998
2 49177  70.0003 169.4836 0002954 268.2899  91.7921 14.98327906274596
STARLINK-3086
1 49178U 21082BA  26245.33162968 -.00000874  00000+0 -65450-4 0  9993
2 49178  69.9994 209.0636 0003103 268.1692  91.9111 14.98337847273596
STARLINK-3043
1 49179U 21082BB  26245.22685424 -.00000997  00000+0 -75803-4 0  9998
2 49179  69.9990 169.3315 0003484 261.0460  99.0305 14.98323753273407
STARLINK-3059
1 49181U 21082BD  26245.31494319  .00000146  00000+0  19995-4 0  9996
2 49181  69.9990 209.1200 0003359 267.9503  92.1271 14.98328223273627
STARLINK-3075
1 49409U 21104B   26244.96477580  .00002244  00000+0  79551-4 0  9990
2 49409  53.1594 146.4410 0000825  96.3770 263.7326 15.33540657265407
STARLINK-3147
1 49410U 21104C   26245.01936140  .00001750  00000+0  68127-4 0  9999
2 49410  53.1598 146.8582 0001132  87.5296 272.5835 15.31700973265392
STARLINK-3162
1 49411U 21104D   26245.42906828 -.00000028  00000+0  10110-4 0  9992
2 49411  53.1599 136.6075 0001109  87.8103 272.3027 15.35400715265578
STARLINK-3157
1 49413U 21104F   26244.99942356  .00000623  00000+0  30266-4 0  9995
2 49413  53.1591 138.2389 0001100  82.8460 277.2667 15.33554824265517
STARLINK-3146
1 49414U 21104G   26245.46143393  .00000055  00000+0  13012-4 0  9992
2 49414  53.1592 146.0760 0001440 125.0758 235.0379 15.33531760265444
STARLINK-3159
1 49415U 21104H   26245.02625248  .00003972  00000+0  12867-3 0  9996
2 49415  53.1599 137.7412 0001301  72.6249 287.4895 15.34386038265510
STARLINK-3133
1 49416U 21104J   26245.41924120  .00001005  00000+0  40896-4 0  9990
2 49416  53.1608 145.8975 0001267  90.7418 269.3729 15.34389774265443
STARLINK-3154
1 49417U 21104K   26245.02002977  .00001537  00000+0  56639-4 0  9997
2 49417  53.1604 138.4573 0001148  92.6284 267.4850 15.34388248265508
STARLINK-3111
1 49418U 21104L   26245.45233634  .00000274  00000+0  19677-4 0  9999
2 49418  53.1596 146.1381 0001170  83.2044 276.9091 15.33544340265437
STARLINK-3120
1 49419U 21104M   26245.02254402  .00000963  00000+0  38516-4 0  9997
2 49419  53.1612 148.5483 0001133  91.4320 268.6813 15.35399292265361
STARLINK-3110
1 49420U 21104N   26245.44814852  .00000281  00000+0  19459-4 0  9994
2 49420  53.1612 144.0464 0001267  83.8213 276.2934 15.34387003265463
STARLINK-3112
1 49421U 21104P   26245.44348523  .00000289  00000+0  21087-4 0  9990
2 49421  53.1614 144.8837 0001090  84.6755 275.4370 15.31695080265450
STARLINK-3161
1 49422U 21104Q   26245.04737285  .00001515  00000+0  54326-4 0  9999
2 49422  53.1598 147.9494 0001322  93.9283 266.1871 15.35395221265374
STARLINK-3135
1 49424U 21104S   26245.00573427  .00001010  00000+0  42023-4 0  9994
2 49424  53.1601 148.4818 0001173  86.4154 273.6982 15.33548813265365
STARLINK-3139
1 49425U 21104T   26245.04266593  .00000628  00000+0  31990-4 0  9997
2 49425  53.1598 146.7651 0001267  93.7384 266.3762 15.31696312265403
STARLINK-3114
1 49426U 21104U   26245.00321191 -.00001191  00000+0 -24136-4 0  9992
2 49426  53.1592 147.8417 0001621  96.0719 264.0469 15.34378880265377
STARLINK-3131
1 49427U 21104V   26245.42950244  .00000931  00000+0  41770-4 0  9998
2 49427  53.1600 144.9516 0001657  81.0867 279.0322 15.31701875265468
STARLINK-3121
1 49428U 21104W   26245.01180416  .00017689  00000+0  93297-3 0  9998
2 49428  53.1587 154.4587 0002457 100.2095 259.9177 15.15647840265292
STARLINK-3138
1 49430U 21104Y   26245.05364105  .00000549  00000+0  27395-4 0  9998
2 49430  53.1588 147.5968 0001132  96.0713 264.0418 15.34380321265395
STARLINK-3153
1 49431U 21104Z   26245.01581020 -.00011293  00000+0 -32310-3 0  9994
2 49431  53.1597 147.7897 0002244 145.6268 214.4880 15.34444258265381
STARLINK-3158
1 49432U 21104AA  26245.42263463  .00000664  00000+0  33166-4 0  9997
2 49432  53.1594 136.0213 0001324  80.3075 279.8076 15.31699739265588
STARLINK-3079
1 49433U 21104AB  26245.66668981  .00068398  00000+0  25177-2 0  9997
2 49433  53.1589 133.0738 0000911  95.7683 287.2250 15.27247067  5800
STARLINK-3134
1 49434U 21104AC  26245.44855776  .00013722  00000+0  81444-3 0  9995
2 49434  53.2152 154.8207 0002654  77.7674 282.3617 15.11609109266417
STARLINK-3117
1 49435U 21104AD  26245.66668981  .00063845  00000+0  34378-2 0  9994
2 49435  53.1592 133.9352 0000455 244.0523  27.9576 15.14247057  5807
STARLINK-3049
1 49436U 21104AE  26245.66668981  .00066577  00000+0  27680-2 0  9998
2 49436  53.1590 132.9585 0002370  87.1135 335.8564 15.23194392  5807
STARLINK-3130
1 49437U 21104AF  26244.96898367  .00001448  00000+0  54001-4 0  9999
2 49437  53.1611 124.6952 0001170 101.2397 258.8737 15.34386131265702
STARLINK-3044
1 49438U 21104AG  26245.66668981  .00066982  00000+0  24211-2 0  9997
2 49438  53.1609 132.7133 0001403 114.7657 134.2737 15.27857072  5807
STARLINK-3105
1 49440U 21104AJ  26245.66668981  .00067349  00000+0  33255-2 0  9996
2 49440  53.1606 133.7723 0001901  66.5480  16.7977 15.17276410  5804
STARLINK-3128
1 49441U 21104AK  26244.94376437  .00000667  00000+0  30883-4 0  9995
2 49441  53.1610 124.8151 0001612  91.1455 268.9732 15.34390145265709
STARLINK-3098
1 49442U 21104AL  26244.95362191  .00005800  00000+0  17996-3 0  9992
2 49442  53.1580 124.0107 0001745  93.2503 266.8699 15.34876155265713
STARLINK-3136
1 49443U 21104AM  26245.38825562  .00014024  00000+0  79854-3 0  9996
2 49443  53.2149 133.7325 0002018  74.8457 285.2760 15.13091379265620
STARLINK-3126
1 49444U 21104AN  26245.01175546  .00003471  00000+0  12350-3 0  9999
2 49444  53.1593 134.9354 0001542  72.6600 287.4570 15.31715685265564
STARLINK-3122
1 49445U 21104AP  26244.98693412  .00001241  00000+0  49076-4 0  9991
2 49445  53.1597 138.3140 0001236  78.1045 282.0096 15.33540605265513
STARLINK-3099
1 49446U 21104AQ  26245.00637610  .00001230  00000+0  51400-4 0  9996
2 49446  53.1612 132.1430 0001270  73.4894 286.6247 15.31700577265606
STARLINK-3115
1 49447U 21104AR  26245.01715231  .00000418  00000+0  25224-4 0  9996
2 49447  53.1596 137.8867 0001251  95.0307 265.0837 15.31693795265522
STARLINK-3137
1 49449U 21104AT  26245.60225143  .00062179  00000+0  80676-3 0  9994
2 49449  53.2097  80.7031 0001218 118.3919 241.7217 15.58277507266398
STARLINK-3127
1 49450U 21104AU  26245.01007134  .00001788  00000+0  62159-4 0  9995
2 49450  53.1597 138.4946 0001264  94.8290 265.2857 15.35396838265777
STARLINK-3125
1 49451U 21104AV  26245.43282268 -.00000230  00000+0  43395-5 0  9999
2 49451  53.1601 136.2835 0001369  89.2993 270.8166 15.33546291265583
STARLINK-3150
1 49452U 21104AW  26244.99383735  .00000497  00000+0  27789-4 0  9993
2 49452  53.1608 137.9677 0001265  75.9874 284.1268 15.31707906265523
STARLINK-3129
1 49453U 21104AX  26244.99311769  .00000993  00000+0  43742-4 0  9990
2 49453  53.1614 135.0893 0001216  90.8956 269.2185 15.31702249265564
STARLINK-3160
1 49454U 21104AY  26244.99682995  .00000810  00000+0  35110-4 0  9991
2 49454  53.1611 137.8718 0001162  87.9683 272.1453 15.34395934265521
STARLINK-3145
1 49455U 21104AZ  26244.98211727  .00001185  00000+0  46204-4 0  9994
2 49455  53.1583 137.9401 0001043  74.8781 285.2338 15.34392977265523
STARLINK-3124
1 49456U 21104BA  26245.41387347  .00000777  00000+0  34960-4 0  9998
2 49456  53.1599 136.2845 0001523  93.3951 266.7225 15.33539445265580
STARLINK-3132
1 49457U 21104BB  26244.98918283  .00000514  00000+0  28325-4 0  9996
2 49457  53.1604 138.0289 0001076  90.6436 269.4689 15.31701255265516
STARLINK-3156
1 49458U 21104BC  26245.40965543  .00000319  00000+0  21044-4 0  9990
2 49458  53.1597 136.2970 0001187  97.8390 262.2747 15.33544194265588
STARLINK-3141
1 49459U 21104BD  26245.41252221 -.00003426  00000+0 -87390-4 0  9994
2 49459  53.1590 137.1418 0001166  91.3055 268.8082 15.35388065265571
STARLINK-3140
1 49460U 21104BE  26245.43369869  .00002820  00000+0  91746-4 0  9990
2 49460  53.1607 135.8966 0001167  79.2135 280.8999 15.35393695265587
STARLINK-3219
1 49724U 21115A   26245.48880831 -.00000287  00000+0  25116-5 0  9992
2 49724  53.1591  63.6245 0001280  88.9153 271.1995 15.31697798262384
STARLINK-3218
1 49725U 21115B   26245.55214455  .00000085  00000+0  13643-4 0  9990
2 49725  53.1601  65.7602 0001190  90.1394 269.9745 15.34385855262366
STARLINK-3242
1 49727U 21115D   26245.54118819  .00000721  00000+0  32492-4 0  9998
2 49727  53.1608  73.9582 0001052  78.6799 281.4321 15.34388633262243
STARLINK-3240
1 49728U 21115E   26245.61675203  .00001098  00000+0  43641-4 0  9998
2 49728  53.1595  72.9762 0001093  92.5472 267.5655 15.34388859262263
STARLINK-3251
1 49729U 21115F   26244.96509822  .00000086  00000+0  14527-4 0  9996
2 49729  53.1601  78.1006 0001072  87.5517 272.5607 15.31703187262133
STARLINK-3249
1 49730U 21115G   26244.82677611  .00001000  00000+0  40746-4 0  9994
2 49730  53.1616  77.1623 0001416  97.1540 262.9624 15.34387993262138
STARLINK-3246
1 49732U 21115J   26245.24474635  .00000790  00000+0  37213-4 0  9994
2 49732  53.1604  76.8019 0001138  93.8136 266.2995 15.31697289262178
STARLINK-3252
1 49733U 21115K   26245.56634150  .00000329  00000+0  22358-4 0  9992
2 49733  53.1601  75.3287 0001222  97.6665 262.4475 15.31701027262223
STARLINK-3238
1 49734U 21115L   26245.53543614  .00000507  00000+0  28105-4 0  9998
2 49734  53.1601  63.5584 0001151  81.4642 278.6490 15.31700769262385
STARLINK-3113
1 49735U 21115M   26245.50960000  .00000316  00000+0  20492-4 0  9997
2 49735  53.1604  73.5334 0001004 113.8235 246.2873 15.34380624262246
STARLINK-3148
1 49736U 21115N   26245.52475773  .00002972  00000+0  99031-4 0  9993
2 49736  53.1626  65.4920 0001226 112.7343 247.3789 15.34406791262361
STARLINK-3225
1 49737U 21115P   26245.66668981  .00009410  00000+0  39771-3 0  9992
2 49737  53.1620  71.9035 0002392  78.8938 337.7592 15.23915151  5805
STARLINK-3143
1 49738U 21115Q   26244.94487871  .00017118  00000+0  96483-3 0  9997
2 49738  53.2146  75.8019 0002009  87.7802 272.3422 15.13305378262173
STARLINK-3155
1 49739U 21115R   26245.24126756  .00033145  00000+0  91376-3 0  9998
2 49739  53.1590  76.7369 0000434 357.7742   2.3259 15.36841996262172
STARLINK-3226
1 49740U 21115S   26245.21848375  .00000494  00000+0  27690-4 0  9995
2 49740  53.1601  64.8733 0001214  91.6361 268.4779 15.31697167262343
STARLINK-3244
1 49741U 21115T   26245.21382620  .00000848  00000+0  39082-4 0  9993
2 49741  53.1598  64.9222 0001173  92.8009 267.3127 15.31698134262349
STARLINK-3202
1 49742U 21115U   26245.48799985  .00000473  00000+0  24478-4 0  9996
2 49742  53.1602  65.7354 0000961  85.3646 274.7467 15.35394992262358
STARLINK-3239
1 49743U 21115V   26245.48415787  .00000492  00000+0  27618-4 0  9992
2 49743  53.1596  63.7261 0001199  87.6865 272.4274 15.31697122262389
STARLINK-3231
1 49744U 21115W   26245.49346177  .00000917  00000+0  41322-4 0  9990
2 49744  53.1607  63.5901 0001132  86.1367 273.9764 15.31696687262385
STARLINK-3241
1 49745U 21115X   26245.50281402  .00001174  00000+0  49583-4 0  9995
2 49745  53.1601  63.7631 0001171  77.9853 282.1280 15.31701226262384
STARLINK-3233
1 49746U 21115Y   26245.66668981 -.00021741  00000+0 -61389-3 0  9995
2 49746  53.1605  71.2124 0001036  81.2860 109.1662 15.35413187  5754
STARLINK-3247
1 49747U 21115Z   26245.55206580  .00014636  00000+0  82656-3 0  9990
2 49747  53.1620  73.8080 0001223  92.9420 267.1713 15.13352150262249
STARLINK-3248
1 49748U 21115AA  26245.66668981 -.00020601  00000+0 -58097-3 0  9993
2 49748  53.1601  70.9220 0001168  99.7280 200.1343 15.35416045  5801
STARLINK-3250
1 49749U 21115AB  26245.50746223  .00000135  00000+0  16099-4 0  9998
2 49749  53.1602  63.6337 0001164  80.9390 279.1743 15.31702917262381
STARLINK-3236
1 49750U 21115AC  26245.52139129  .00008233  00000+0  27623-3 0  9994
2 49750  53.1604  63.5249 0000751 110.9509 249.1573 15.31763343262381
STARLINK-3229
1 49751U 21115AD  26245.66668981  .00047968  00000+0  14337-2 0  9998
2 49751  53.1612  71.4800 0000719  75.4281 318.7002 15.34134832  5808
STARLINK-3209
1 49752U 21115AE  26244.74669921  .00000800  00000+0  34826-4 0  9993
2 49752  53.1607  57.0491 0001151  78.1079 282.0052 15.34385259262416
STARLINK-3200
1 49753U 21115AF  26245.53321981  .00000524  00000+0  26651-4 0  9993
2 49753  53.1614  65.7396 0001864  92.1585 267.9632 15.34391000262365
STARLINK-3193
1 49754U 21115AG  26245.58038053 -.00000505  00000+0 -40326-5 0  9991
2 49754  53.1604  53.7840 0001200  92.9653 267.1486 15.33544132262537
STARLINK-3210
1 49755U 21115AH  26244.89447374  .00000094  00000+0  13926-4 0  9991
2 49755  53.1618  68.7776 0000968  80.8814 279.2299 15.34385661262269
STARLINK-3207
1 49756U 21115AJ  26244.76772646  .00001186  00000+0  46232-4 0  9990
2 49756  53.1610  57.0600 0001013  85.3466 274.7653 15.34386937262412
STARLINK-3197
1 49757U 21115AK  26245.50831021  .00001914  00000+0  69550-4 0  9994
2 49757  53.1609  53.9369 0001340  95.0384 265.0772 15.33536856262521
STARLINK-3194
1 49758U 21115AL  26244.70046998  .00000945  00000+0  39092-4 0  9998
2 49758  53.1613  57.2700 0001053  92.6306 267.4817 15.34390668262404
STARLINK-3204
1 49759U 21115AM  26244.89201913  .00000985  00000+0  39125-4 0  9990
2 49759  53.1609  56.4542 0000611  79.0749 281.0323 15.35396528262433
STARLINK-3199
1 49760U 21115AN  26245.48841013 -.00000210  00000+0  49163-5 0  9995
2 49760  53.1617  53.5797 0001042  78.4250 281.6869 15.34388204262536
STARLINK-3203
1 49761U 21115AP  26244.89167873 -.00000285  00000+0  26985-5 0  9994
2 49761  53.1616  56.3736 0001262  94.1818 265.9329 15.34388572262432
STARLINK-3195
1 49762U 21115AQ  26245.49471600  .00000013  00000+0  11517-4 0  9990
2 49762  53.1606  53.5394 0001002  79.9652 280.1463 15.34387637262530
STARLINK-3198
1 49763U 21115AR  26244.88144609  .00003628  00000+0  12859-3 0  9993
2 49763  53.1599  60.4525 0001316  77.7098 282.4051 15.31705809262386
STARLINK-3227
1 49765U 21115AT  26245.50935474  .00000706  00000+0  34515-4 0  9991
2 49765  53.1619  52.9745 0001143  93.9223 266.1909 15.31700143262544
STARLINK-3190
1 49766U 21115AU  26244.76852954  .00002568  00000+0  84503-4 0  9990
2 49766  53.1604  57.4172 0001152  80.2676 279.8457 15.35402275262418
STARLINK-3192
1 49767U 21115AV  26245.50102183  .00000327  00000+0  20810-4 0  9998
2 49767  53.1624  53.5394 0001295  96.2847 263.8303 15.34389854262531
STARLINK-3196
1 49768U 21115AW  26244.86227196  .00007603  00000+0  23631-3 0  9996
2 49768  53.1609  56.5048 0001401 101.5819 258.5341 15.34346552262432
STARLINK-3208
1 49769U 21115AX  26245.49665411  .00001448  00000+0  58397-4 0  9992
2 49769  53.1613  57.6128 0001167  83.9236 276.1898 15.31707783262475
STARLINK-3191
1 49770U 21115AY  26245.50598058  .00000009  00000+0  12041-4 0  9996
2 49770  53.1628  57.5946 0001151  94.9688 265.1445 15.31704586263594
STARLINK-3201
1 49771U 21115AZ  26244.88272203  .00002214  00000+0  74326-4 0  9992
2 49771  53.1606  56.5552 0001259  81.2043 278.9103 15.35410339262435
STARLINK-3297
1 50159U 21125D   26245.13006339 -.00000026  00000+0  10532-4 0  9998
2 50159  53.1587 177.7892 0001412  89.2289 270.8875 15.33557835263214
STARLINK-3304
1 50161U 21125F   26245.16820992 -.00000163  00000+0  62454-5 0  9996
2 50161  53.1599 177.1979 0001232  94.2680 265.8463 15.35407527263223
STARLINK-3306
1 50163U 21125H   26245.66668981  .00048046  00000+0  23461-3 0  9995
2 50163  53.2102 127.7832 0003890 158.4750  48.4207 15.81860246  5900
STARLINK-3298
1 50165U 21125K   26245.07643892 -.00001003  00000+0 -18577-4 0  9993
2 50165  53.1595 177.4963 0001232  93.4304 266.6840 15.34376637263261
STARLINK-3305
1 50166U 21125L   26245.10375400 -.00001318  00000+0 -30709-4 0  9995
2 50166  53.1597 167.4293 0000896  93.8281 266.2823 15.31696534263357
STARLINK-3271
1 50167U 21125M   26245.11193552  .00001897  00000+0  65260-4 0  9993
2 50167  53.1589 178.4951 0001258  88.0100 272.1048 15.35402407263208
STARLINK-3301
1 50169U 21125P   26245.07589388  .00001560  00000+0  57316-4 0  9996
2 50169  53.1606 164.0928 0001259  98.4987 261.6158 15.34386874263410
STARLINK-3245
1 50170U 21125Q   26245.09443722  .00000741  00000+0  35647-4 0  9994
2 50170  53.1601 167.4913 0001259  98.1262 261.9883 15.31699991263356
STARLINK-3286
1 50171U 21125R   26245.09837100 -.00000066  00000+0  96371-5 0  9995
2 50171  53.1596 164.5528 0001351  93.0802 267.0355 15.31692009263407
STARLINK-3287
1 50172U 21125S   26245.07059969  .00000063  00000+0  13000-4 0  9996
2 50172  53.1622 169.5240 0001254  81.3894 278.7251 15.34400259263363
STARLINK-3289
1 50173U 21125T   26245.48998577  .00016317  00000+0  84039-3 0  9997
2 50173  53.2121 159.5608 0002975  93.5213 266.6123 15.16546868263526
STARLINK-3292
1 50174U 21125U   26245.05582599  .00000875  00000+0  37025-4 0  9990
2 50174  53.1599 159.7782 0001127  87.5341 272.5791 15.34391030263518
STARLINK-3291
1 50175U 21125V   26245.10436169  .00002787  00000+0  90766-4 0  9993
2 50175  53.1609 169.6101 0001285 101.9612 258.1536 15.35404423263332
STARLINK-3293
1 50176U 21125W   26245.47662424  .00002342  00000+0  87188-4 0  9990
2 50176  53.1584 165.7680 0001381  99.6643 260.4515 15.31707851263462
STARLINK-3282
1 50177U 21125X   26245.07165638  .00000737  00000+0  32953-4 0  9998
2 50177  53.1597 163.8709 0001230  90.9349 269.1794 15.34393559263417
STARLINK-3283
1 50179U 21125Z   26245.08044751  .00001297  00000+0  53551-4 0  9992
2 50179  53.1606 167.5228 0001261  96.1244 263.9901 15.31704164263364
STARLINK-3265
1 50180U 21125AA  26245.06646419  .00004465  00000+0  15554-3 0  9991
2 50180  53.1593 167.5914 0001193 100.8961 259.2175 15.31705093263404
STARLINK-3285
1 50181U 21125AB  26245.07114327  .00000190  00000+0  17877-4 0  9993
2 50181  53.1596 167.6980 0001183  78.4271 281.6863 15.31704856263369
STARLINK-3277
1 50182U 21125AC  26245.10301778  .00000573  00000+0  30238-4 0  9997
2 50182  53.1597 164.4661 0001306  85.8458 274.2693 15.31695549263444
STARLINK-3281
1 50183U 21125AD  26245.08382310  .00014539  00000+0  88367-3 0  9998
2 50183  53.1595 176.2345 0002768  71.1473 288.9820 15.10698387263287
STARLINK-3279
1 50185U 21125AF  26245.06180293  .00001116  00000+0  47717-4 0  9996
2 50185  53.1597 167.6015 0001229  71.7372 288.3763 15.31701400263367
STARLINK-3274
1 50186U 21125AG  26245.11995797  .00000454  00000+0  26405-4 0  9991
2 50186  53.1606 176.4091 0001369  83.9080 276.2078 15.31698170263237
STARLINK-3272
1 50187U 21125AH  26245.46433557  .00015206  00000+0  83612-3 0  9994
2 50187  53.2145 162.2826 0002867  94.1491 265.9831 15.14277070263459
STARLINK-3276
1 50189U 21125AK  26245.06198767  .00019009  00000+0  90108-3 0  9996
2 50189  53.2122 167.6761 0002223  32.0157 328.0975 15.19342193263408
STARLINK-3268
1 50190U 21125AL  26245.43504034  .00001765  00000+0  63374-4 0  9993
2 50190  53.1593 151.8294 0001176  94.9629 265.1508 15.34392605263609
STARLINK-3273
1 50191U 21125AM  26245.09745131  .00001617  00000+0  59009-4 0  9997
2 50191  53.1597 177.3923 0001328  89.2470 270.8684 15.34389668263216
STARLINK-3259
1 50192U 21125AN  26245.04548333  .00007403  00000+0  23628-3 0  9994
2 50192  53.1599 160.0271 0001606  75.0565 285.0615 15.33540098263454
STARLINK-3261
1 50193U 21125AP  26245.46042888  .00000069  00000+0  14000-4 0  9991
2 50193  53.1602 156.8264 0001514  96.4827 263.6347 15.31695927263589
STARLINK-3266
1 50195U 21125AR  26245.04568120  .00000980  00000+0  43352-4 0  9993
2 50195  53.1601 159.2478 0001313  90.1681 269.9471 15.31701828263462
STARLINK-3267
1 50197U 21125AT  26245.46133291  .00001494  00000+0  55352-4 0  9992
2 50197  53.1598 157.7250 0001274  90.8037 269.3111 15.34390946263573
STARLINK-3264
1 50198U 21125AU  26245.09963503  .00019147  00000+0  96238-3 0  9990
2 50198  53.1563 164.1074 0002606  92.1899 267.9394 15.17292323263403
STARLINK-3270
1 50199U 21125AV  26245.59145129  .00004067  00000+0  12745-3 0  9998
2 50199  53.1587 157.4707 0001252  93.7624 266.3522 15.35400713263531
STARLINK-3235
1 50200U 21125AW  26245.04642417 -.00000392  00000+0 -58359-6 0  9996
2 50200  53.1610 160.1933 0001250  84.5367 275.5778 15.33545856263466
STARLINK-3256
1 50202U 21125AY  26245.03632662  .00000105  00000+0  15160-4 0  9999
2 50202  53.1605 159.0344 0001366  88.1013 272.0145 15.31698966263460
STARLINK-3257
1 50203U 21125AZ  26245.04095679  .00000285  00000+0  20936-4 0  9998
2 50203  53.1600 158.7896 0001263  81.8638 278.2507 15.31699412263538
STARLINK-3254
1 50204U 21125BA  26245.48839835  .00000409  00000+0  24941-4 0  9995
2 50204  53.1602 156.8015 0001141  96.1895 263.9236 15.31699266263595
STARLINK-3260
1 50205U 21125BB  26245.66668981  .00031979  00000+0  10380-2 0  9994
2 50205  53.1582 131.8414 0001174 110.1324 340.5729 15.31694974  5818
STARLINK-3323
1 50804U 22001B   26244.95755135  .00006018  00000+0  18930-3 0  9998
2 50804  53.1600  80.3067 0001343  76.8166 283.2987 15.34365016257257
STARLINK-3333
1 50805U 22001C   26244.93079383  .00022939  00000+0  98540-3 0  9996
2 50805  53.1465  84.3913 0001662 222.5578 137.5291 15.22606634257195
STARLINK-3335
1 50806U 22001D   26245.56951304  .00001155  00000+0  45329-4 0  9994
2 50806  53.1611  79.2035 0001025  93.6788 266.4332 15.34390660257325
STARLINK-3355
1 50808U 22001F   26245.58497314  .00000116  00000+0  15518-4 0  9997
2 50808  53.1600  75.1710 0001143  79.9589 280.1541 15.31696688257384
STARLINK-3232
1 50809U 22001G   26245.52438340  .00000494  00000+0  27684-4 0  9992
2 50809  53.1603  75.4671 0001160  85.9759 274.1375 15.31697567257376
STARLINK-3338
1 50812U 22001K   26244.87404207  .00000276  00000+0  19324-4 0  9998
2 50812  53.1609  82.5519 0001197  75.9169 284.1966 15.34385156257211
STARLINK-3349
1 50813U 22001L   26244.65643666  .00059393  00000+0  92281-3 0  9995
2 50813  53.2000   8.7973 0000394 225.9955 134.1024 15.53406680258251
STARLINK-3324
1 50814U 22001M   26245.28031809 -.00000224  00000+0  45626-5 0  9999
2 50814  53.1605  88.5889 0001299  94.6662 265.4488 15.31697436257174
STARLINK-3234
1 50815U 22001N   26245.55530479 -.00000187  00000+0  57459-5 0  9992
2 50815  53.1595  87.3406 0001238  98.5360 261.5782 15.31698029257214
STARLINK-3342
1 50816U 22001P   26244.97031746  .00019260  00000+0  88831-3 0  9998
2 50816  53.2110  86.0362 0002794  73.5084 286.6220 15.20280878257188
STARLINK-3341
1 50817U 22001Q   26245.57028659  .00000031  00000+0  11801-4 0  9995
2 50817  53.1613  86.0616 0001182  82.4028 277.7109 15.35402167257231
STARLINK-3336
1 50818U 22001R   26244.75332478  .00000093  00000+0  13912-4 0  9995
2 50818  53.1606  89.6977 0001580  65.9974 294.1194 15.34383561257109
STARLINK-3327
1 50819U 22001S   26245.60849870 -.00000364  00000+0  36008-6 0  9995
2 50819  53.1604  85.7146 0001043  81.0721 279.0399 15.34388597257244
STARLINK-3339
1 50820U 22001T   26245.59725940  .00001117  00000+0  47737-4 0  9991
2 50820  53.1592  87.2464 0001162  81.2494 278.8639 15.31704568257211
STARLINK-3346
1 50821U 22001U   26244.85619128  .00000099  00000+0  14970-4 0  9991
2 50821  53.1610  90.6024 0001613 125.3635 234.7517 15.31719234257101
STARLINK-3343
1 50822U 22001V   26245.57859873  .00001107  00000+0  47429-4 0  9991
2 50822  53.1607  87.2075 0001125  87.6930 272.4200 15.31705105257214
STARLINK-3334
1 50823U 22001W   26245.60712292  .00006482  00000+0  20791-3 0  9992
2 50823  53.1614  85.6275 0001255  86.7560 273.3586 15.33600384257245
STARLINK-3332
1 50825U 22001Y   26245.58793049  .00000479  00000+0  27182-4 0  9992
2 50825  53.1607  87.2251 0001056  86.4195 273.6927 15.31703614257218
STARLINK-3329
1 50827U 22001AA  26245.27222728  .00000283  00000+0  19526-4 0  9997
2 50827  53.1604  86.5819 0001100  93.7930 266.3199 15.34381667257197
STARLINK-3290
1 50828U 22001AB  26245.59258945  .00000732  00000+0  35350-4 0  9995
2 50828  53.1603  87.1761 0001168  96.5385 263.5749 15.31703217257061
STARLINK-3294
1 50829U 22001AC  26245.59318676  .00000670  00000+0  31714-4 0  9995
2 50829  53.1605  85.6623 0001144  94.5264 265.5869 15.33548343257235
STARLINK-3278
1 50830U 22001AD  26245.56594951 -.00003404  00000+0 -89825-4 0  9992
2 50830  53.1607  93.1957 0000099 170.1595 189.9410 15.34353755257131
STARLINK-3299
1 50831U 22001AE  26245.54486641  .00020166  00000+0  63534-3 0  9997
2 50831  53.1589  86.5213 0000635 124.9055 235.2007 15.32914656257224
STARLINK-3328
1 50832U 22001AF  26244.91978375  .00013197  00000+0  79656-3 0  9996
2 50832  53.1717 106.9516 0002972  95.2561 264.8770 15.11030472256887
STARLINK-3331
1 50834U 22001AH  26244.88634407  .00001691  00000+0  62736-4 0  9997
2 50834  53.1594  96.9355 0001171  95.4238 264.6898 15.33548833257018
STARLINK-3310
1 50835U 22001AJ  26245.58792126  .00011858  00000+0  68445-3 0  9997
2 50835  53.2137 103.2439 0002880  98.3396 261.7924 15.12749809256990
STARLINK-3330
1 50836U 22001AK  26244.97420229  .00001041  00000+0  45308-4 0  9999
2 50836  53.1589  96.0291 0001309  98.7955 261.3194 15.31694301256932
STARLINK-3318
1 50837U 22001AL  26245.59373103  .00000386  00000+0  22559-4 0  9991
2 50837  53.1612  85.3047 0000999  86.9932 273.1185 15.34390866257246
STARLINK-3320
1 50839U 22001AN  26244.88562488  .00000330  00000+0  22407-4 0  9991
2 50839  53.1593  96.4244 0001182  92.0069 268.1068 15.31704062257015
STARLINK-3295
1 50840U 22001AP  26245.57249467  .00000795  00000+0  35524-4 0  9998
2 50840  53.1598  93.6252 0001413 101.2495 258.8666 15.33543886257111
STARLINK-3300
1 50841U 22001AQ  26245.31327829 -.00001209  00000+0 -25432-4 0  9990
2 50841  53.1589  94.7378 0001292  91.9845 268.1305 15.33550598257080
STARLINK-3302
1 50842U 22001AR  26245.59872170  .00000171  00000+0  17264-4 0  9994
2 50842  53.1600  93.1312 0001070  89.4802 270.6322 15.31702787257124
STARLINK-3326
1 50844U 22001AT  26245.28620419  .00029825  00000+0  86465-3 0  9994
2 50844  53.1571  94.8431 0001711 120.4118 239.7054 15.35322369257082
STARLINK-3230
1 50845U 22001AU  26245.56619976 -.00000219  00000+0  47179-5 0  9990
2 50845  53.1609  93.9891 0001213  87.6699 272.4441 15.31696023257126
STARLINK-3308
1 50846U 22001AV  26245.58475616  .00002473  00000+0  91419-4 0  9992
2 50846  53.1597  93.2008 0001077  88.4538 271.6587 15.31698187257131
STARLINK-3315
1 50848U 22001AX  26245.57450717 -.00065232  00000+0 -19142-2 0  9993
2 50848  53.1593  93.8697 0001309  45.3539 314.7570 15.34757610257120
STARLINK-3311
1 50849U 22001AY  26245.58482458  .00000271  00000+0  19166-4 0  9990
2 50849  53.1597  93.1119 0001061  79.1558 280.9564 15.34390010257133
STARLINK-3312
1 50850U 22001AZ  26245.50478438  .00011055  00000+0  45376-3 0  9990
2 50850  53.1484  58.2038 0001911 181.9021 178.1971 15.24725468258154
STARLINK-3314
1 50851U 22001BA  26244.88844005  .00000922  00000+0  39366-4 0  9992
2 50851  53.1598  96.7446 0001178  87.8629 272.2508 15.33545203257028
STARLINK-3366
1 51104U 22005A   26245.66668981  .00034055  00000+0  15415-2 0  9993
2 51104  53.1931 212.8250 0001827 101.2655 348.3205 15.20610021  5517
STARLINK-3350
1 51105U 22005B   26245.62549328  .00000415  00000+0  22817-4 0  9992
2 51105  53.1615 209.2065 0001222  87.3297 272.7846 15.35396762255669
STARLINK-3176
1 51106U 22005C   26245.17116659  .00001232  00000+0  46234-4 0  9997
2 51106  53.1613 211.5755 0001296  90.6953 269.4199 15.35396388255586
STARLINK-3362
1 51108U 22005E   26245.17966125  .00000779  00000+0  33244-4 0  9992
2 51108  53.1607 211.4362 0001222  79.8715 280.2426 15.35397470255596
STARLINK-3358
1 51109U 22005F   26245.17961656 -.00003428  00000+0 -98740-4 0  9995
2 51109  53.1583 211.1974 0001008  76.1904 283.9210 15.31708303255361
STARLINK-3344
1 51110U 22005G   26245.22223543  .00000313  00000+0  20410-4 0  9996
2 51110  53.1618 211.0894 0000957  84.9831 275.1280 15.34384689255607
STARLINK-3173
1 51111U 22005H   26245.19392272  .00001586  00000+0  56366-4 0  9991
2 51111  53.1609 209.7628 0001472 128.8042 231.3093 15.35404701255618
STARLINK-3374
1 51112U 22005J   26245.23275696  .00000958  00000+0  39493-4 0  9991
2 51112  53.1600 211.1763 0001268  92.9258 267.1889 15.34382849255606
STARLINK-3372
1 51113U 22005K   26245.17529486  .00000213  00000+0  17025-4 0  9995
2 51113  53.1615 211.6416 0001252  97.2026 262.9119 15.35392855255582
STARLINK-3375
1 51114U 22005L   26245.60813376  .00003388  00000+0  12098-3 0  9998
2 51114  53.1596 207.0709 0001379 104.9968 255.1187 15.31673769255699
STARLINK-3397
1 51115U 22005M   26245.20394017  .00001831  00000+0  66977-4 0  9998
2 51115  53.1604 211.1874 0001236  96.5646 263.5497 15.33551124255598
STARLINK-3243
1 51116U 22005N   26245.59880699  .00000408  00000+0  24909-4 0  9995
2 51116  53.1593 207.1340 0001356  91.1838 268.9319 15.31699852255687
STARLINK-3391
1 51117U 22005P   26245.13120619  .00002761  00000+0  90004-4 0  9998
2 51117  53.1614 212.3166 0001183  94.9237 265.1901 15.35404695255575
STARLINK-3394
1 51118U 22005Q   26245.18017473  .00000812  00000+0  35172-4 0  9997
2 51118  53.1600 211.0057 0001247  80.3522 279.7621 15.34387233255592
STARLINK-3398
1 51120U 22005S   26245.17811334  .00004688  00000+0  14995-3 0  9991
2 51120  53.1616 211.3103 0001160  71.8428 288.2701 15.34368238255599
STARLINK-3399
1 51121U 22005T   26245.26661002 -.00002859  00000+0 -16168-3 0  9991
2 51121  53.1594 215.8901 0001334  67.0198 293.0934 15.08820602255539
STARLINK-3392
1 51123U 22005V   26245.17666927  .00001062  00000+0  41353-4 0  9992
2 51123  53.1608 211.3365 0001214  77.8172 282.2967 15.35397288255591
STARLINK-3389
1 51124U 22005W   26245.26093503  .00000622  00000+0  30237-4 0  9997
2 51124  53.1599 222.7960 0001289  78.2911 281.8236 15.33541950255449
STARLINK-3387
1 51125U 22005X   26245.21401941  .00005293  00000+0  16253-3 0  9992
2 51125  53.1576 215.6067 0001320 108.7943 251.3204 15.35400498255523
STARLINK-3386
1 51126U 22005Y   26245.62360006  .00000062  00000+0  13781-4 0  9997
2 51126  53.1583 213.1267 0001261  93.8302 266.2843 15.31697474255616
STARLINK-3370
1 51127U 22005Z   26245.21810213  .00000462  00000+0  26660-4 0  9997
2 51127  53.1584 214.9051 0001231 103.9682 256.1457 15.31698918255544
STARLINK-3400
1 51128U 22005AA  26245.66668981 -.00008191  00000+0 -22411-3 0  9998
2 51128  53.1599 221.7563 0001329  88.1187  55.9409 15.35403950  5816
STARLINK-3396
1 51129U 22005AB  26245.21773287  .00000316  00000+0  19967-4 0  9998
2 51129  53.1616 223.2248 0001328  85.5130 274.6025 15.35399626255424
STARLINK-3395
1 51130U 22005AC  26245.20550564 -.00000587  00000+0 -62271-5 0  9999
2 51130  53.1613 223.3149 0001383 123.9671 236.1463 15.34391864255415
STARLINK-3388
1 51131U 22005AD  26245.26936125  .00001737  00000+0  67710-4 0  9995
2 51131  53.1592 214.6692 0001265  87.3448 272.7699 15.31707758255543
STARLINK-3393
1 51132U 22005AE  26245.26524765  .00002673  00000+0  92553-4 0  9992
2 51132  53.1616 223.0203 0001359  76.0892 284.0262 15.33559167255425
STARLINK-3356
1 51133U 22005AF  26245.66668981  .00116084  00000+0  21608-2 0  9999
2 51133  53.1585 212.2194 0001566  69.6023 302.5696 15.48003365  5895
STARLINK-3363
1 51135U 22005AH  26245.23021471  .00001142  00000+0  43634-4 0  9994
2 51135  53.1590 215.2419 0001163  97.2689 262.8446 15.35397847255530
STARLINK-3253
1 51136U 22005AJ  26245.18910868 -.00000121  00000+0  75456-5 0  9991
2 51136  53.1594 214.9770 0001211  98.2111 261.9029 15.34388229255536
STARLINK-3180
1 51137U 22005AK  26245.17860758  .00000071  00000+0  13248-4 0  9996
2 51137  53.1594 215.0413 0001208  82.7005 277.4135 15.34385382255547
STARLINK-3177
1 51138U 22005AL  26245.25256880  .00013644  00000+0  82020-3 0  9994
2 51138  53.1712 225.3522 0002486  50.6358 309.4854 15.11149444255398
STARLINK-3172
1 51139U 22005AM  26245.21238216  .00000178  00000+0  16733-4 0  9991
2 51139  53.1598 215.3274 0001437  69.7087 290.4070 15.33548292255543
STARLINK-3175
1 51140U 22005AN  26245.18547286  .00000541  00000+0  29205-4 0  9991
2 51140  53.1589 215.0557 0001144  85.5728 274.5404 15.31698711255543
STARLINK-3179
1 51141U 22005AP  26245.62616311  .00000470  00000+0  25047-4 0  9998
2 51141  53.1589 213.0127 0001285  94.4552 265.6598 15.34384950255618
STARLINK-3369
1 51142U 22005AQ  26245.57753911  .00028821  00000+0  10163-2 0  9992
2 51142  53.2179 188.7409 0006571  57.5934 302.5702 15.29046466255959
STARLINK-3184
1 51143U 22005AR  26245.19921007  .00000338  00000+0  21155-4 0  9992
2 51143  53.1580 223.3824 0001253  85.3665 274.7481 15.34382182255424
STARLINK-3185
1 51144U 22005AS  26245.23674936  .00006345  00000+0  21628-3 0  9992
2 51144  53.1592 214.8225 0001425  84.4279 275.6885 15.31667948255555
STARLINK-3354
1 51146U 22005AU  26245.23954210  .00000241  00000+0  18279-4 0  9998
2 51146  53.1594 214.7507 0001253  89.7086 270.4060 15.34384173255540
STARLINK-3352
1 51147U 22005AV  26245.18618985  .00034422  00000+0  96282-3 0  9996
2 51147  53.1867 196.6869 0003894  85.3132 274.8317 15.36367525255806
STARLINK-3359
1 51148U 22005AW  26245.28270886  .00017686  00000+0  91225-3 0  9997
2 51148  53.2121 231.5712 0002125  42.9012 317.2149 15.16436899255320
STARLINK-3360
1 51149U 22005AX  26245.20966734 -.00004488  00000+0 -12181-3 0  9996
2 51149  53.1582 222.8644 0001160  79.4443 280.6690 15.34392345255432
STARLINK-3357
1 51150U 22005AY  26245.24880661  .00001510  00000+0  54196-4 0  9990
2 51150  53.1586 216.3784 0001184  79.0276 281.0860 15.35401474255537
STARLINK-3364
1 51152U 22005BA  26245.29114526  .00000590  00000+0  29254-4 0  9991
2 51152  53.1584 224.8086 0001087  81.4766 278.6359 15.33547155255416
STARLINK-3181
1 51461U 22010F   26245.15352352  .00000382  00000+0  21866-4 0  9996
2 51461  53.1621 201.3499 0001343  83.4128 276.7028 15.35394314253530
STARLINK-3166
1 51462U 22010G   26245.14769245  .00000814  00000+0  37986-4 0  9999
2 51462  53.1600 194.3385 0001415 107.9437 252.1718 15.31702817253630
STARLINK-3419
1 51463U 22010H   26245.15239837  .00001093  00000+0  46965-4 0  9997
2 51463  53.1593 194.6408 0001250  87.6140 272.5005 15.31704529253326
STARLINK-3189
1 51464U 22010J   26245.57941701  .00006373  00000+0  19981-3 0  9997
2 51464  53.1618 199.8494 0001473  89.5015 270.6156 15.34365616254090
STARLINK-3401
1 51465U 22010K   26245.66668981  .00062997  00000+0  20846-2 0  9999
2 51465  53.1634 200.6721 0001872  65.4508 174.5583 15.30762363  5834
STARLINK-3178
1 51467U 22010M   26245.53910854  .00000057  00000+0  13062-4 0  9999
2 51467  53.1606 199.8387 0001246  85.7939 274.3205 15.33544814253286
STARLINK-3174
1 51468U 22010N   26245.04772854 -.00000158  00000+0  64587-5 0  9994
2 51468  53.1608 201.6381 0001363  87.0710 273.0449 15.34394252253216
STARLINK-3182
1 51469U 22010P   26245.07675764  .00000375  00000+0  21677-4 0  9992
2 51469  53.1613 201.6594 0001371  87.6642 272.4518 15.35391783253518
STARLINK-3415
1 51472U 22010S   26245.17379262 -.00001413  00000+0 -30676-4 0  9996
2 51472  53.1633 201.0407 0001295 119.4790 240.6342 15.34400423253540
STARLINK-3528
1 51714U 22016A   26245.27670038  .00000337  00000+0  20562-4 0  9992
2 51714  53.1591 248.8380 0001261  84.9094 275.2053 15.35401659250180
STARLINK-3533
1 51715U 22016B   26245.27676687 -.00000219  00000+0  47148-5 0  9999
2 51715  53.1582 244.7438 0001146  80.5917 279.5214 15.31695020251379
STARLINK-3543
1 51716U 22016C   26245.29946865  .00001138  00000+0  45933-4 0  9999
2 51716  53.1604 249.0108 0001239  99.0034 261.1109 15.33547393250184
STARLINK-3445
1 51717U 22016D   26245.27208726  .00000030  00000+0  12746-4 0  9991
2 51717  53.1580 244.6783 0001146  81.3979 278.7152 15.31700241250247
STARLINK-3546
1 51718U 22016E   26245.30092384  .00036258  00000+0  15170-2 0  9990
2 51718  53.1883 240.6276 0003745  75.3560 284.7853 15.23258857251432
STARLINK-3540
1 51719U 22016F   26245.29534368  .00000457  00000+0  25236-4 0  9990
2 51719  53.1594 249.1036 0001170  89.7326 270.3810 15.33546631250185
STARLINK-3526
1 51720U 22016G   26245.26278194  .00000431  00000+0  25672-4 0  9997
2 51720  53.1580 244.8182 0001265  81.6340 278.4805 15.31695607250233
STARLINK-3524
1 51721U 22016H   26245.32335584  .00002718  00000+0  99358-4 0  9994
2 51721  53.1582 244.4099 0001215  79.4571 280.6567 15.31684313250259
STARLINK-3535
1 51722U 22016J   26245.23778975  .00002288  00000+0  76469-4 0  9990
2 51722  53.1603 248.9408 0001686  84.6873 275.4322 15.35411912250171
STARLINK-3529
1 51724U 22016L   26245.30394213  .00000565  00000+0  28498-4 0  9994
2 51724  53.1591 248.7234 0000796  82.7968 277.3125 15.33551056250184
STARLINK-3522
1 51725U 22016M   26245.33112514  .00001807  00000+0  66268-4 0  9997
2 51725  53.1594 248.7723 0001135  85.5251 274.5881 15.33543913250186
STARLINK-3527
1 51726U 22016N   26245.31789114  .00015366  00000+0  85206-3 0  9999
2 51726  53.2131 243.1423 0001726  69.4182 290.6997 15.13970451250277
STARLINK-3532
1 51727U 22016P   26245.28024881  .00000267  00000+0  19060-4 0  9999
2 51727  53.1592 248.5399 0001704  83.6771 276.4426 15.34394730250189
STARLINK-3523
1 51729U 22016R   26245.21450351  .00000973  00000+0  39939-4 0  9990
2 51729  53.1588 234.8880 0001211  92.9784 267.1357 15.34381934250372
STARLINK-3514
1 51731U 22016T   26245.24946999  .00003417  00000+0  10883-3 0  9996
2 51731  53.1590 235.1834 0001108  90.8911 269.2219 15.35397720250376
STARLINK-3518
1 51732U 22016U   26245.27125164  .00000585  00000+0  28452-4 0  9998
2 51732  53.1583 234.7672 0001255  92.8311 267.2835 15.34387751251525
STARLINK-3525
1 51733U 22016V   26245.27334865 -.00000959  00000+0 -17262-4 0  9993
2 51733  53.1581 234.7037 0001263  83.5597 276.5549 15.34388388250386
STARLINK-3450
1 51734U 22016W   26245.24390904 -.00000336  00000+0  11980-5 0  9997
2 51734  53.1588 234.7186 0001330  83.3038 276.8116 15.34395572250366
STARLINK-3517
1 51735U 22016X   26245.26494194  .00001609  00000+0  58767-4 0  9992
2 51735  53.1587 234.7690 0001152  87.6509 272.4626 15.34390091250389
STARLINK-3447
1 51736U 22016Y   26245.27453919  .00000431  00000+0  25662-4 0  9994
2 51736  53.1585 235.6948 0001135  83.4807 276.6324 15.31699056250369
STARLINK-3509
1 51737U 22016Z   26245.24204033  .00006887  00000+0  19427-3 0  9995
2 51737  53.1559 236.0674 0002203  67.6387 292.4851 15.37588445250351
STARLINK-3515
1 51738U 22016AA  26245.19996041  .00002393  00000+0  88868-4 0  9991
2 51738  53.1594 236.0206 0000890  98.6308 261.4795 15.31693353250340
STARLINK-3516
1 51739U 22016AB  26245.26971360  .00004561  00000+0  14158-3 0  9996
2 51739  53.1589 234.9130 0001226  96.9757 263.1385 15.35398878250376
STARLINK-3500
1 51740U 22016AC  26245.29218688  .00009006  00000+0  26827-3 0  9993
2 51740  53.1596 234.5433 0001000  95.3761 264.7356 15.35460382250382
STARLINK-3520
1 51741U 22016AD  26245.26988125  .00004185  00000+0  14658-3 0  9993
2 51741  53.1569 235.7050 0000895  83.5866 276.5238 15.31692329250369
STARLINK-3521
1 51742U 22016AE  26245.29645977 -.00001618  00000+0 -36739-4 0  9997
2 51742  53.1582 234.6074 0001782 103.6475 256.4726 15.34397444250389
STARLINK-3512
1 51743U 22016AF  26245.23953145  .00000805  00000+0  35805-4 0  9999
2 51743  53.1589 225.3898 0001095  85.5113 274.6014 15.33549553250507
STARLINK-3452
1 51744U 22016AG  26245.25321380  .00000256  00000+0  19118-4 0  9991
2 51744  53.1586 235.1206 0001168  86.5263 273.5873 15.33548597250378
STARLINK-3449
1 51745U 22016AH  26245.29434373  .00000368  00000+0  22031-4 0  9995
2 51745  53.1586 234.5167 0001197  84.7754 275.3385 15.34383035250389
STARLINK-3502
1 51746U 22016AJ  26245.43077901  .00001648  00000+0  64854-4 0  9993
2 51746  53.1591 225.8941 0001259  85.0856 275.0290 15.31702279250514
STARLINK-3446
1 51747U 22016AK  26245.25122943  .00000213  00000+0  18642-4 0  9992
2 51747  53.1590 235.7865 0001197  79.2401 280.8735 15.31699209250360
STARLINK-3501
1 51748U 22016AL  26245.23332586  .00000116  00000+0  14574-4 0  9999
2 51748  53.1585 224.7591 0001134  69.9548 290.1576 15.34392437250518
STARLINK-3451
1 51749U 22016AM  26245.21394372  .00000651  00000+0  32745-4 0  9993
2 51749  53.1588 235.9377 0001174  92.0542 268.0594 15.31699408250354
STARLINK-3505
1 51750U 22016AN  26245.29563215  .00000277  00000+0  20703-4 0  9992
2 51750  53.1592 226.6296 0001219  84.1012 276.0129 15.31701565250498
STARLINK-3506
1 51751U 22016AP  26245.23753495 -.00002327  00000+0 -57781-4 0  9994
2 51751  53.1590 224.7473 0001231  85.6358 274.4786 15.34384369250512
STARLINK-3511
1 51752U 22016AQ  26245.26192303  .00001200  00000+0  50445-4 0  9990
2 51752  53.1582 223.6611 0001112 103.1144 256.9982 15.31688865250533
STARLINK-3507
1 51753U 22016AR  26245.26765757 -.00000314  00000+0  17805-5 0  9990
2 51753  53.1602 225.0143 0001317  82.0549 278.0603 15.33539867250516
STARLINK-3457
1 51754U 22016AS  26245.21651491  .00000691  00000+0  31608-4 0  9998
2 51754  53.1591 224.8448 0001223  91.9585 268.1558 15.34389463250519
STARLINK-3460
1 51755U 22016AT  26245.21870665  .00019439  00000+0  58513-3 0  9998
2 51755  53.1580 225.5339 0001160  88.3364 271.7772 15.34390586250505
STARLINK-3513
1 51756U 22016AU  26245.22447726  .00000199  00000+0  17392-4 0  9992
2 51756  53.1584 225.1794 0001230  89.8504 270.2639 15.33541752250510
STARLINK-3459
1 51757U 22016AV  26245.18710137  .00002818  00000+0  94534-4 0  9990
2 51757  53.1575 224.9848 0000989  87.1005 273.0111 15.34392697250514
STARLINK-3458
1 51758U 22016AW  26245.26765650  .00000488  00000+0  24891-4 0  9990
2 51758  53.1586 224.8064 0001246  79.5675 280.5468 15.35398273251663
STARLINK-3456
1 51759U 22016AX  26245.24803569  .00000767  00000+0  33844-4 0  9999
2 51759  53.1585 224.6947 0001208  91.5619 268.5522 15.34388919250527
STARLINK-3622
1 51768U 22017A   26245.66668981 -.00028958  00000+0 -84902-3 0  9997
2 51768  53.1585 254.7505 0001082  91.0755 305.4606 15.34406464  5738
STARLINK-3621
1 51769U 22017B   26245.31266235 -.00001937  00000+0 -98101-4 0  9991
2 51769  53.2147 265.2221 0001000  90.1248 269.9860 15.10722762249285
STARLINK-3612
1 51770U 22017C   26245.30089312  .00000449  00000+0  24998-4 0  9999
2 51770  53.1584 256.8419 0001202  80.5688 279.5450 15.33547203249407
STARLINK-3614
1 51771U 22017D   26245.34746794  .00000425  00000+0  23078-4 0  9990
2 51771  53.1588 256.4921 0000974  79.1224 280.9889 15.35395494249408
STARLINK-3623
1 51772U 22017E   26245.27983039  .00001701  00000+0  61479-4 0  9993
2 51772  53.1593 256.8658 0000981  95.0386 265.0729 15.34384993249385
STARLINK-3624
1 51773U 22017F   26245.29046078  .00009810  00000+0  60463-3 0  9999
2 51773  53.1858 265.5165 0001755  55.9158 304.2001 15.10559527249270
STARLINK-3629
1 51774U 22017G   26245.47642701  .00004178  00000+0  13060-3 0  9998
2 51774  53.1605 262.3568 0001435  62.4950 297.6199 15.35403733249290
STARLINK-3620
1 51775U 22017H   26245.59429427  .00082975  00000+0  37307-3 0  9991
2 51775  53.2146 217.2889 0006468  65.9073 294.2628 15.83388471249982
STARLINK-3608
1 51776U 22017J   26245.28459784 -.00000157  00000+0  64090-5 0  9991
2 51776  53.1607 257.0117 0001493  55.9614 304.1531 15.35387112249356
STARLINK-3625
1 51777U 22017K   26245.31018689  .00000752  00000+0  32463-4 0  9999
2 51777  53.1608 257.0954 0001152  75.9051 284.2080 15.35400050249383
STARLINK-3615
1 51778U 22017L   26245.31683591  .00000644  00000+0  29371-4 0  9994
2 51778  53.1596 248.4019 0001369  68.4889 291.6260 15.35392675249321
STARLINK-3611
1 51779U 22017M   26245.34686823  .00000981  00000+0  39020-4 0  9995
2 51779  53.1593 256.7318 0001169  89.6629 270.4508 15.35397360249368
STARLINK-3617
1 51780U 22017N   26245.29239501  .00001083  00000+0  43200-4 0  9997
2 51780  53.1578 256.5083 0000966  73.1062 287.0046 15.34388248249212
STARLINK-3580
1 51781U 22017P   26245.29391294  .00001329  00000+0  48989-4 0  9998
2 51781  53.1579 257.1552 0001017  76.5124 283.5992 15.35409082249207
STARLINK-3616
1 51782U 22017Q   26245.33347469  .00000198  00000+0  17006-4 0  9998
2 51782  53.1588 262.9918 0001144  75.7209 284.3920 15.34389768249032
STARLINK-3628
1 51783U 22017R   26245.33029565 -.00002420  00000+0 -66190-4 0  9993
2 51783  53.1584 253.9140 0001283  73.8789 286.2354 15.31717711249258
STARLINK-3632
1 51784U 22017S   26245.26413450  .00000864  00000+0  36718-4 0  9997
2 51784  53.1595 263.3112 0001184  82.6802 277.4335 15.34389128249115
STARLINK-3646
1 51785U 22017T   26245.33498536 -.00001059  00000+0 -22377-4 0  9999
2 51785  53.1590 253.9834 0001159  86.6164 273.4970 15.31687146249258
STARLINK-3638
1 51786U 22017U   26245.31293663  .00000386  00000+0  22582-4 0  9990
2 51786  53.1591 264.3898 0001312  87.9443 272.1710 15.34385771249105
STARLINK-3619
1 51787U 22017V   26245.33759723  .00001192  00000+0  46418-4 0  9997
2 51787  53.1591 262.2795 0000941  95.9738 264.1372 15.34381395249138
STARLINK-3641
1 51788U 22017W   26245.36756885  .00001010  00000+0  41048-4 0  9990
2 51788  53.1584 264.1397 0001181  93.2647 266.8490 15.34385981250752
STARLINK-3639
1 51789U 22017X   26245.31512586 -.00000010  00000+0  10841-4 0  9991
2 51789  53.1587 265.0645 0001321  88.6705 271.4449 15.34383767249092
STARLINK-3631
1 51790U 22017Y   26245.57978081  .00009809  00000+0  60173-3 0  9993
2 51790  53.2125 274.4152 0002228  59.7839 300.3374 15.10733351250682
STARLINK-3602
1 51791U 22017Z   26245.54705726  .00000693  00000+0  32407-4 0  9997
2 51791  53.1588 263.7577 0001161  88.9381 271.1754 15.33543317250771
STARLINK-3626
1 51792U 22017AA  26245.33028146  .00001742  00000+0  64266-4 0  9993
2 51792  53.1573 264.7331 0001135  82.8297 277.2834 15.33550475250796
STARLINK-3586
1 51795U 22017AD  26245.28772631  .00001244  00000+0  47955-4 0  9998
2 51795  53.1591 264.5135 0001146  90.7258 269.3876 15.34387244250742
STARLINK-3634
1 51798U 22017AG  26245.34396306  .00001818  00000+0  64908-4 0  9993
2 51798  53.1584 262.9418 0001052  91.0191 269.0932 15.34405035250816
STARLINK-3637
1 51799U 22017AH  26245.28935471  .00000240  00000+0  18236-4 0  9990
2 51799  53.1588 263.1935 0001127  88.1575 271.9557 15.34388047250766
STARLINK-3592
1 51801U 22017AK  26245.47262549  .00000478  00000+0  25296-4 0  9991
2 51801  53.1589 263.6493 0001171  85.7334 274.3803 15.34390698250777
STARLINK-3544
1 51803U 22017AM  26245.27464773  .00001532  00000+0  56473-4 0  9997
2 51803  53.1593 263.2606 0001153  86.0172 274.0962 15.34403903250755
STARLINK-3601
1 51804U 22017AN  26245.32437796  .00000336  00000+0  21091-4 0  9998
2 51804  53.1586 248.3396 0001241  93.6199 266.4945 15.34385428250925
STARLINK-3605
1 51805U 22017AP  26245.29212893  .00000684  00000+0  32116-4 0  9990
2 51805  53.1598 248.8844 0001206  80.5250 279.5888 15.33547533251003
STARLINK-3606
1 51807U 22017AR  26245.28902462  .00000446  00000+0  23698-4 0  9990
2 51807  53.1588 256.5350 0001207  85.1310 274.9831 15.35394977250900
STARLINK-3609
1 51808U 22017AS  26245.28504599  .00000491  00000+0  24969-4 0  9992
2 51808  53.1589 256.6663 0001072  91.3095 268.8031 15.35395773250751
STARLINK-3607
1 51809U 22017AT  26245.46486777  .00000149  00000+0  15859-4 0  9998
2 51809  53.1590 256.2485 0001286  90.5719 269.5430 15.33547367250873
STARLINK-3613
1 51810U 22017AU  26245.48431857 -.00067557  00000+0 -19793-2 0  9998
2 51810  53.1600 247.6287 0001146  71.9377 288.1750 15.34824473250878
STARLINK-3569
1 51811U 22017AV  26245.32761012  .00008229  00000+0  25443-3 0  9990
2 51811  53.1576 254.7773 0001469  74.2804 285.8360 15.34399662250787
STARLINK-3610
1 51812U 22017AW  26245.27620850  .00000208  00000+0  16875-4 0  9998
2 51812  53.1595 249.2903 0001177  78.4225 281.6910 15.35394530250833
STARLINK-3552
1 51813U 22017AX  26245.52946119  .00000110  00000+0  14053-4 0  9994
2 51813  53.1591 247.5502 0001212  89.7133 270.4009 15.35394467250888
STARLINK-3599
1 51814U 22017AY  26245.48345084  .00000732  00000+0  31894-4 0  9996
2 51814  53.1590 248.5292 0001148  87.6738 272.4396 15.35397593250863
STARLINK-3604
1 51815U 22017AZ  26245.28147932  .00000460  00000+0  26585-4 0  9996
2 51815  53.1581 245.1636 0000948  81.3748 278.7360 15.31703432250890
STARLINK-3542
1 51852U 22022A   26245.57105759  .00000181  00000+0  16500-4 0  9992
2 51852  53.1596 293.1886 0001126  82.1952 277.9178 15.34387196248626
STARLINK-3541
1 51854U 22022C   26245.33735534  .00020809  00000+0  91942-3 0  9999
2 51854  53.2104 293.0824 0003479  48.8854 311.2444 15.21705769249870
STARLINK-3545
1 51855U 22022D   26245.30421874 -.00001070  00000+0 -20548-4 0  9992
2 51855  53.1599 294.4853 0001187  94.0245 266.0893 15.34384629249794
STARLINK-3568
1 51856U 22022E   26245.54565913  .00001835  00000+0  70867-4 0  9998
2 51856  53.1586 294.5254 0001218  78.6288 281.4850 15.31700588249895
STARLINK-3571
1 51857U 22022F   26245.33124257  .00000577  00000+0  30350-4 0  9993
2 51857  53.1593 295.4409 0001103  82.9793 277.1334 15.31697182249836
STARLINK-3563
1 51858U 22022G   26245.52066712  .00000708  00000+0  32110-4 0  9998
2 51858  53.1591 293.7349 0001269  94.5775 265.5373 15.34385566249872
STARLINK-3560
1 51859U 22022H   26245.43622137 -.00000291  00000+0  23860-5 0  9999
2 51859  53.1592 285.8728 0001282  83.4233 276.6914 15.31694439249972
STARLINK-3559
1 51860U 22022J   26245.49959176  .00001221  00000+0  45919-4 0  9994
2 51860  53.1610 287.5764 0001016 104.8150 255.2966 15.35393384249918
STARLINK-3562
1 51861U 22022K   26245.41449275 -.00008637  00000+0 -24466-3 0  9994
2 51861  53.1597 287.9194 0001387 119.7725 240.3415 15.34412611249815
STARLINK-3508
1 51862U 22022L   26245.55527469  .00000478  00000+0  25303-4 0  9997
2 51862  53.1596 287.2563 0001243  87.0140 273.1005 15.34386937249974
STARLINK-3555
1 51863U 22022M   26245.61776809 -.00003861  00000+0 -99838-4 0  9994
2 51863  53.1581 287.1253 0001284  87.9312 272.1838 15.35397593249928
STARLINK-3548
1 51864U 22022N   26245.55201922  .00002339  00000+0  77928-4 0  9990
2 51864  53.1597 287.3081 0001028  73.5208 286.5908 15.35402436249962
STARLINK-3503
1 51865U 22022P   26245.56083421  .00005456  00000+0  16722-3 0  9991
2 51865  53.1588 287.5639 0001298  55.3015 304.8110 15.35394669249919
STARLINK-3553
1 51866U 22022Q   26245.32873791  .00000299  00000+0  20419-4 0  9992
2 51866  53.1602 288.8392 0001143  82.5098 277.6035 15.33547649249873
STARLINK-3590
1 51867U 22022R   26245.54374679  .00000679  00000+0  30365-4 0  9991
2 51867  53.1595 287.4989 0000946  91.4070 268.7041 15.35398452249912
STARLINK-3578
1 51868U 22022S   26245.54725105  .00001044  00000+0  40835-4 0  9996
2 51868  53.1601 287.4372 0001130  73.9799 286.1328 15.35398569249917
STARLINK-3588
1 51869U 22022T   26245.58042313  .00032845  00000+0  99899-3 0  9990
2 51869  53.1591 287.8395 0001788  94.6413 265.4794 15.33758403249919
STARLINK-3591
1 51870U 22022U   26245.27705084  .00001811  00000+0  62802-4 0  9993
2 51870  53.1601 288.7156 0000961  74.2442 285.8667 15.35399444249920
STARLINK-3567
1 51871U 22022V   26245.38096275  .00000153  00000+0  15674-4 0  9994
2 51871  53.1597 288.7650 0001112  94.5976 265.5154 15.34384599249997
STARLINK-3554
1 51872U 22022W   26245.52928252  .00000528  00000+0  26035-4 0  9999
2 51872  53.1592 287.4845 0001099  75.1281 284.9843 15.35399902249910
STARLINK-3582
1 51873U 22022X   26245.35821560  .00022324  00000+0  86098-3 0  9997
2 51873  53.2012 275.8998 0005705  55.9280 304.2261 15.26240911250076
STARLINK-3574
1 51874U 22022Y   26245.40658130  .00001127  00000+0  43213-4 0  9996
2 51874  53.1597 288.2617 0001179  77.4922 282.6213 15.35393857249884
STARLINK-3585
1 51875U 22022Z   26245.39048232  .00000204  00000+0  16754-4 0  9996
2 51875  53.1608 288.3031 0001225  84.5156 275.5987 15.35396873249890
STARLINK-3583
1 51876U 22022AA  26245.40055141 -.00000065  00000+0  90400-5 0  9993
2 51876  53.1601 288.9611 0001127  79.6911 280.4219 15.35400535249882
STARLINK-3556
1 51877U 22022AB  26245.39021761  .00000593  00000+0  28684-4 0  9992
2 51877  53.1587 272.0629 0001103  88.8315 271.2814 15.34386240250115
STARLINK-3575
1 51878U 22022AC  26245.58996346  .00000462  00000+0  24154-4 0  9997
2 51878  53.1597 288.0898 0001207  84.9489 275.1651 15.35400615249918
STARLINK-3572
1 51879U 22022AD  26245.50001678  .00000418  00000+0  23513-4 0  9994
2 51879  53.1602 273.5143 0001322  86.0588 274.0566 15.34391337250104
STARLINK-3566
1 51880U 22022AE  26245.33591188  .00022119  00000+0  89916-3 0  9997
2 51880  53.1595 290.4391 0002372 357.5502   2.5484 15.24494646249857
STARLINK-3504
1 51881U 22022AF  26245.29620101  .00000948  00000+0  39197-4 0  9994
2 51881  53.1595 274.4573 0001191  89.3525 270.7614 15.34391772250128
STARLINK-3570
1 51882U 22022AG  26245.44258940  .00000679  00000+0  33645-4 0  9993
2 51882  53.1588 273.8379 0001031  95.5575 264.5544 15.31699993250143
STARLINK-3576
1 51883U 22022AH  26245.48740907  .00000213  00000+0  17442-4 0  9998
2 51883  53.1591 273.5791 0001223  80.1005 280.0136 15.34387239250098
STARLINK-3577
1 51884U 22022AJ  26245.49589888  .00001016  00000+0  41201-4 0  9991
2 51884  53.1592 274.2295 0001202  84.1891 275.9249 15.34393304250178
STARLINK-3584
1 51885U 22022AK  26245.52069372  .00000913  00000+0  39086-4 0  9990
2 51885  53.1580 273.8403 0001095  79.1798 280.9327 15.33548834250095
STARLINK-3565
1 51886U 22022AL  26245.43069558  .00010315  00000+0  62581-3 0  9999
2 51886  53.1756 284.5942 0001084  47.2241 312.8842 15.11080063249945
STARLINK-3551
1 51887U 22022AM  26245.29355951  .00001584  00000+0  58020-4 0  9991
2 51887  53.1591 272.4878 0001192  88.3244 271.7895 15.34390816250090
STARLINK-3536
1 51888U 22022AN  26245.39755410  .00000139  00000+0  15563-4 0  9997
2 51888  53.1591 274.4534 0001142  65.7893 294.3228 15.33545248250086
STARLINK-3547
1 51889U 22022AP  26245.28103842  .00000588  00000+0  28543-4 0  9992
2 51889  53.1590 273.2316 0001237  83.9140 276.2003 15.34389411250082
STARLINK-3549
1 51891U 22022AR  26245.47425854 -.00000411  00000+0 -10378-5 0  9991
2 51891  53.1585 271.6393 0001050  81.5838 278.5283 15.34387236250175
STARLINK-3587
1 51892U 22022AS  26245.28523960  .00000390  00000+0  22691-4 0  9992
2 51892  53.1587 273.2170 0001140  81.4846 278.6285 15.34389629250088
STARLINK-3579
1 51893U 22022AT  26245.50559475  .00011764  00000+0  70229-3 0  9994
2 51893  53.2141 284.3932 0000859  31.3971 328.7074 15.11536202250016
STARLINK-3595
1 51894U 22022AU  26245.27473678  .00000559  00000+0  27699-4 0  9993
2 51894  53.1589 273.2707 0001259  79.4568 280.6576 15.34384608250142
STARLINK-3594
1 51895U 22022AV  26245.33146751  .00000694  00000+0  31671-4 0  9995
2 51895  53.1588 272.9933 0001058  97.5437 262.5686 15.34382288250099
STARLINK-3593
1 51896U 22022AW  26245.49169925  .00000205  00000+0  17578-4 0  9999
2 51896  53.1585 273.9605 0001164  84.7764 275.3371 15.33547912250148
STARLINK-3598
1 51897U 22022AX  26245.33348998  .00000028  00000+0  11967-4 0  9991
2 51897  53.1594 272.3401 0001360  88.7809 271.3350 15.34383308250105
STARLINK-3597
1 51898U 22022AY  26245.39231988  .00000166  00000+0  16057-4 0  9996
2 51898  53.1583 272.0370 0001164  85.3787 274.7348 15.34384131250161
STARLINK-3700
1 51956U 22025A   26245.30672495 -.00000250  00000+0  37125-5 0  9992
2 51956  53.1598 271.7368 0001105  76.3924 283.7201 15.31698082248236
STARLINK-3694
1 51957U 22025B   26245.43302995 -.00000081  00000+0  91556-5 0  9992
2 51957  53.1602 294.3694 0001183  87.1833 272.9304 15.31701061247911
STARLINK-3692
1 51958U 22025C   26245.29738892 -.00000020  00000+0  11106-4 0  9991
2 51958  53.1596 271.6900 0001151  81.6106 278.5026 15.31699817248233
STARLINK-3704
1 51959U 22025D   26245.55962120  .00001070  00000+0  46238-4 0  9993
2 51959  53.1604 294.3523 0001027  90.2786 269.8333 15.31693450247925
STARLINK-3691
1 51960U 22025E   26245.54486351  .00000016  00000+0  12289-4 0  9999
2 51960  53.1602 293.6624 0001304  75.9102 284.2044 15.31699191247938
STARLINK-3697
1 51962U 22025G   26245.41136234  .00000128  00000+0  15882-4 0  9995
2 51962  53.1596 281.8993 0001161  89.3786 270.7349 15.31695578248099
STARLINK-3675
1 51963U 22025H   26245.48848092 -.00000359  00000+0  18372-6 0  9991
2 51963  53.1591 270.7979 0001187  72.8566 287.2565 15.31698280248262
STARLINK-3690
1 51964U 22025J   26245.46262287 -.00000157  00000+0  67065-5 0  9994
2 51964  53.1594 281.6443 0001198  83.9580 276.1558 15.31707602248105
STARLINK-3696
1 51965U 22025K   26245.53096409  .00001104  00000+0  47334-4 0  9992
2 51965  53.1601 294.2725 0001401  93.2721 266.8441 15.31698751247926
STARLINK-3699
1 51966U 22025L   26245.45636699  .00001361  00000+0  55607-4 0  9992
2 51966  53.1598 294.3812 0001327  61.6102 298.5034 15.31697395247911
STARLINK-3681
1 51968U 22025N   26245.38805366  .00000012  00000+0  12157-4 0  9990
2 51968  53.1598 281.9906 0001238  80.9696 279.1446 15.31699259248095
STARLINK-3680
1 51969U 22025P   26245.33679270 -.00000110  00000+0  82160-5 0  9991
2 51969  53.1598 282.2756 0001060  82.4182 277.6940 15.31697766248074
STARLINK-3677
1 51970U 22025Q   26245.42445809  .00000237  00000+0  19412-4 0  9990
2 51970  53.1596 295.0135 0001243  77.5994 282.5147 15.31700202247901
STARLINK-3669
1 51971U 22025R   26245.48129853 -.00000660  00000+0 -95169-5 0  9991
2 51971  53.1601 281.7673 0001125  70.2253 289.8870 15.31697591248107
STARLINK-3671
1 51972U 22025S   26244.56221395 -.00000170  00000+0  62766-5 0  9996
2 51972  53.1593 298.9759 0001244  80.4864 279.6278 15.31698371247774
STARLINK-3679
1 51973U 22025T   26245.51228179 -.00000529  00000+0 -52893-5 0  9999
2 51973  53.1611 294.0939 0001550  64.2122 295.9039 15.31695059247923
STARLINK-3672
1 51974U 22025U   26245.51697159 -.00000468  00000+0 -33271-5 0  9999
2 51974  53.1603 294.3063 0001191  74.2113 285.9020 15.31694568247910
STARLINK-3674
1 51975U 22025V   26245.52315225 -.00000053  00000+0  10060-4 0  9991
2 51975  53.1596 280.8965 0001163  77.4431 282.6701 15.31700774248121
STARLINK-3660
1 51977U 22025X   26245.51301750  .00006576  00000+0  22342-3 0  9990
2 51977  53.1592 294.6340 0001668  67.6634 292.4544 15.31710025248174
STARLINK-3649
1 51980U 22025AA  26245.50242945  .00000280  00000+0  18943-4 0  9992
2 51980  53.1613 319.6500 0001165  54.9141 305.1971 15.35402863247821
STARLINK-3635
1 51981U 22025AB  26245.66668981  .00048889  00000+0  14042-2 0  9993
2 51981  53.1593 318.9499 0001330  62.6253  15.4163 15.35380407  5849
STARLINK-3655
1 51983U 22025AD  26244.54500806  .00005578  00000+0  17011-3 0  9990
2 51983  53.1605 324.2281 0001229  71.6116 288.5021 15.35509014247671
STARLINK-3664
1 51984U 22025AE  26244.52187279  .00000383  00000+0  21895-4 0  9999
2 51984  53.1614 324.4667 0001103  85.7088 274.4041 15.35399453247677
STARLINK-3651
1 51985U 22025AF  26244.47416447  .00001024  00000+0  44753-4 0  9997
2 51985  53.1613 320.3676 0001225  76.9401 283.1737 15.31695224247724
STARLINK-3645
1 51986U 22025AG  26244.62768473 -.00000734  00000+0 -10123-4 0  9997
2 51986  53.1615 323.7931 0001190  82.9702 277.1436 15.35403009247697
STARLINK-3644
1 51987U 22025AH  26245.46985874  .00000229  00000+0  17915-4 0  9990
2 51987  53.1599 311.9276 0001193  81.8496 278.2642 15.34391151247932
STARLINK-3640
1 51988U 22025AJ  26244.50680004  .00012674  00000+0  41935-3 0  9997
2 51988  53.1580 320.2939 0001140  82.5390 277.5741 15.31708741247739
STARLINK-3642
1 51989U 22025AK  26245.46775784 -.00000197  00000+0  53100-5 0  9991
2 51989  53.1601 311.9532 0001148  79.7081 280.4051 15.34390828247938
STARLINK-3657
1 51990U 22025AL  26245.52272174  .00000626  00000+0  28863-4 0  9998
2 51990  53.1593 297.5357 0001088  90.2662 269.8466 15.35396043248130
STARLINK-3652
1 51991U 22025AM  26245.34170384  .00000346  00000+0  21371-4 0  9995
2 51991  53.1598 312.6666 0001114  91.0166 269.0965 15.34388049247913
STARLINK-3643
1 51992U 22025AN  26245.61100660 -.00001796  00000+0 -42069-4 0  9995
2 51992  53.1596 293.2711 0001238  80.8811 279.2332 15.34380228247773
STARLINK-3648
1 51993U 22025AP  26245.53005967  .00002540  00000+0  83781-4 0  9993
2 51993  53.1614 319.5455 0001554 119.3974 240.7185 15.35370319247838
STARLINK-3647
1 51994U 22025AQ  26245.31077735  .00000419  00000+0  22905-4 0  9996
2 51994  53.1603 298.4990 0001068  82.6838 277.4287 15.35400943247687
STARLINK-3636
1 51995U 22025AR  26245.50836233  .00000343  00000+0  22826-4 0  9992
2 51995  53.1593 294.6850 0001178  84.9855 275.1281 15.31701875247745
STARLINK-3538
1 51996U 22025AS  26245.28695448  .00000066  00000+0  13348-4 0  9990
2 51996  53.1596 294.8902 0001172  77.3249 282.7884 15.33549157247733
STARLINK-3589
1 51997U 22025AT  26245.40297435  .00001352  00000+0  51171-4 0  9994
2 51997  53.1594 294.0705 0001131  78.4935 281.6194 15.34386957247745
STARLINK-3618
1 51998U 22025AU  26245.60476371  .00000392  00000+0  22737-4 0  9994
2 51998  53.1593 293.6258 0001124  71.7178 288.3946 15.34382115247785
STARLINK-3653
1 52000U 22025AW  26244.44213752  .00001100  00000+0  42451-4 0  9995
2 52000  53.1606 302.7439 0000958  66.7391 293.3713 15.35393910247552
STARLINK-3659
1 52001U 22025AX  26245.55541236  .00001385  00000+0  50602-4 0  9992
2 52001  53.1592 297.5766 0001186  82.7411 277.3727 15.35399133247725
STARLINK-3668
1 52002U 22025AY  26245.41769584  .00000540  00000+0  26372-4 0  9995
2 52002  53.1601 298.1786 0001044  81.8696 278.2425 15.35397645247703
STARLINK-3712
1 52090U 22029C   26244.56996993  .00001987  00000+0  71739-4 0  9990
2 52090  53.1621  10.1349 0001145  89.7397 270.3736 15.33541009247336
STARLINK-3716
1 52092U 22029E   26245.66668981  .00013333  00000+0  34171-3 0  9993
2 52092  53.1635   9.0774 0001951  70.8498 290.4743 15.39710073  5833
STARLINK-3673
1 52093U 22029F   26244.57038604  .00000244  00000+0  18368-4 0  9994
2 52093  53.1614   6.0020 0001014  88.2423 271.8696 15.34393982247393
STARLINK-3714
1 52094U 22029G   26244.73690145  .00000086  00000+0  13683-4 0  9996
2 52094  53.1604   9.0867 0001179 105.4497 254.6636 15.34396162247363
STARLINK-3701
1 52095U 22029H   26245.61888774 -.00000526  00000+0 -44341-5 0  9999
2 52095  53.1616   1.2475 0001013  84.2007 275.9111 15.34387855247558
STARLINK-3717
1 52096U 22029J   26245.03773340  .00001728  00000+0  63841-4 0  9996
2 52096  53.1617 356.3557 0000883  80.5601 279.5501 15.33557820247551
STARLINK-3665
1 52098U 22029L   26245.05425876 -.00000337  00000+0  11501-5 0  9991
2 52098  53.1623   8.2867 0001225  89.7579 270.3564 15.34383481247406
STARLINK-3702
1 52100U 22029N   26244.71331953 -.00000236  00000+0  41534-5 0  9996
2 52100  53.1619   5.5887 0001882  61.6932 298.4260 15.34366051247417
STARLINK-3703
1 52101U 22029P   26244.64872781  .00000592  00000+0  28653-4 0  9998
2 52101  53.1613  10.1805 0001026  88.1194 271.9926 15.34393214247335
STARLINK-3709
1 52102U 22029Q   26244.64095115 -.00000218  00000+0  46996-5 0  9994
2 52102  53.1613 357.9375 0001099  79.1875 280.9251 15.33543082247505
STARLINK-3705
1 52103U 22029R   26245.42391235  .00000016  00000+0  11619-4 0  9992
2 52103  53.1609 353.8696 0000930  95.1544 264.9565 15.34383715247625
STARLINK-3706
1 52105U 22029T   26245.02679504 -.00000730  00000+0 -10481-4 0  9999
2 52105  53.1601 355.7277 0001072  91.6228 268.4898 15.34393234247561
STARLINK-3670
1 52106U 22029U   26245.60628022  .00000552  00000+0  27484-4 0  9994
2 52106  53.1615   1.3204 0000990  82.7269 277.3846 15.34390869247535
STARLINK-3658
1 52107U 22029V   26245.66668981  .00023163  00000+0  69507-3 0  9993
2 52107  53.1588 352.7401 0001436  81.3314 238.6669 15.34376494  5880
STARLINK-3698
1 52108U 22029W   26244.60159623  .00000251  00000+0  18956-4 0  9991
2 52108  53.1615 358.0211 0001082  77.1489 282.9634 15.33546122247498
STARLINK-3687
1 52110U 22029Y   26244.73540423 -.00007543  00000+0 -21855-3 0  9994
2 52110  53.1637 357.4728 0000564 160.8618 199.2405 15.33510203247519
STARLINK-3708
1 52111U 22029Z   26245.01208394 -.00000103  00000+0  80914-5 0  9992
2 52111  53.1616 355.8020 0001179  97.5579 262.5558 15.34390894247560
STARLINK-3734
1 52112U 22029AA  26244.54522657 -.00000048  00000+0  11217-4 0  9998
2 52112  53.1788 337.1091 0000881  80.2573 279.8526 15.26518760247790
STARLINK-3736
1 52113U 22029AB  26244.54024021  .00001884  00000+0  68587-4 0  9991
2 52113  53.1622 357.9214 0000863  95.1830 264.9270 15.33546106247497
STARLINK-3737
1 52114U 22029AC  26245.60040319  .00000597  00000+0  28808-4 0  9990
2 52114  53.1608 353.0372 0001142  86.1663 273.9470 15.34392738247650
STARLINK-3685
1 52115U 22029AD  26244.70059148 -.00000878  00000+0 -14854-4 0  9991
2 52115  53.1609 355.4628 0001125  82.8224 277.2907 15.34389053247545
STARLINK-3735
1 52116U 22029AE  26245.00788039  .00000161  00000+0  15899-4 0  9997
2 52116  53.1609 355.8191 0000915  95.0971 265.0136 15.34392315247562
STARLINK-3738
1 52117U 22029AF  26244.72842476  .00003225  00000+0  10656-3 0  9991
2 52117  53.1610 357.1160 0001141  71.3093 288.8034 15.34388516247535
STARLINK-3743
1 52118U 22029AG  26245.58779882  .00000908  00000+0  38012-4 0  9999
2 52118  53.1615 353.1164 0001207  79.9558 280.1580 15.34392632247652
STARLINK-3558
1 52119U 22029AH  26244.62917217 -.00000498  00000+0 -36075-5 0  9994
2 52119  53.1605 355.8848 0000985 109.0115 251.0995 15.34369247247536
STARLINK-3534
1 52120U 22029AJ  26244.62704337  .00001339  00000+0  50784-4 0  9998
2 52120  53.1620 355.7505 0000954  84.4419 275.6692 15.34383694247542
STARLINK-3678
1 52121U 22029AK  26245.62165124 -.00004341  00000+0 -11355-3 0  9993
2 52121  53.1623 351.4133 0000921  99.2905 260.8203 15.35416046247671
STARLINK-3726
1 52122U 22029AL  26244.70050768 -.00001255  00000+0 -26848-4 0  9994
2 52122  53.1606 357.6898 0000998  92.6964 267.4152 15.33527192247517
STARLINK-3725
1 52123U 22029AM  26245.66668981  .00064213  00000+0  24024-2 0  9996
2 52123  53.1602 352.6751 0000592  62.9254 197.9949 15.26740146  5756
STARLINK-3727
1 52125U 22029AP  26245.66668981  .00066574  00000+0  22205-2 0  9999
2 52125  53.1606 352.7466 0001379 110.0982 129.1544 15.30480966  5803
STARLINK-3732
1 52126U 22029AQ  26245.66668981  .00066492  00000+0  23383-2 0  9997
2 52126  53.1611 352.7713 0001286  64.1821 122.5470 15.28760896  5808
STARLINK-3715
1 52127U 22029AR  26245.53228568  .00003554  00000+0  11273-3 0  9993
2 52127  53.1600 351.7299 0001058  68.7140 291.3976 15.35406975247667
STARLINK-3661
1 52129U 22029AT  26244.60097813  .00006687  00000+0  38650-3 0  9997
2 52129  53.1626 358.0599 0001704  75.8045 284.3138 15.13407900247501
STARLINK-3711
1 52131U 22029AV  26245.55273945  .00034614  00000+0  15060-2 0  9997
2 52131  53.2213 342.0537 0003487  43.5349 316.5924 15.21954288247822
STARLINK-3718
1 52132U 22029AW  26244.59342961  .00015796  00000+0  47806-3 0  9990
2 52132  53.1611 355.8717 0001086  80.0039 280.1086 15.34373055247535
STARLINK-3707
1 52133U 22029AX  26245.66668981  .00028399  00000+0  84907-3 0  9999
2 52133  53.1608 350.7845 0001293  69.8158 218.3256 15.34377242  5665
STARLINK-3721
1 52134U 22029AY  26245.42337452 -.00000503  00000+0 -37651-5 0  9995
2 52134  53.1619 351.9259 0001121  77.8725 282.2403 15.34386873247661
STARLINK-3720
1 52136U 22029BA  26245.66668981  .00062103  00000+0  20783-2 0  9994
2 52136  53.1593 351.9524 0002154  66.8880   1.3458 15.30403998  5819
STARLINK-3733
1 52137U 22029BB  26245.66668981  .00064407  00000+0  21376-2 0  9993
2 52137  53.1615 352.6707 0001713  61.7007  57.1626 15.30655242  5818
STARLINK-3723
1 52138U 22029BC  26245.66668981  .00057711  00000+0  19232-2 0  9992
2 52138  53.1590 352.7696 0001129  88.2766 300.2187 15.30573710  5819
STARLINK-3730
1 52139U 22029BD  26244.58134233  .00000968  00000+0  39787-4 0  9992
2 52139  53.1616 357.8146 0001124  90.4271 269.6861 15.34385192247506
STARLINK-3682
1 52140U 22029BE  26245.03037203  .00002976  00000+0  96179-4 0  9993
2 52140  53.1613 353.9716 0000934  72.6946 287.4160 15.35401703247603
STARLINK-3761
1 52262U 22041B   26245.52817417 -.00128309  00000+0 -38195-2 0  9992
2 52262  53.1604  31.3845 0000974  86.9864 273.1250 15.34660548241103
STARLINK-3786
1 52263U 22041C   26244.69403649  .00001577  00000+0  59270-4 0  9992
2 52263  53.1619  35.4328 0001288  63.1990 296.9144 15.33552699240972
STARLINK-3795
1 52264U 22041D   26244.71292606  .00001646  00000+0  59877-4 0  9995
2 52264  53.1618  25.7955 0001225  86.6826 273.4317 15.34379797241115
STARLINK-3740
1 52265U 22041E   26245.00002315 -.00020780  00000+0 -60555-3 0  9991
2 52265  53.1594  26.3127 0000824  75.5406 219.3151 15.34401025  5788
STARLINK-3739
1 52266U 22041F   26244.81566965  .00016182  00000+0  96304-3 0  9996
2 52266  53.2133  37.5560 0001891 122.1199 237.9978 15.11382641240968
STARLINK-3748
1 52267U 22041G   26244.57687875  .00000290  00000+0  19238-4 0  9999
2 52267  53.1614  28.6014 0001300  52.8014 307.3108 15.35394746241061
STARLINK-3746
1 52268U 22041H   26244.69450256  .00000836  00000+0  35874-4 0  9994
2 52268  53.1616  27.3259 0001086  90.8712 269.2415 15.34388989241090
STARLINK-3791
1 52269U 22041J   26245.66668981  .00039997  00000+0  11757-2 0  9991
2 52269  53.1600  31.3570 0001092 104.4048 110.9048 15.34745779  5823
STARLINK-3804
1 52270U 22041K   26244.81306130  .00001309  00000+0  51128-4 0  9998
2 52270  53.1619  35.0911 0000899  98.6942 261.4162 15.33545177240993
STARLINK-3788
1 52271U 22041L   26245.00002315  .00001845  00000+0  65833-4 0  9992
2 52271  53.1607  34.0709 0001141  62.0187 293.6999 15.34346737  5763
STARLINK-3781
1 52272U 22041M   26245.51185777  .00003730  00000+0  13199-3 0  9995
2 52272  53.1608  24.6680 0000886  86.2698 273.8405 15.31681010241204
STARLINK-3782
1 52273U 22041N   26244.55370738  .00058586  00000+0  18580-2 0  9999
2 52273  53.1612  19.9991 0003404  48.1286 312.0005 15.32158061241186
STARLINK-3790
1 52274U 22041P   26244.81277715  .00000386  00000+0  24194-4 0  9995
2 52274  53.1608  28.1727 0001077  81.3287 278.7836 15.31701897241095
STARLINK-3784
1 52275U 22041Q   26245.12688826  .00000070  00000+0  13197-4 0  9991
2 52275  53.1637  33.5066 0000550 110.9348 249.1713 15.34404200241048
STARLINK-3778
1 52276U 22041R   26244.79280637  .00003709  00000+0  12407-3 0  9996
2 52276  53.1626  35.0970 0000971 102.2964 257.8147 15.33546678240998
STARLINK-3780
1 52278U 22041T   26245.66668981 -.00008588  00000+0 -23552-3 0  9992
2 52278  53.1609  30.8590 0001079  68.8560 182.3755 15.35405962  5810
STARLINK-3764
1 52280U 22041V   26244.78480034 -.00001252  00000+0 -28578-4 0  9993
2 52280  53.1623  28.1951 0000996  81.1195 278.9919 15.31701112241097
STARLINK-3779
1 52281U 22041W   26245.11982834  .00000737  00000+0  33729-4 0  9996
2 52281  53.1611  33.5739 0000981  88.1251 271.9863 15.33549539241044
STARLINK-3783
1 52282U 22041X   26244.67676709 -.00000470  00000+0 -29557-5 0  9999
2 52282  53.1623  19.7047 0001194  81.1382 278.9755 15.33530668241197
STARLINK-3789
1 52283U 22041Y   26244.84108104  .00002839  00000+0  97591-4 0  9999
2 52283  53.1611  34.7678 0001002  88.2679 271.8439 15.33556512241004
STARLINK-3561
1 52284U 22041Z   26244.63831851  .00001725  00000+0  62194-4 0  9993
2 52284  53.1616  20.2507 0001208  83.4453 276.6687 15.34382755241180
STARLINK-3802
1 52286U 22041AB  26245.54383624  .00001246  00000+0  48035-4 0  9992
2 52286  53.1607  15.3231 0001400  64.8907 295.2241 15.34388505241331
STARLINK-3822
1 52287U 22041AC  26244.81746972  .00000259  00000+0  20091-4 0  9996
2 52287  53.1622  28.4368 0000959  90.1284 269.9827 15.31710974241090
STARLINK-3776
1 52288U 22041AD  26245.08578314  .00001114  00000+0  44122-4 0  9992
2 52288  53.1614  17.4790 0001046  90.2452 269.8671 15.34384171241269
STARLINK-3751
1 52289U 22041AE  26244.84314154  .00000785  00000+0  37051-4 0  9992
2 52289  53.1615  18.6584 0000799  85.3945 274.7147 15.31687619241220
STARLINK-3772
1 52290U 22041AF  26244.75801547  .00000671  00000+0  31002-4 0  9995
2 52290  53.1630  19.0922 0001313  84.2234 275.8918 15.34382742241211
STARLINK-3753
1 52292U 22041AH  26244.74329125 -.00001432  00000+0 -31274-4 0  9992
2 52292  53.1632  19.0524 0001034 113.1143 246.9969 15.34378538241217
STARLINK-3771
1 52293U 22041AJ  26244.69076650  .00001067  00000+0  42740-4 0  9991
2 52293  53.1622  19.3189 0001368  67.1456 292.9691 15.34383827241201
STARLINK-3777
1 52294U 22041AK  26244.64294701 -.00000126  00000+0  74852-5 0  9992
2 52294  53.1612  19.8867 0001150  86.6592 273.4542 15.33544510241199
STARLINK-3765
1 52295U 22041AL  26245.66668981  .00921148  00000+0  47439-2 0  9994
2 52295  53.1602   9.5578 0000979  87.9776  12.6569 15.78126241  5893
STARLINK-3766
1 52296U 22041AM  26244.72857475  .00001314  00000+0  50014-4 0  9998
2 52296  53.1624  19.1226 0001049  91.9861 268.1262 15.34394548241219
STARLINK-3758
1 52297U 22041AN  26244.65485716  .00000488  00000+0  26164-4 0  9996
2 52297  53.1625  19.8861 0001070 127.1907 232.9193 15.33544426241190
STARLINK-3760
1 52298U 22041AP  26244.78951096  .00000522  00000+0  26571-4 0  9991
2 52298  53.1623  18.8347 0000975  84.6289 275.4825 15.34391355241220
STARLINK-3769
1 52300U 22041AR  26244.78320832  .00001182  00000+0  46131-4 0  9990
2 52300  53.1616  18.8727 0001185  85.3378 274.7760 15.34391907242447
STARLINK-3768
1 52301U 22041AS  26245.63214403  .00000018  00000+0  11872-4 0  9993
2 52301  53.1627  15.4345 0001043  71.8855 288.2261 15.33552074241349
STARLINK-3564
1 52302U 22041AT  26245.04992658  .00000778  00000+0  36824-4 0  9991
2 52302  53.1607   5.7027 0000961  90.8713 269.2399 15.31696633241427
STARLINK-3742
1 52303U 22041AU  26245.08370926  .00000429  00000+0  24365-4 0  9994
2 52303  53.1609  17.8606 0001104 105.2064 254.9060 15.33540513242487
STARLINK-3744
1 52304U 22041AV  26245.48498972  .00001832  00000+0  65352-4 0  9991
2 52304  53.1615   6.2793 0001119  82.0869 278.0260 15.34395456241455
STARLINK-3724
1 52305U 22041AW  26244.81357531  .00000440  00000+0  24715-4 0  9995
2 52305  53.1619  19.0847 0001206  84.3130 275.8010 15.33547601241228
STARLINK-3747
1 52306U 22041AX  26245.66668981  .00013706  00000+0  41635-3 0  9992
2 52306  53.1606   4.7407 0001007  73.0525 223.3487 15.34375341  5832
STARLINK-3755
1 52307U 22041AY  26244.78111651 -.00002146  00000+0 -52423-4 0  9998
2 52307  53.1625  18.8967 0000883  87.1245 272.9859 15.34386744241224
STARLINK-3756
1 52309U 22041BA  26245.62318914 -.00005430  00000+0 -16325-3 0  9994
2 52309  53.1621   2.9988 0001239 127.0364 233.0751 15.31717471242739
STARLINK-3688
1 52310U 22041BB  26244.63511342  .00000964  00000+0  42810-4 0  9990
2 52310  53.1617   7.5989 0001186  77.9462 282.1673 15.31704247242589
STARLINK-3750
1 52311U 22041BC  26244.73362726  .00006378  00000+0  20500-3 0  9998
2 52311  53.1609   9.5744 0001010  87.5622 272.5496 15.33563062242567
STARLINK-3752
1 52312U 22041BD  26244.65495008  .00001493  00000+0  55349-4 0  9993
2 52312  53.1621   9.4702 0001038  80.3419 279.7701 15.34382874242569
STARLINK-3749
1 52313U 22041BE  26245.59967506  .00000172  00000+0  16556-4 0  9995
2 52313  53.1611   5.4230 0001110  77.6219 282.4907 15.33548189242706
STARLINK-3889
1 52331U 22045A   26245.66668981  .00063974  00000+0  34548-2 0  9990
2 52331  53.1598 133.9760 0001903 105.6920  89.7052 15.14141991  5767
STARLINK-3831
1 52332U 22045B   26245.66668981  .00065504  00000+0  32835-2 0  9999
2 52332  53.1595 133.8314 0001798 111.0784  99.8018 15.16762216  5811
STARLINK-3847
1 52333U 22045C   26244.93963764  .00000359  00000+0  23339-4 0  9994
2 52333  53.1598 126.3520 0001181  84.1166 275.9970 15.31695657242392
STARLINK-3880
1 52334U 22045D   26245.66668981  .00062362  00000+0  31696-2 0  9994
2 52334  53.1595 133.9475 0002172  89.8246 140.0491 15.16299159  5763
STARLINK-3814
1 52335U 22045E   26245.66668981  .00061248  00000+0  31538-2 0  9992
2 52335  53.1593 133.9282 0002544  91.8680 169.2044 15.15848904  5412
STARLINK-3823
1 52336U 22045F   26244.96075859  .00001252  00000+0  49379-4 0  9994
2 52336  53.1605 124.5984 0001276  99.4277 260.6869 15.33549684242438
STARLINK-3797
1 52337U 22045G   26245.66668981  .00061562  00000+0  31383-2 0  9991
2 52337  53.1597 133.9611 0001951  66.1341 117.1642 15.16200347  5807
STARLINK-3792
1 52339U 22045J   26245.66668981  .00065173  00000+0  35615-2 0  9997
2 52339  53.1596 133.6474 0003092 108.8828  12.1788 15.13708694  5815
STARLINK-3818
1 52340U 22045K   26244.92313780  .00001633  00000+0  59488-4 0  9998
2 52340  53.1601 116.2333 0001279  77.1151 282.9995 15.34374216242538
STARLINK-3843
1 52341U 22045L   26245.66668981  .00069745  00000+0  36242-2 0  9996
2 52341  53.1593 133.8817 0001975  50.5247 289.7941 15.15463989  5803
STARLINK-3850
1 52342U 22045M   26245.35287606  .00001586  00000+0  58065-4 0  9992
2 52342  53.1593 120.3392 0001086  89.2861 270.8266 15.34390956242524
STARLINK-3849
1 52343U 22045N   26245.66668981  .00062651  00000+0  32599-2 0  9998
2 52343  53.1602 133.9347 0001877  92.0205  46.1226 15.15470577  5814
STARLINK-3851
1 52344U 22045P   26245.35708989  .00000383  00000+0  22458-4 0  9997
2 52344  53.1605 120.4301 0001109  90.0846 270.0284 15.34392555242529
STARLINK-3852
1 52345U 22045Q   26245.36693406  .00000152  00000+0  16651-4 0  9998
2 52345  53.1598 118.2045 0001242  94.6008 265.5136 15.31694829242542
STARLINK-3812
1 52346U 22045R   26245.34829028  .00000323  00000+0  22163-4 0  9993
2 52346  53.1600 118.2885 0001175  95.7204 264.3931 15.31701219242557
STARLINK-3826
1 52347U 22045S   26244.95797221  .00001356  00000+0  52548-4 0  9996
2 52347  53.1590 116.4844 0000870  79.6917 280.4183 15.33546012242541
STARLINK-3829
1 52348U 22045T   26245.37872102  .00000543  00000+0  26485-4 0  9994
2 52348  53.1618 115.7499 0001155  85.7481 274.3654 15.35398203242591
STARLINK-3819
1 52349U 22045U   26244.93644959  .00000942  00000+0  37911-4 0  9992
2 52349  53.1602 116.4329 0000841  82.4464 277.6634 15.35397652242547
STARLINK-3754
1 52350U 22045V   26245.35387512  .00000590  00000+0  28607-4 0  9991
2 52350  53.1606 114.2240 0001230  93.9872 266.1272 15.34385901242616
STARLINK-3838
1 52352U 22045X   26244.95999601  .00001506  00000+0  55722-4 0  9992
2 52352  53.1603 122.4646 0001100  90.8203 269.2926 15.34391243242465
STARLINK-3807
1 52353U 22045Y   26244.93130389  .00001119  00000+0  45356-4 0  9993
2 52353  53.1599 116.5996 0001086  88.1319 271.9808 15.33545404242540
STARLINK-3877
1 52355U 22045AA  26245.35922224  .00000726  00000+0  32612-4 0  9993
2 52355  53.1602 120.6491 0001080  92.4572 267.6555 15.34389489242525
STARLINK-3801
1 52356U 22045AB  26244.94415103  .00000749  00000+0  33297-4 0  9996
2 52356  53.1591 116.1562 0001074  90.3667 269.7459 15.34388503242552
STARLINK-3821
1 52357U 22045AC  26244.89374437 -.00001926  00000+0 -45867-4 0  9991
2 52357  53.1604 116.4839 0002193 152.8418 207.2699 15.34390366242541
STARLINK-3837
1 52358U 22045AD  26245.35495977 -.00000236  00000+0  41627-5 0  9990
2 52358  53.1572 120.1950 0001521  73.2508 286.8662 15.34389242242535
STARLINK-3853
1 52359U 22045AE  26245.64657490  .00000861  00000+0  39490-4 0  9990
2 52359  53.1606 116.9130 0001185  88.9963 271.1175 15.31701388242601
STARLINK-3728
1 52361U 22045AG  26244.95592061  .00002254  00000+0  75517-4 0  9996
2 52361  53.1590 116.2788 0001221  90.0218 270.0925 15.35396833242550
STARLINK-3848
1 52362U 22045AH  26245.66668981 -.00001277  00000+0 -29385-4 0  9999
2 52362  53.1579 102.4793 0001226  92.2347 218.7187 15.31716514  5883
STARLINK-3830
1 52363U 22045AJ  26244.92951736  .00000063  00000+0  13004-4 0  9992
2 52363  53.1584 116.8573 0001032  89.4903 270.6218 15.34391006242542
STARLINK-3820
1 52364U 22045AK  26245.36026760  .00000753  00000+0  34224-4 0  9995
2 52364  53.1592 110.4063 0001007  86.8932 273.2185 15.33548021242666
STARLINK-3874
1 52365U 22045AL  26244.89680517 -.00000153  00000+0  66163-5 0  9992
2 52365  53.1608 112.3407 0000932  75.6890 284.4216 15.34383394242595
STARLINK-3808
1 52366U 22045AM  26245.33385801  .00001222  00000+0  47311-4 0  9991
2 52366  53.1601 110.2925 0001115  92.6851 267.4279 15.34387335242668
STARLINK-3817
1 52367U 22045AN  26244.90180624  .00000618  00000+0  30146-4 0  9996
2 52367  53.1609 112.4908 0001570  98.6742 261.4438 15.33544366242593
STARLINK-3834
1 52368U 22045AP  26245.32335420  .00001216  00000+0  47118-4 0  9992
2 52368  53.1602 110.3453 0001217 102.2183 257.8956 15.34389250242659
STARLINK-3841
1 52369U 22045AQ  26245.35174280  .00000435  00000+0  23369-4 0  9995
2 52369  53.1610 110.3602 0001224  93.3248 266.7895 15.35393254242667
STARLINK-3827
1 52370U 22045AR  26244.95396140  .00002456  00000+0  86051-4 0  9995
2 52370  53.1600 112.2263 0001212  69.7818 290.3314 15.33526443242608
STARLINK-3798
1 52371U 22045AS  26245.34999187  .00000200  00000+0  18212-4 0  9999
2 52371  53.1599 106.2639 0001319  82.2074 277.9077 15.31701256242712
STARLINK-3796
1 52372U 22045AT  26245.59129088  .00000318  00000+0  20559-4 0  9999
2 52372  53.1603 103.5942 0001225  92.5949 267.5194 15.34385315242775
STARLINK-3550
1 52373U 22045AU  26245.30915428  .00001554  00000+0  57158-4 0  9998
2 52373  53.1602 102.6902 0001434  82.0679 278.0487 15.34376556242776
STARLINK-3762
1 52374U 22045AV  26244.83061460  .00000521  00000+0  26568-4 0  9998
2 52374  53.1600 106.7501 0001213  87.4922 272.6220 15.34388787242673
STARLINK-3785
1 52375U 22045AW  26245.58498487  .00000544  00000+0  27250-4 0  9999
2 52375  53.1603 103.5958 0001441  93.3776 266.7391 15.34387159242781
STARLINK-3805
1 52377U 22045AY  26244.91573552  .00001872  00000+0  66543-4 0  9997
2 52377  53.1598 112.2516 0001082  97.2489 262.8636 15.34384887242591
STARLINK-3806
1 52378U 22045AZ  26244.90731756  .00000664  00000+0  30784-4 0  9995
2 52378  53.1603 112.2880 0001248  79.1994 280.9149 15.34389333242600
STARLINK-3800
1 52379U 22045BA  26245.58942487  .00026555  00000+0  84265-3 0  9995
2 52379  53.1580 106.5988 0001148 195.4053 164.6914 15.32519373242747
STARLINK-3793
1 52380U 22045BB  26245.56802349 -.00001140  00000+0 -22615-4 0  9994
2 52380  53.1601  93.1960 0000919  87.9025 272.2083 15.34394775242925
STARLINK-3799
1 52382U 22045BD  26245.27896434  .00110667  00000+0  19496-2 0  9996
2 52382  53.2103  91.9980 0000722 126.8200 233.2876 15.49603144242930
STARLINK-3811
1 52383U 22045BE  26245.56949873 -.00000605  00000+0 -70672-5 0  9993
2 52383  53.1591  93.5607 0001085  82.3176 277.7949 15.33553043242924
STARLINK-3909
1 52452U 22049B   26245.66668981  .00054142  00000+0  24874-2 0  9996
2 52452  53.1611 353.1771 0001511  68.1193  65.7570 15.19882875  5818
STARLINK-3872
1 52453U 22049C   26245.66668981  .00062064  00000+0  22369-2 0  9996
2 52453  53.1609 352.7310 0001435  38.3506 129.6284 15.27987146  5652
STARLINK-3888
1 52454U 22049D   26245.66668981  .00061823  00000+0  21302-2 0  9995
2 52454  53.1609 352.8556 0001477  55.6392  28.0771 15.29458576  5708
STARLINK-3890
1 52455U 22049E   26245.66668981  .00066805  00000+0  22746-2 0  9994
2 52455  53.1612 352.8195 0001109  71.8631  64.6251 15.29811226  5658
STARLINK-3896
1 52456U 22049F   26244.74403551  .00001241  00000+0  51733-4 0  9996
2 52456  53.1624 355.2150 0001118  82.5894 277.5235 15.31706007238737
STARLINK-3899
1 52457U 22049G   26245.66668981  .00056519  00000+0  22983-2 0  9990
2 52457  53.1609 352.7978 0001281  60.1780 127.4999 15.24018961  5805
STARLINK-3898
1 52458U 22049H   26245.66668981  .00069223  00000+0  22240-2 0  9993
2 52458  53.1606 352.7293 0001151  62.4927 182.1791 15.31668817  5804
STARLINK-3856
1 52459U 22049J   26244.96415504  .00000472  00000+0  25692-4 0  9994
2 52459  53.1603 340.4818 0001077  85.5144 274.5981 15.33548986238950
STARLINK-3900
1 52461U 22049L   26245.48955129 -.00003558  00000+0 -96865-4 0  9997
2 52461  53.1614 328.1033 0001116  89.8767 270.2364 15.33562596239175
STARLINK-3903
1 52462U 22049M   26245.53966589 -.00000462  00000+0 -23312-5 0  9995
2 52462  53.1617 337.7524 0000995  78.4543 281.6572 15.35404699239044
STARLINK-3885
1 52463U 22049N   26245.49721819  .00002320  00000+0  81868-4 0  9998
2 52463  53.1612 328.1895 0001167  79.5326 280.5808 15.33546670239176
STARLINK-3904
1 52464U 22049P   26244.55771487  .00002297  00000+0  76756-4 0  9994
2 52464  53.1611 342.2507 0001151  88.0246 272.0889 15.35392068238897
STARLINK-3863
1 52465U 22049Q   26244.67513438  .00005140  00000+0  15807-3 0  9997
2 52465  53.1632 332.3294 0001192  63.5015 296.6110 15.35417565239048
STARLINK-3873
1 52467U 22049S   26245.56983508  .00000691  00000+0  31605-4 0  9998
2 52467  53.1608 337.2712 0001040  90.4098 269.7024 15.34386374239052
STARLINK-3864
1 52468U 22049T   26245.54674847  .00052254  00000+0  15620-2 0  9999
2 52468  53.1622 337.9931 0002083  24.9480 335.1623 15.34092772239042
STARLINK-3828
1 52469U 22049U   26244.54428026  .00001322  00000+0  51522-4 0  9998
2 52469  53.1614 342.3361 0001176  83.7412 276.3724 15.33546438238893
STARLINK-3859
1 52470U 22049V   26244.62850496  .00000210  00000+0  17354-4 0  9999
2 52470  53.1623 341.5907 0001119  91.2380 268.8751 15.34388190238916
STARLINK-3862
1 52471U 22049W   26244.73027471  .00000567  00000+0  30028-4 0  9999
2 52471  53.1609 337.1933 0001015  83.2123 276.8993 15.31696678238986
STARLINK-3881
1 52472U 22049X   26245.57377747 -.00000879  00000+0 -15375-4 0  9993
2 52472  53.1606 337.5816 0001694  46.7687 313.3457 15.33551004239056
STARLINK-3879
1 52473U 22049Y   26245.52856523  .00003281  00000+0  11102-3 0  9994
2 52473  53.1621 337.9250 0001065  59.8997 300.2111 15.33553335239041
STARLINK-3882
1 52475U 22049AA  26245.53830371  .00000672  00000+0  31012-4 0  9994
2 52475  53.1614 337.3395 0000885  70.6535 289.4563 15.34391871239053
STARLINK-3835
1 52476U 22049AB  26245.51035736  .00000032  00000+0  11816-4 0  9995
2 52476  53.1618 328.4152 0001113  85.0945 275.0185 15.35397878240417
STARLINK-3860
1 52477U 22049AC  26244.51706159  .00000368  00000+0  22019-4 0  9998
2 52477  53.1603 332.1101 0000942  58.0374 302.0720 15.34392384240279
STARLINK-3825
1 52478U 22049AD  26244.51704487  .00000286  00000+0  19111-4 0  9999
2 52478  53.1626 343.1294 0001268  86.7497 273.3651 15.35398830240126
STARLINK-3878
1 52479U 22049AE  26245.66668981  .00071683  00000+0  23049-2 0  9997
2 52479  53.1597 332.9125 0000978  72.9011 310.7614 15.31626921  5810
STARLINK-3839
1 52480U 22049AF  26244.55815785  .00000071  00000+0  12945-4 0  9990
2 52480  53.1616 342.0174 0001245  82.6635 277.4510 15.35398923238902
STARLINK-3813
1 52482U 22049AH  26245.50543202  .00000025  00000+0  12107-4 0  9999
2 52482  53.1626 327.8464 0001439 101.8342 258.2822 15.33548737239184
STARLINK-3875
1 52483U 22049AJ  26244.97376533  .00000755  00000+0  32561-4 0  9997
2 52483  53.1616 330.0978 0001088  91.3700 268.7428 15.35395999240341
STARLINK-3887
1 52484U 22049AK  26244.50761332  .00000250  00000+0  18077-4 0  9998
2 52484  53.1623 342.4509 0001180  86.6315 273.4823 15.35397188238890
STARLINK-3913
1 52485U 22049AL  26245.50409581  .00000212  00000+0  17765-4 0  9996
2 52485  53.1615 327.8002 0001192  87.1634 272.9505 15.33549204239180
STARLINK-3918
1 52486U 22049AM  26245.51520213 -.00000002  00000+0  11064-4 0  9998
2 52486  53.1608 337.4462 0001080  71.5367 288.5753 15.34379486239054
STARLINK-3902
1 52487U 22049AN  26244.95896678  .00000697  00000+0  30877-4 0  9999
2 52487  53.1618 330.0749 0001141  90.1912 269.9222 15.35394012240345
STARLINK-3892
1 52488U 22049AP  26244.56385484 -.00000288  00000+0  25767-5 0  9995
2 52488  53.1615 342.2128 0001122  81.0225 279.0905 15.33558199238909
STARLINK-3923
1 52489U 22049AQ  26244.57134276  .00000402  00000+0  23559-4 0  9991
2 52489  53.1614 342.1790 0001209  89.8018 270.3123 15.33554112238902
STARLINK-3914
1 52490U 22049AR  26245.66668981  .00050935  00000+0  16431-2 0  9994
2 52490  53.1607 332.8105 0001285  59.7191 118.2310 15.31677124  5709
STARLINK-3908
1 52491U 22049AS  26245.66668981  .00087466  00000+0  28105-2 0  9995
2 52491  53.1611 332.8808 0002112  60.9474  39.9827 15.31549602  5760
STARLINK-3916
1 52492U 22049AT  26245.51931714  .00001055  00000+0  42367-4 0  9995
2 52492  53.1610 327.4243 0001013  79.0964 281.0152 15.34393166239199
STARLINK-3883
1 52493U 22049AU  26244.94044408  .00001418  00000+0  54439-4 0  9993
2 52493  53.1607 330.7949 0001095  70.2757 289.8363 15.33552730239091
STARLINK-3857
1 52494U 22049AV  26244.95100092  .00001088  00000+0  43361-4 0  9992
2 52494  53.1603 324.7780 0001133  75.7384 284.3744 15.34385562239184
STARLINK-3871
1 52496U 22049AX  26244.93864282 -.00003859  00000+0 -99739-4 0  9990
2 52496  53.1604 324.2378 0001010 146.2008 213.9060 15.35412606239186
STARLINK-3884
1 52497U 22049AY  26245.57219264  .00000903  00000+0  38793-4 0  9994
2 52497  53.1607 327.7915 0001085  84.7022 275.4104 15.33549792239197
STARLINK-3925
1 52498U 22049AZ  26245.47410761  .00000803  00000+0  34909-4 0  9993
2 52498  53.1625 321.6577 0001098  85.0715 275.0414 15.34385624239263
STARLINK-3866
1 52500U 22049BB  26244.95670371  .00015140  00000+0  81455-3 0  9991
2 52500  53.1601 326.2654 0002124  26.8683 333.2421 15.15057969239156
STARLINK-3907
1 52501U 22049BC  26244.65319903  .00000705  00000+0  32756-4 0  9992
2 52501  53.1609 332.0787 0001162  70.2950 289.8178 15.33544536239053
STARLINK-3912
1 52502U 22049BD  26245.47805343  .00000454  00000+0  23918-4 0  9993
2 52502  53.1613 321.7906 0001173  56.9342 303.1773 15.35397763239269
STARLINK-3861
1 52503U 22049BE  26244.66202286 -.00000732  00000+0 -10071-4 0  9998
2 52503  53.1612 323.8043 0001104  67.6891 292.4229 15.35404002239166
STARLINK-3958
1 52535U 22051C   26244.87363688 -.00000131  00000+0  73542-5 0  9998
2 52535  53.1626  48.8714 0001068  87.8292 272.2833 15.33554438238166
STARLINK-3964
1 52536U 22051D   26244.76607110 -.00003835  00000+0 -10239-3 0  9995
2 52536  53.1612  48.9520 0001182  94.7851 265.3287 15.34409739238152
STARLINK-3897
1 52537U 22051E   26244.69891420 -.00000316  00000+0  18403-5 0  9990
2 52537  53.1611  49.9846 0001056  93.1929 266.9195 15.35385492238136
STARLINK-3933
1 52538U 22051F   26244.84960194 -.00001778  00000+0 -41514-4 0  9995
2 52538  53.1610  44.6590 0001113  78.7905 281.3223 15.34394228238220
STARLINK-3757
1 52539U 22051G   26245.18983679  .00001369  00000+0  52947-4 0  9993
2 52539  53.1613  47.4058 0001131  89.2532 270.8600 15.33545519238218
STARLINK-3940
1 52540U 22051H   26245.66668981 -.00022720  00000+0 -66325-3 0  9994
2 52540  53.1609  45.4291 0001132  76.2906 348.6690 15.34403295  5898
STARLINK-3845
1 52541U 22051J   26244.69526320  .00001790  00000+0  62213-4 0  9992
2 52541  53.1609  54.0946 0001117  86.6719 273.4412 15.35403809238079
STARLINK-3937
1 52542U 22051K   26244.72145424  .00000892  00000+0  37543-4 0  9999
2 52542  53.1616  45.4394 0001047  75.2271 284.8847 15.34389580238209
STARLINK-3926
1 52543U 22051L   26244.88172636 -.00001123  00000+0 -22116-4 0  9992
2 52543  53.1614  49.1124 0000830  72.3749 287.7344 15.34395443238161
STARLINK-3944
1 52544U 22051M   26244.92807840  .00001476  00000+0  59339-4 0  9996
2 52544  53.1612  60.5082 0001658  83.3045 276.8145 15.31700724238000
STARLINK-3948
1 52546U 22051P   26245.17952051  .00000537  00000+0  27038-4 0  9999
2 52546  53.1620  43.3922 0001200  78.1757 281.9380 15.34388527238271
STARLINK-3931
1 52548U 22051R   26244.87510593  .00001158  00000+0  46537-4 0  9993
2 52548  53.1614  48.7269 0001058  81.4771 278.6351 15.33552084238173
STARLINK-3935
1 52549U 22051S   26245.18079157  .00001129  00000+0  43281-4 0  9996
2 52549  53.1614  47.5835 0001356  85.1761 274.9397 15.35384225238217
STARLINK-3965
1 52550U 22051T   26244.85642539 -.00001355  00000+0 -29003-4 0  9990
2 52550  53.1613  48.5264 0000834  97.9186 262.1912 15.34392157238176
STARLINK-3969
1 52551U 22051U   26245.15820398 -.00000487  00000+0 -34782-5 0  9992
2 52551  53.1609  47.4870 0000995  91.7292 268.3824 15.33535730238211
STARLINK-3966
1 52552U 22051V   26244.72002924  .00000396  00000+0  24506-4 0  9991
2 52552  53.1613  49.2211 0000665  86.7109 273.3969 15.31692094238155
STARLINK-3770
1 52554U 22051X   26245.48732731  .00001062  00000+0  45968-4 0  9999
2 52554  53.1627  57.6330 0001243  90.2814 269.8330 15.31703403238095
STARLINK-3943
1 52557U 22051AA  26245.16750066  .00003107  00000+0  10309-3 0  9990
2 52557  53.1613  47.7747 0000572  62.2319 297.8742 15.34384467238218
STARLINK-3953
1 52559U 22051AC  26244.70724386  .00000885  00000+0  36264-4 0  9996
2 52559  53.1615  45.5469 0001226  82.2745 277.8397 15.35398469238190
STARLINK-3956
1 52560U 22051AD  26245.66668981 -.00019120  00000+0 -53820-3 0  9992
2 52560  53.1603  41.5341 0001220  29.2348 338.8583 15.35422229  5816
STARLINK-3955
1 52561U 22051AE  26244.86819428  .00000770  00000+0  32971-4 0  9992
2 52561  53.1612  52.5705 0001201  83.9709 276.1430 15.35399359238113
STARLINK-3957
1 52562U 22051AF  26244.69197172  .00002792  00000+0  93768-4 0  9996
2 52562  53.1609  35.6766 0001346  86.3323 273.7834 15.34384988238334
STARLINK-3942
1 52563U 22051AG  26244.78648945  .00002688  00000+0  87975-4 0  9993
2 52563  53.1607  53.4402 0001281  90.6251 269.4899 15.35390840238095
STARLINK-3959
1 52564U 22051AH  26245.52037094  .00002739  00000+0  11657-3 0  9994
2 52564  53.1589  57.9872 0001022  86.7515 273.3601 15.26493592238090
STARLINK-3911
1 52565U 22051AJ  26244.71674716  .00005195  00000+0  16918-3 0  9997
2 52565  53.1623  45.6194 0001496  50.2900 309.8234 15.33546808238195
STARLINK-3938
1 52566U 22051AK  26244.87017444  .00002292  00000+0  76608-4 0  9992
2 52566  53.1607  53.5639 0001331  72.4782 287.6367 15.35391915238102
STARLINK-3929
1 52567U 22051AL  26244.68777165  .00000423  00000+0  23661-4 0  9990
2 52567  53.1619  35.6951 0001433  91.5988 268.5178 15.34385347238331
STARLINK-3930
1 52568U 22051AM  26244.82015255  .00003983  00000+0  12896-3 0  9993
2 52568  53.1609  35.2108 0000929  76.3394 283.7712 15.34398427238350
STARLINK-3927
1 52569U 22051AN  26244.81967014  .00001161  00000+0  49190-4 0  9996
2 52569  53.1608  37.2493 0001061  85.4780 274.6343 15.31695513238326
STARLINK-3901
1 52574U 22051AQ  26245.66668981  .01173087  00000+0  12940-1 0  9995
2 52574  53.1587  29.2980 0001335  84.0578 161.3691 15.59749069  5881
STARLINK-3932
1 52576U 22051AS  26245.00002315  .00008460  00000+0  25310-3 0  9996
2 52576  53.1609  44.0076 0001004  81.2955   7.9186 15.35406178  5812
STARLINK-3836
1 52577U 22051AT  26244.70574844 -.00003938  00000+0 -10567-3 0  9999
2 52577  53.1599  51.2229 0001760  43.7307 316.3835 15.34341753238120
STARLINK-3833
1 52578U 22051AU  26245.15542370  .00000194  00000+0  16864-4 0  9995
2 52578  53.1617  49.7200 0001037  86.5132 273.5989 15.34393913238186
STARLINK-3893
1 52579U 22051AV  26245.87813366  .00577412  16718-3  88345-3 0  9992
2 52579  53.2162  22.6899 0002082  89.6493 270.4779 16.03831009238624
STARLINK-3919
1 52580U 22051AW  26245.51064440  .00000968  00000+0  42938-4 0  9995
2 52580  53.1621  57.5798 0000870  90.1671 269.9430 15.31701428238109
STARLINK-3915
1 52581U 22051AX  26245.17945791  .00002107  00000+0  71291-4 0  9996
2 52581  53.1630  43.2147 0000992  84.5977 275.5139 15.35404834238273
STARLINK-3895
1 52583U 22051AZ  26244.70306951  .00000406  00000+0  22534-4 0  9991
2 52583  53.1630  44.5664 0000734  84.8301 275.2786 15.35404939238216
STARLINK-3922
1 52584U 22051BA  26244.72744329  .00001567  00000+0  55814-4 0  9995
2 52584  53.1626  45.3335 0001071  84.3657 275.7469 15.35402090238208
STARLINK-3906
1 52585U 22051BB  26244.85807100  .00000491  00000+0  48929-4 0  9991
2 52585  53.1613  47.6774 0001383  98.6924 261.4224 15.08835862238183
STARLINK-3910
1 52586U 22051BC  26244.80645923  .00001136  00000+0  43466-4 0  9998
2 52586  53.1630  45.2291 0000923  93.0430 267.0679 15.35402165238217
STARLINK-3867
1 52587U 22051BD  26245.13188663  .00000210  00000+0  18517-4 0  9990
2 52587  53.1603  35.3689 0001024  93.0141 267.0978 15.31699491238387
STARLINK-3917
1 52588U 22051BE  26245.66668981  .00035614  00000+0  10324-2 0  9997
2 52588  53.1602  41.5898 0001330  75.8170 225.0688 15.35237246  5764
STARLINK-4019
1 52598U 22052A   26245.14300116  .00000662  00000+0  29904-4 0  9996
2 52598  53.1591 202.1710 0001263  90.9579 269.1568 15.35392592238351
STARLINK-4024
1 52599U 22052B   26245.09615870  .00001305  00000+0  53823-4 0  9999
2 52599  53.1590 195.0271 0001293  99.3333 260.7815 15.31700271238453
STARLINK-4026
1 52600U 22052C   26245.57254794  .00000084  00000+0  14477-4 0  9994
2 52600  53.1594 195.2507 0001304  86.4684 273.6466 15.31700046238492
STARLINK-4027
1 52601U 22052D   26245.19153873  .00002183  00000+0  73468-4 0  9996
2 52601  53.1618 201.2615 0001228  96.2048 263.9096 15.35395962238375
STARLINK-4012
1 52602U 22052E   26245.18915983  .00002554  00000+0  84108-4 0  9999
2 52602  53.1610 201.2877 0001528  82.6396 277.4781 15.35393815238372
STARLINK-4016
1 52603U 22052F   26245.54850457  .00001160  00000+0  49130-4 0  9992
2 52603  53.1592 192.4138 0001208  81.6462 278.4676 15.31707432238533
STARLINK-4013
1 52604U 22052G   26245.10489983  .00000710  00000+0  31269-4 0  9991
2 52604  53.1623 201.5510 0001192  90.0996 270.0143 15.35398247237566
STARLINK-4000
1 52605U 22052H   26245.57091607  .00000863  00000+0  36676-4 0  9991
2 52605  53.1605 199.2055 0001163  93.3490 266.7645 15.34391055237633
STARLINK-3928
1 52606U 22052J   26245.60248957  .00000855  00000+0  57482-4 0  9997
2 52606  53.1602 201.8287 0001394  86.4417 273.6738 15.17581833237609
STARLINK-3947
1 52607U 22052K   26245.16854116  .00001354  00000+0  55384-4 0  9993
2 52607  53.1593 203.1509 0001243  95.0756 265.0388 15.31703690237537
STARLINK-3979
1 52608U 22052L   26245.15052048  .00000293  00000+0  19295-4 0  9999
2 52608  53.1616 201.9473 0001166  91.2141 268.8996 15.35396830237567
STARLINK-3997
1 52609U 22052M   26245.20110756 -.00003531  00000+0 -93371-4 0  9994
2 52609  53.1613 200.9201 0001739 130.5122 229.6033 15.34406636237589
STARLINK-3998
1 52610U 22052N   26245.14198581  .00000501  00000+0  25263-4 0  9998
2 52610  53.1583 202.2425 0001234  81.2159 278.8984 15.35394914237545
STARLINK-3980
1 52611U 22052P   26245.61386955 -.00000018  00000+0  10391-4 0  9995
2 52611  53.1593 200.2889 0001163  88.5143 271.5994 15.35399062237622
STARLINK-4002
1 52612U 22052Q   26245.20321494 -.00000114  00000+0  77583-5 0  9992
2 52612  53.1611 200.9108 0001240  81.1384 278.9759 15.34381992237584
STARLINK-3982
1 52614U 22052S   26244.90437550  .00088035  00000+0  11389-2 0  9997
2 52614  53.2055 103.4933 0003559 136.5438 223.5856 15.58201787238935
STARLINK-4011
1 52615U 22052T   26245.18171831  .00001021  00000+0  40171-4 0  9999
2 52615  53.1586 201.9014 0001262 112.6986 247.4150 15.35399839237550
STARLINK-3996
1 52617U 22052V   26245.14235693  .00000438  00000+0  45637-4 0  9997
2 52617  53.1595 196.4416 0001337  74.9647 285.1493 15.08833813237625
STARLINK-3983
1 52618U 22052W   26245.12300625  .00001771  00000+0  61667-4 0  9996
2 52618  53.1587 188.5766 0001335  87.7290 272.3866 15.35406059237733
STARLINK-3741
1 52619U 22052X   26245.55958296  .00001099  00000+0  42412-4 0  9997
2 52619  53.1601 183.5824 0001323  79.9692 280.1461 15.35399572237848
STARLINK-3975
1 52620U 22052Y   26245.15159673  .00001456  00000+0  55596-4 0  9991
2 52620  53.1587 201.7583 0001312  83.3620 276.7531 15.33548918237551
STARLINK-3984
1 52621U 22052Z   26245.12249351  .00000773  00000+0  33056-4 0  9990
2 52621  53.1607 188.7340 0001206  98.2262 261.8878 15.35401476237737
STARLINK-4008
1 52622U 22052AA  26245.16506822  .00002484  00000+0  82122-4 0  9993
2 52622  53.1587 202.2286 0000921  92.6698 267.4411 15.35385724237552
STARLINK-3986
1 52623U 22052AB  26245.13788276  .00000547  00000+0  26589-4 0  9999
2 52623  53.1592 188.1580 0001131  87.7376 272.3757 15.35405770237743
STARLINK-3988
1 52625U 22052AD  26245.13052924  .00001096  00000+0  42318-4 0  9993
2 52625  53.1592 188.1483 0001021  91.4953 268.6167 15.35399871237745
STARLINK-3990
1 52626U 22052AE  26245.13866186  .00001750  00000+0  61072-4 0  9992
2 52626  53.1587 187.3794 0001471  83.7562 276.3609 15.35401676237750
STARLINK-3992
1 52627U 22052AF  26245.16868316  .00000757  00000+0  32607-4 0  9991
2 52627  53.1596 188.4997 0001221  79.1246 280.9895 15.35396363237753
STARLINK-4001
1 52628U 22052AG  26245.14960321  .00000629  00000+0  28942-4 0  9994
2 52628  53.1591 202.1722 0001364  85.2038 274.9121 15.35395833237558
STARLINK-4022
1 52629U 22052AH  26245.10555848  .00000145  00000+0  27231-4 0  9998
2 52629  53.1601 196.5699 0001400  75.1042 285.0105 15.08825447237626
STARLINK-3989
1 52630U 22052AJ  26245.12216166  .00000344  00000+0  22835-4 0  9995
2 52630  53.1588 185.3399 0001181  86.2087 273.9049 15.31702825237783
STARLINK-3794
1 52631U 22052AK  26245.09916833 -.00000227  00000+0  44130-5 0  9994
2 52631  53.1611 186.0449 0001322 108.6478 251.4669 15.34385043237786
STARLINK-3995
1 52632U 22052AL  26245.18283803  .00000362  00000+0  40856-4 0  9998
2 52632  53.1592 196.2594 0001471  78.8005 281.3152 15.08831821237643
STARLINK-3994
1 52633U 22052AM  26245.16076021  .00000156  00000+0  27880-4 0  9992
2 52633  53.1597 196.3559 0001482  82.3783 277.7377 15.08827781237644
STARLINK-3974
1 52634U 22052AN  26245.61918271  .00001104  00000+0  42572-4 0  9994
2 52634  53.1593 186.4056 0001251 103.9837 256.1305 15.35395593237819
STARLINK-3978
1 52635U 22052AP  26245.13397379  .00004821  00000+0  16692-3 0  9994
2 52635  53.1594 176.5712 0001309  69.7720 290.3422 15.31721261237916
STARLINK-3967
1 52636U 22052AQ  26245.13114694  .00004931  00000+0  15228-3 0  9998
2 52636  53.1591 189.0927 0001243  71.4684 288.6454 15.35378852237730
STARLINK-3961
1 52637U 22052AR  26245.12464109  .00000138  00000+0  16223-4 0  9999
2 52637  53.1597 176.5544 0001168  83.4912 276.6222 15.31697204238716
STARLINK-3941
1 52638U 22052AS  26245.10119539  .00000259  00000+0  18828-4 0  9999
2 52638  53.1608 185.4377 0001510  98.7862 261.3311 15.34383720238591
STARLINK-3968
1 52639U 22052AT  26245.11434846  .00000074  00000+0  13329-4 0  9998
2 52639  53.1594 178.0026 0001045  98.2691 261.8431 15.34394924238690
STARLINK-3977
1 52640U 22052AU  26245.08132613  .00000574  00000+0  27354-4 0  9991
2 52640  53.1589 178.3394 0001307  88.3617 271.7536 15.35399523237872
STARLINK-3991
1 52641U 22052AV  26245.10132154  .00000284  00000+0  20904-4 0  9997
2 52641  53.1596 176.5663 0001239  90.6329 269.4815 15.31700768237912
STARLINK-3971
1 52642U 22052AW  26245.10350890  .00000270  00000+0  18658-4 0  9995
2 52642  53.1595 177.8584 0001164  87.3342 272.7794 15.35400298237881
STARLINK-3963
1 52643U 22052AX  26245.09666959  .00000245  00000+0  19645-4 0  9999
2 52643  53.1599 176.6561 0001247  85.1794 274.9350 15.31703208237905
STARLINK-3985
1 52644U 22052AY  26245.09332701 -.00002990  00000+0 -74873-4 0  9990
2 52644  53.1589 178.5417 0001260  79.8571 280.2574 15.35391795237876
STARLINK-3973
1 52645U 22052AZ  26245.07800214  .00000754  00000+0  36060-4 0  9998
2 52645  53.1597 176.5704 0001262  80.8947 279.2197 15.31698207237901
STARLINK-3832
1 52646U 22052BA  26245.13630482  .00000045  00000+0  12712-4 0  9995
2 52646  53.1597 177.5164 0001273  93.4932 266.6216 15.33542833237906
STARLINK-3854
1 52648U 22052BC  26245.08212766  .00000138  00000+0  15519-4 0  9993
2 52648  53.1602 177.9248 0001302  99.2061 260.9088 15.33544817237887
STARLINK-3868
1 52649U 22052BD  26245.07334453  .00000469  00000+0  26893-4 0  9995
2 52649  53.1588 176.5995 0001211  93.0585 267.0555 15.31696056237919
STARLINK-3891
1 52650U 22052BE  26245.49290992  .00000833  00000+0  34784-4 0  9995
2 52650  53.1606 167.6429 0001235  94.9890 265.1255 15.35397556238071
STARLINK-4004
1 52656U 22053A   26245.51034614  .00000395  00000+0  22225-4 0  9992
2 52656  53.1616  71.6386 0001176  76.1333 283.9801 15.35395739237921
STARLINK-4084
1 52657U 22053B   26244.80049442 -.00000119  00000+0  79198-5 0  9996
2 52657  53.1597  72.8423 0001045  88.4837 271.6284 15.31703997238144
STARLINK-4082
1 52658U 22053C   26245.55589632 -.00000519  00000+0 -14501-4 0  9991
2 52658  53.1607  79.5815 0001296  86.5038 273.6102 15.08831349237930
STARLINK-3960
1 52659U 22053D   26245.52023871  .00000491  00000+0  26268-4 0  9997
2 52659  53.1597  71.6497 0001101  81.1170 278.9957 15.33551061238037
STARLINK-4081
1 52660U 22053E   26244.92167411  .00002123  00000+0  80188-4 0  9996
2 52660  53.1602  72.2980 0001558  83.9893 276.1286 15.31686544237866
STARLINK-4044
1 52662U 22053G   26245.66668981  .00007202  00000+0  33062-3 0  9999
2 52662  53.1605  78.7286 0002180  89.5086  75.9269 15.21448153  5803
STARLINK-4037
1 52663U 22053H   26245.66668981  .00008859  00000+0  41283-3 0  9993
2 52663  53.1611  78.6891 0002147  96.3955 111.4299 15.20640824  5803
STARLINK-4070
1 52664U 22053J   26245.54119568  .00000788  00000+0  67639-4 0  9990
2 52664  53.1601  79.6464 0001342  89.3192 270.7953 15.08822265237744
STARLINK-4064
1 52665U 22053K   26244.92663430  .00000967  00000+0  78858-4 0  9998
2 52665  53.1601  82.4105 0001195  96.5969 263.5159 15.08813768237653
STARLINK-4079
1 52666U 22053L   26244.96338556 -.00001287  00000+0 -62797-4 0  9994
2 52666  53.1610  81.8602 0001295  86.9196 273.1944 15.08827187237665
STARLINK-4076
1 52667U 22053M   26245.51909965  .00000311  00000+0  37667-4 0  9998
2 52667  53.1596  79.7495 0001180 105.4269 254.6853 15.08831051237743
STARLINK-4067
1 52668U 22053N   26244.96362744 -.00000415  00000+0 -16041-5 0  9996
2 52668  53.1609  72.0899 0001272  93.8147 266.3000 15.31697825237806
STARLINK-3972
1 52669U 22053P   26244.75053832  .00004350  00000+0  13977-3 0  9992
2 52669  53.1612  75.1897 0000943  89.0561 271.0550 15.34408686237737
STARLINK-4075
1 52670U 22053Q   26244.93399159  .00001251  00000+0  96722-4 0  9996
2 52670  53.1592  82.4430 0001526  96.6204 263.4961 15.08824850237654
STARLINK-4071
1 52671U 22053R   26245.57061820  .00000374  00000+0  41625-4 0  9996
2 52671  53.1602  79.5144 0001435 100.3767 259.7387 15.08834566237747
STARLINK-4073
1 52672U 22053S   26245.58165990  .00000340  00000+0  39477-4 0  9996
2 52672  53.1598  79.4674 0001387  99.4851 260.6297 15.08828836237741
STARLINK-3976
1 52673U 22053T   26245.52454334  .00000524  00000+0  25931-4 0  9998
2 52673  53.1613  72.3115 0001487  95.4727 264.6445 15.35399217237847
STARLINK-3936
1 52674U 22053U   26245.16680138 -.00001062  00000+0 -27115-4 0  9998
2 52674  53.1770  49.9824 0001058 108.7284 251.3831 15.26500418238142
STARLINK-3934
1 52675U 22053V   26244.92488319  .00004267  00000+0  14924-3 0  9990
2 52675  53.1596  66.4029 0001079  83.5237 276.5887 15.31689575237867
STARLINK-4006
1 52676U 22053W   26244.81592119  .00001575  00000+0  56026-4 0  9992
2 52676  53.1612  75.6663 0001065  91.3864 268.7261 15.35406159237735
STARLINK-4074
1 52678U 22053Y   26245.52216953  .00000620  00000+0  31733-4 0  9990
2 52678  53.1612  66.5188 0000928 102.5547 257.5558 15.31711016237910
STARLINK-4031
1 52679U 22053Z   26245.66668981  .00008196  00000+0  47283-3 0  9990
2 52679  53.1614  69.0407 0001398  21.6451 316.5281 15.13180136  5805
STARLINK-3774
1 52680U 22053AA  26245.66668981  .00008220  00000+0  47753-3 0  9992
2 52680  53.1611  68.8115 0000821  71.2078 305.9305 15.12926063  5796
STARLINK-4068
1 52681U 22053AB  26245.49886909  .00000850  00000+0  39159-4 0  9999
2 52681  53.1614  66.6242 0001126  82.9212 277.1917 15.31699370237879
STARLINK-4017
1 52682U 22053AC  26245.54936240  .00013006  00000+0  83166-3 0  9993
2 52682  53.1599  69.6086 0001823  84.1251 275.9948 15.08930812237853
STARLINK-4014
1 52684U 22053AE  26245.61090518  .00103882  00000+0  62945-2 0  9995
2 52684  53.1601  69.3216 0000993  71.2244 288.8855 15.09730789237848
STARLINK-4029
1 52685U 22053AF  26245.66668981  .00003030  00000+0  17473-3 0  9997
2 52685  53.1606  68.9770 0000566  16.1581  95.8081 15.15362736  5763
STARLINK-4005
1 52686U 22053AG  26245.66668981  .00009038  00000+0  47654-3 0  9996
2 52686  53.1606  69.2284 0001647 113.3742 169.6397 15.16281644  5756
STARLINK-3981
1 52687U 22053AH  26243.79745294  .00036685  00000+0  22924-2 0  9992
2 52687  53.1602  77.4819 0002857  57.8423 302.2846 15.09134348237559
STARLINK-4032
1 52688U 22053AJ  26245.66668981  .00003657  00000+0  22207-3 0  9996
2 52688  53.1604  68.9349 0000817   5.1564 108.2125 15.12898118  5767
STARLINK-4035
1 52690U 22053AL  26245.53520214  .00001081  00000+0  53912-4 0  9998
2 52690  53.1591  66.9649 0001091  98.5575 261.5548 15.26501655237850
STARLINK-3993
1 52692U 22053AN  26244.96062975 -.00000426  00000+0 -86901-5 0  9990
2 52692  53.1607  71.9871 0001223  84.8137 275.2995 15.08829417237769
STARLINK-3946
1 52693U 22053AP  26245.66668981  .00010213  00000+0  55512-3 0  9993
2 52693  53.1599  68.9825 0000683 132.9231 119.7427 15.15057676  5756
STARLINK-4072
1 52694U 22053AQ  26244.77819701  .00000026  00000+0  11661-4 0  9992
2 52694  53.1613  62.5060 0001099  91.2098 268.9031 15.35409857237888
STARLINK-4041
1 52695U 22053AR  26245.55081317  .00000216  00000+0  31667-4 0  9993
2 52695  53.1597  74.4011 0001399  89.3751 270.7401 15.08830300237798
STARLINK-4018
1 52697U 22053AT  26245.00002315  .00050723  00000+0  14561-2 0  9996
2 52697  53.1605  74.5156 0000542  99.6537 243.8099 15.35380929  5813
STARLINK-4030
1 52698U 22053AU  26245.66668981 -.00024477  00000+0 -69287-3 0  9991
2 52698  53.1743  70.9839 0001129  98.7553 124.8315 15.35409109  5726
STARLINK-3987
1 52699U 22053AV  26244.85439721  .00001683  00000+0  59125-4 0  9993
2 52699  53.1607  56.7226 0000847  99.5390 260.5708 15.35412505237996
STARLINK-4034
1 52700U 22053AW  26245.66668981  .00050582  00000+0  15836-2 0  9999
2 52700  53.1606  71.0808 0001518  98.5656 117.6286 15.32639533  5719
STARLINK-4033
1 52702U 22053AY  26245.66668981 -.00017198  00000+0 -48309-3 0  9991
2 52702  53.1602  71.1837 0000942  97.8062 102.5145 15.35410132  5760
STARLINK-4020
1 52703U 22053AZ  26245.48822772  .00000617  00000+0  28593-4 0  9992
2 52703  53.1618  50.2856 0000947  85.8701 274.2411 15.35401887236866
STARLINK-3999
1 52704U 22053BA  26244.74425827  .00001254  00000+0  46850-4 0  9995
2 52704  53.1609  54.7016 0001158  80.7890 279.3245 15.35394835238016
STARLINK-3844
1 52705U 22053BB  26244.87258506  .00001189  00000+0  44986-4 0  9993
2 52705  53.1608  52.7913 0001036  80.1464 279.9656 15.35398994238052
STARLINK-3970
1 52706U 22053BC  26245.48995066 -.00000484  00000+0 -29791-5 0  9998
2 52706  53.1609  50.2033 0001090 100.5970 259.5156 15.35401884238141
STARLINK-4007
1 52707U 22053BD  26244.93572774  .00015682  00000+0  89523-3 0  9996
2 52707  53.2147  60.8277 0001563  82.6179 277.4992 15.12909832238017
STARLINK-3962
1 52708U 22053BE  26244.85946411 -.00000032  00000+0  10009-4 0  9999
2 52708  53.1604  53.1326 0001406  98.5117 261.6045 15.35389026238251
STARLINK-4091
1 52830U 22062A   26245.47549356  .00001169  00000+0  49416-4 0  9996
2 52830  53.1607 312.7512 0001153  86.4035 273.7098 15.31697562232579
STARLINK-4089
1 52831U 22062B   26244.44547419  .00000664  00000+0  33143-4 0  9990
2 52831  53.1604 317.5813 0000994  76.4833 283.6280 15.31697670232417
STARLINK-4083
1 52832U 22062C   26244.56664004  .00000269  00000+0  20423-4 0  9992
2 52832  53.1609 316.9561 0001200  89.4692 270.6447 15.31703045232431
STARLINK-4086
1 52833U 22062D   26245.48017136  .00020404  00000+0  81845-3 0  9990
2 52833  53.1520 314.8458 0001620   2.1088 357.9917 15.24994672232546
STARLINK-4108
1 52834U 22062E   26245.34033130 -.00000395  00000+0 -95935-6 0  9995
2 52834  53.1608 313.3721 0001169  83.1628 276.9506 15.31697679232558
STARLINK-4080
1 52835U 22062F   26245.33566645  .00000738  00000+0  35527-4 0  9995
2 52835  53.1607 313.3831 0001139  83.2799 276.8332 15.31700655232552
STARLINK-4043
1 52836U 22062G   26245.57526279 -.00000385  00000+0 -14886-5 0  9997
2 52836  53.1576 292.1174 0001374  74.3244 285.7907 15.26511262232880
STARLINK-4036
1 52837U 22062H   26245.66668981  .00042900  00000+0  12746-2 0  9992
2 52837  53.1575 311.4219 0001203  79.8106 218.2015 15.34374819  5831
STARLINK-4092
1 52838U 22062J   26245.46149500  .00001546  00000+0  61557-4 0  9999
2 52838  53.1611 312.8164 0001223  86.0505 274.0636 15.31712232232576
STARLINK-4048
1 52839U 22062K   26245.44752677 -.00000164  00000+0  64867-5 0  9997
2 52839  53.1604 312.8573 0001162  79.9332 280.1800 15.31696089232576
STARLINK-4049
1 52840U 22062L   26245.66668981  .00035398  00000+0  12073-2 0  9992
2 52840  53.1592 286.4247 0000301  94.1952 231.1373 15.30047335  5751
STARLINK-4065
1 52841U 22062M   26245.54144271 -.00066096  00000+0 -19390-2 0  9991
2 52841  53.1611 311.4310 0000935  80.7399 279.3710 15.34773445232600
STARLINK-4046
1 52842U 22062N   26244.49977150 -.00001563  00000+0 -33928-4 0  9998
2 52842  53.1598 316.7790 0001005 105.5336 254.5778 15.35384433232437
STARLINK-4188
1 52843U 22062P   26245.56871815 -.00000568  00000+0 -65382-5 0  9993
2 52843  53.1609 312.3863 0001010  85.0007 275.1109 15.31698531232594
STARLINK-4208
1 52844U 22062Q   26244.60289394  .00005287  00000+0  17191-3 0  9997
2 52844  53.1597 315.4584 0001056  93.1847 266.9276 15.33559489232466
STARLINK-4168
1 52845U 22062R   26244.58063582  .00000973  00000+0  43135-4 0  9999
2 52845  53.1605 316.9138 0001367  70.7277 289.3872 15.31692990232443
STARLINK-4212
1 52846U 22062S   26244.93487605  .00000342  00000+0  22795-4 0  9994
2 52846  53.1605 315.4980 0001213  78.2631 281.8506 15.31696628232498
STARLINK-4206
1 52847U 22062T   26244.47770119  .00000202  00000+0  16700-4 0  9993
2 52847  53.1623 318.4341 0001090  78.6504 281.4622 15.35396782232418
STARLINK-4202
1 52848U 22062U   26245.46239332  .00000761  00000+0  32710-4 0  9990
2 52848  53.1624 314.4219 0001179  88.6220 271.4918 15.35401085232559
STARLINK-4197
1 52849U 22062V   26245.57211638  .00001618  00000+0  57266-4 0  9997
2 52849  53.1590 301.8499 0000984  71.5735 288.5375 15.35405986232737
STARLINK-4187
1 52850U 22062W   26245.56406252  .00001234  00000+0  51548-4 0  9997
2 52850  53.1602 312.3948 0001264  69.0116 291.1020 15.31690573232591
STARLINK-3809
1 52851U 22062X   26245.42090314  .00000787  00000+0  34439-4 0  9993
2 52851  53.1595 298.1529 0001096  78.1130 281.9995 15.34392360232773
STARLINK-4184
1 52852U 22062Y   26244.60194174  .00001571  00000+0  57616-4 0  9996
2 52852  53.1605 305.7138 0000997  87.8683 272.2433 15.34395869232593
STARLINK-4204
1 52854U 22062AA  26245.44821446 -.00000072  00000+0  88476-5 0  9995
2 52854  53.1575 301.8699 0001479 100.8740 259.2429 15.35397863232728
STARLINK-4209
1 52855U 22062AB  26245.47253512  .00000026  00000+0  12604-4 0  9999
2 52855  53.1597 300.7409 0001086  87.5639 272.5487 15.31697824232742
STARLINK-4201
1 52856U 22062AC  26245.53915314  .00000973  00000+0  40923-4 0  9998
2 52856  53.1600 301.8027 0001117  88.1957 271.9173 15.33542982232731
STARLINK-4199
1 52857U 22062AD  26245.54972059  .00070599  00000+0  20936-2 0  9990
2 52857  53.1593 301.9847 0001216  67.5662 292.5470 15.34209941232733
STARLINK-4198
1 52858U 22062AE  26245.53243422  .00000600  00000+0  29570-4 0  9996
2 52858  53.1608 301.7905 0001251  86.5995 273.5151 15.33544750232737
STARLINK-4196
1 52859U 22062AF  26245.30990455  .00000853  00000+0  37277-4 0  9990
2 52859  53.1602 302.6648 0001156  87.1637 272.9498 15.33549420232703
STARLINK-4191
1 52860U 22062AG  26245.30985910  .00001770  00000+0  61639-4 0  9990
2 52860  53.1604 302.5842 0001119  81.9773 278.1357 15.35400191232709
STARLINK-4112
1 52861U 22062AH  26245.29468986  .00000181  00000+0  17582-4 0  9991
2 52861  53.1599 298.5659 0001233  80.7648 279.3493 15.31702424232768
STARLINK-4010
1 52862U 22062AJ  26245.32426958  .00002025  00000+0  71100-4 0  9994
2 52862  53.1622 298.5755 0001569  64.1415 295.9750 15.34380492232763
STARLINK-4270
1 52863U 22062AK  26245.53297438  .00000394  00000+0  23305-4 0  9998
2 52863  53.1597 301.3521 0001320  68.2179 291.8963 15.33546667232742
STARLINK-4267
1 52864U 22062AL  26245.54275164  .00000201  00000+0  16658-4 0  9992
2 52864  53.1598 301.3541 0001163  84.2889 275.8247 15.35396345232742
STARLINK-4274
1 52865U 22062AM  26245.53211224  .00000497  00000+0  25160-4 0  9994
2 52865  53.1601 301.4454 0001164 112.8164 247.2962 15.35397450232742
STARLINK-4272
1 52866U 22062AN  26245.32151299  .00000300  00000+0  20450-4 0  9997
2 52866  53.1596 302.8940 0001065  82.7746 277.3377 15.33551543232705
STARLINK-4126
1 52867U 22062AP  26245.29693215  .00000153  00000+0  15670-4 0  9997
2 52867  53.1598 298.6855 0001134  81.4580 278.6551 15.34389534232768
STARLINK-4261
1 52868U 22062AQ  26244.57466695  .00000248  00000+0  18009-4 0  9992
2 52868  53.1601 306.8277 0001084  85.3201 274.7926 15.35395526232583
STARLINK-4266
1 52869U 22062AR  26245.39613262  .00000568  00000+0  27948-4 0  9995
2 52869  53.1599 290.0587 0001129  84.8687 275.2445 15.34388425232884
STARLINK-4207
1 52871U 22062AT  26245.29688477  .00000749  00000+0  33305-4 0  9992
2 52871  53.1591 288.8693 0000816  71.6104 288.4987 15.34384800232893
STARLINK-4213
1 52872U 22062AU  26245.27855478 -.00000252  00000+0  36281-5 0  9995
2 52872  53.1589 290.0961 0000964  76.0293 284.0816 15.31703453232873
STARLINK-4211
1 52873U 22062AV  26245.51745513  .00000784  00000+0  34358-4 0  9992
2 52873  53.1589 287.4845 0001099  83.0307 277.0821 15.34387671232937
STARLINK-4193
1 52875U 22062AX  26245.44811682  .00001115  00000+0  44129-4 0  9993
2 52875  53.1578 287.8047 0001231  79.0327 281.0814 15.34390536232920
STARLINK-4200
1 52876U 22062AY  26245.55813109  .00001464  00000+0  58948-4 0  9993
2 52876  53.1587 288.4101 0002511  42.2913 317.8282 15.31712359232929
STARLINK-4214
1 52877U 22062AZ  26245.52436907 -.00000263  00000+0  33354-5 0  9990
2 52877  53.1603 289.9514 0001167  86.8564 273.2572 15.34385434232903
STARLINK-4171
1 52878U 22062BA  26245.50694712  .00000403  00000+0  23056-4 0  9991
2 52878  53.1583 287.5023 0001207  82.3376 277.7764 15.34388964232933
STARLINK-4139
1 52879U 22062BB  26245.41660541  .00000562  00000+0  27782-4 0  9991
2 52879  53.1593 288.0019 0001319  89.3060 270.8094 15.34390462232922
STARLINK-4186
1 52880U 22062BC  26245.29264488  .00000209  00000+0  17329-4 0  9993
2 52880  53.1597 288.6088 0001095  84.3615 275.7512 15.34385910232901
STARLINK-4181
1 52882U 22062BE  26245.54692277  .00003816  00000+0  15575-3 0  9991
2 52882  53.1562 295.1645 0001132  57.7382 302.3727 15.26828122232839
STARLINK-4260
1 52986U 22076A   26244.75046557 -.00002994  00000+0 -79788-4 0  9992
2 52986  53.1607  11.7020 0000992  94.9976 265.1140 15.33536882229588
STARLINK-4259
1 52987U 22076B   26244.70946167 -.00000788  00000+0 -13610-4 0  9995
2 52987  53.1619  25.2487 0001524  58.4941 301.6209 15.31703861229390
STARLINK-4291
1 52988U 22076C   26245.63655101 -.00000146  00000+0  68970-5 0  9991
2 52988  53.1611   7.3199 0000978  84.5277 275.5837 15.33548054229724
STARLINK-4293
1 52989U 22076D   26245.66668981  .00412237  00000+0  14829-2 0  9993
2 52989  53.2158 349.6052 0001625  61.0345  98.8003 15.87121769  5821
STARLINK-4286
1 52990U 22076E   26244.64693897  .00000058  00000+0  13099-4 0  9990
2 52990  53.1608  22.1359 0000709  84.8883 275.2200 15.33544049229433
STARLINK-4285
1 52991U 22076F   26244.58082038 -.00000115  00000+0  78346-5 0  9995
2 52991  53.1612  22.4716 0001083  85.8077 274.3050 15.33546524229423
STARLINK-4269
1 52992U 22076G   26245.66668981 -.00007641  00000+0 -23465-3 0  9995
2 52992  53.1592  20.7970 0001239  87.5047 231.0230 15.31708122  5876
STARLINK-4256
1 52994U 22076J   26245.06733378  .00001449  00000+0  54034-4 0  9999
2 52994  53.1609   9.5365 0000995  79.1034 281.0081 15.34387312229640
STARLINK-4296
1 52995U 22076K   26244.62617293 -.00002080  00000+0 -48713-4 0  9999
2 52995  53.1614  11.8344 0001194 111.5241 248.5890 15.35411401229579
STARLINK-4295
1 52996U 22076L   26245.66668981  .00002742  00000+0  92291-4 0  9998
2 52996  53.1587   7.4311 0001152  58.1315  37.2843 15.34388290  5735
STARLINK-4254
1 52998U 22076N   26244.66811824  .00001193  00000+0  46471-4 0  9993
2 52998  53.1615  11.4212 0001384  66.0817 294.0331 15.34384251229585
STARLINK-4217
1 52999U 22076P   26244.65130275  .00000798  00000+0  34758-4 0  9992
2 52999  53.1617  11.4825 0001117  83.1341 276.9789 15.34395101229586
STARLINK-4194
1 53000U 22076Q   26245.64305655  .00000379  00000+0  22357-4 0  9999
2 53000  53.1622   6.8479 0001142  99.7831 260.3300 15.34389790229734
STARLINK-4190
1 53001U 22076R   26244.76219051 -.00000891  00000+0 -14649-4 0  9992
2 53001  53.1623  11.4945 0001110  90.9768 269.1362 15.35392521229599
STARLINK-4121
1 53002U 22076S   26245.63797431  .00000332  00000+0  21434-4 0  9991
2 53002  53.1618   7.5652 0001028  84.4563 275.6557 15.33551001229725
STARLINK-4255
1 53003U 22076T   26244.57565877  .00000254  00000+0  18638-4 0  9996
2 53003  53.1618  11.8402 0001048  90.8923 269.2200 15.34395183229564
STARLINK-4253
1 53004U 22076U   26245.08084343 -.00000064  00000+0  97135-5 0  9998
2 53004  53.1623  17.5718 0000998  88.4728 271.6388 15.31700915229534
STARLINK-4288
1 53005U 22076V   26245.48345020 -.00000698  00000+0 -95312-5 0  9994
2 53005  53.1605   8.3001 0001341  66.7500 293.3644 15.34389060229700
STARLINK-4290
1 53006U 22076W   26244.67738604 -.00000270  00000+0  31650-5 0  9999
2 53006  53.1606  12.4225 0000934  88.2863 271.8247 15.35399506229576
STARLINK-4215
1 53007U 22076X   26244.73827603  .00003565  00000+0  11312-3 0  9995
2 53007  53.1615  12.2484 0001162  90.4383 269.6753 15.35383995229581
STARLINK-4275
1 53008U 22076Y   26245.06629879  .00000575  00000+0  27379-4 0  9997
2 53008  53.1604   9.9895 0001025  83.7675 276.3445 15.35393009229643
STARLINK-4277
1 53009U 22076Z   26245.06010567  .00001797  00000+0  62408-4 0  9995
2 53009  53.1628   7.8643 0000712  78.9356 281.1727 15.35398558229665
STARLINK-4263
1 53010U 22076AA  26244.76137861 -.00000349  00000+0  72910-6 0  9994
2 53010  53.1622  11.6546 0001068  54.1076 306.0026 15.33555492229597
STARLINK-4265
1 53011U 22076AB  26244.83564822  .00000699  00000+0  31827-4 0  9991
2 53011  53.1626   8.6418 0000777  67.7725 292.3360 15.34392103229635
STARLINK-4271
1 53012U 22076AC  26244.65671050  .00002432  00000+0  90127-4 0  9999
2 53012  53.1635  19.5071 0001103  75.7713 284.3411 15.31695073229471
STARLINK-4177
1 53013U 22076AD  26244.61045248  .00000726  00000+0  31715-4 0  9992
2 53013  53.1625   2.4315 0001202 113.3211 246.7919 15.35394393229701
STARLINK-4183
1 53014U 22076AE  26244.77924921  .00001883  00000+0  64893-4 0  9992
2 53014  53.1620   6.1162 0001117  79.3600 280.7529 15.35395291229664
STARLINK-4262
1 53015U 22076AF  26245.62727397  .00000284  00000+0  19055-4 0  9990
2 53015  53.1623   5.2027 0001110  61.4426 298.6688 15.35412315229750
STARLINK-4283
1 53016U 22076AG  26245.02588491  .00001981  00000+0  75576-4 0  9990
2 53016  53.1599   2.8311 0000720  62.1364 297.9710 15.31704511229731
STARLINK-4281
1 53017U 22076AH  26245.66668981  .00045379  00000+0  16781-2 0  9994
2 53017  53.2146 330.9952 0000825  57.5497 103.6462 15.27284443  5953
STARLINK-4279
1 53018U 22076AJ  26244.49270778  .00000996  00000+0  50690-4 0  9993
2 53018  53.1833 342.4100 0001260  71.6811 288.4325 15.26518582229984
STARLINK-4282
1 53019U 22076AK  26244.66244037  .00000372  00000+0  22651-4 0  9996
2 53019  53.1623  11.3868 0001186  65.2962 294.8164 15.33547896229584
STARLINK-4287
1 53020U 22076AL  26244.83651967  .00000686  00000+0  30572-4 0  9990
2 53020  53.1628   9.4631 0001017  83.4099 276.7020 15.35404049229622
STARLINK-4216
1 53022U 22076AN  26244.72588747  .00000595  00000+0  28764-4 0  9994
2 53022  53.1612   5.3962 0001121  95.2157 264.8974 15.34387605229679
STARLINK-4284
1 53023U 22076AP  26245.06678436  .00001686  00000+0  59257-4 0  9991
2 53023  53.1617   7.6641 0001177  90.1234 269.9904 15.35383072229679
STARLINK-4289
1 53024U 22076AQ  26245.07130767  .00000606  00000+0  28280-4 0  9996
2 53024  53.1609   7.6643 0001151  81.3724 278.7409 15.35397788229678
STARLINK-4218
1 53025U 22076AR  26244.82999959  .00002060  00000+0  73946-4 0  9990
2 53025  53.1628   9.0721 0001137  81.8597 278.2534 15.33547770229636
STARLINK-4119
1 53026U 22076AS  26245.54254467  .00000508  00000+0  28135-4 0  9994
2 53026  53.1621 357.8358 0001079  89.4610 270.6515 15.31709054229857
STARLINK-4158
1 53027U 22076AT  26245.03673501  .00001197  00000+0  45212-4 0  9993
2 53027  53.1608 359.9238 0000921  83.6985 276.4123 15.35394089229782
STARLINK-4143
1 53029U 22076AV  26245.60682785 -.00064165  00000+0 -18837-2 0  9999
2 53029  53.1613 353.5406 0000943  92.6737 267.4374 15.34738067229916
STARLINK-4160
1 53030U 22076AW  26244.70795353  .00001105  00000+0  43830-4 0  9993
2 53030  53.1616   1.3481 0001042  83.5731 276.5390 15.34393280229739
STARLINK-4137
1 53031U 22076AX  26244.58216756  .00001269  00000+0  47266-4 0  9993
2 53031  53.1619 358.6458 0000997  96.3344 263.7773 15.35405259229751
STARLINK-4115
1 53032U 22076AY  26245.60724629  .00002050  00000+0  71803-4 0  9994
2 53032  53.1614 357.0460 0001055  82.5061 277.6061 15.34391975229877
STARLINK-4167
1 53033U 22076AZ  26245.66668981  .00066604  00000+0  20268-2 0  9991
2 53033  53.1602 357.0978 0001496  85.2360 120.3144 15.33419664  5806
STARLINK-4151
1 53034U 22076BA  26245.57361868  .00001981  00000+0  75518-4 0  9993
2 53034  53.1612 351.2867 0000691  82.4658 277.6422 15.31720739229940
STARLINK-4157
1 53035U 22076BB  26245.66668981  .00050887  00000+0  20084-2 0  9995
2 53035  53.1591 357.7035 0000734 120.6403 174.5695 15.25068712  5809
STARLINK-4155
1 53036U 22076BC  26245.66668981  .00051555  00000+0  20420-2 0  9993
2 53036  53.1603 357.6757 0001327  76.6040 253.8470 15.24943985  5759
STARLINK-4153
1 53037U 22076BD  26245.66668981  .00053990  00000+0  20328-2 0  9996
2 53037  53.1600 357.2982 0001068  66.0644 118.3776 15.26610026  5706
STARLINK-4156
1 53038U 22076BE  26245.66668981  .00020164  00000+0  58768-3 0  9994
2 53038  53.1599 356.9391 0001030  67.1960 320.5535 15.35385285  5803
STARLINK-4362
1 53043U 22077A   26245.66668981 -.00023825  00000+0 -79999-3 0  9999
2 53043  97.2828  60.7211 0001382 101.2202 276.7131 15.30860033  5799
STARLINK-4350
1 53045U 22077C   26245.66668981 -.00028154  00000+0 -11772-2 0  9995
2 53045  97.2830  61.7227 0002265  99.3630 128.6723 15.23650817  5796
STARLINK-4331
1 53046U 22077D   26245.66668981 -.00035378  00000+0 -16938-2 0  9991
2 53046  97.2862  61.7372 0002692  68.2302 201.2751 15.19067820  5473
STARLINK-4352
1 53047U 22077E   26245.66668981 -.00029295  00000+0 -10221-2 0  9992
2 53047  97.2863  60.7595 0001713  64.4425  85.6857 15.29656671  5793
STARLINK-4355
1 53048U 22077F   26245.66668981 -.00029035  00000+0 -12246-2 0  9994
2 53048  97.2830  61.7291 0002242 101.8433 148.3363 15.23363743  5647
STARLINK-4345
1 53049U 22077G   26245.66668981  .00651701  00000+0  21354-1 0  9993
2 53049  97.2863  60.7128 0001413  84.9946 319.6346 15.29225642  5781
STARLINK-4343
1 53050U 22077H   26245.66668981 -.00030044  00000+0 -11948-2 0  9997
2 53050  97.2821  61.7176 0002090 100.0241 145.7060 15.25346522  5790
STARLINK-4336
1 53051U 22077J   26245.66668981  .00021202  00000+0  66417-3 0  9994
2 53051  97.2855  60.7848 0001711 115.2965 116.1008 15.33109033  5790
STARLINK-4341
1 53052U 22077K   26245.66668981  .00666515  00000+0  22098-1 0  9992
2 53052  97.2864  60.7272 0001385  85.7985 338.7555 15.28781463  5697
STARLINK-4337
1 53053U 22077L   26245.66668981 -.00033226  00000+0 -10319-2 0  9996
2 53053  97.2853  60.7805 0001547  99.6088 161.1211 15.33428806  5788
STARLINK-4339
1 53054U 22077M   26245.66668981  .00623425  00000+0  26495-1 0  9992
2 53054  97.2857  61.7142 0001568  76.5509 150.3529 15.20569682  5789
STARLINK-4338
1 53055U 22077N   26245.66668981 -.00033146  00000+0 -15043-2 0  9998
2 53055  97.2834  61.6367 0001461 107.0784  20.9359 15.20899153  5748
STARLINK-4314
1 53056U 22077P   26245.66668981 -.00024087  00000+0 -98891-3 0  9996
2 53056  97.2843  61.7522 0001826 100.1543 262.9325 15.24234425  5789
STARLINK-4252
1 53057U 22077Q   26245.66668981 -.00030758  00000+0 -13696-2 0  9998
2 53057  97.2828  61.7337 0001736  92.9677 288.9383 15.21535097  5792
STARLINK-4317
1 53058U 22077R   26245.66668981 -.00026106  00000+0 -98350-3 0  9992
2 53058  97.2861  60.7381 0001838  54.4272 102.4065 15.27117505  5798
STARLINK-4320
1 53059U 22077S   26245.66668981  .00007024  00000+0  23572-3 0  9993
2 53059  97.2851  60.7777 0001477 106.4262 194.2588 15.31177890  5790
STARLINK-4305
1 53060U 22077T   26245.66668981  .00003170  00000+0  10222-3 0  9991
2 53060  97.2823  60.7511 0002589  81.0347 120.8666 15.32889030  5782
STARLINK-4308
1 53061U 22077U   26245.66668981 -.00000111  00000+0 -12198-5 0  9992
2 53061  97.2853  60.7628 0001703 117.3015 164.2579 15.31795693  5793
STARLINK-4311
1 53062U 22077V   26245.66668981 -.00027891  00000+0 -10480-2 0  9996
2 53062  97.2821  60.7430 0002443  80.7082 118.8218 15.27214187  5793
STARLINK-4307
1 53063U 22077W   26245.66668981  .00629915  00000+0  24951-1 0  9997
2 53063  97.2857  61.6670 0001377  82.4806 323.4095 15.22960247  5794
STARLINK-4313
1 53064U 22077X   26245.66668981  .00617251  00000+0  25339-1 0  9999
2 53064  97.2857  61.6924 0001676  76.2406 182.2927 15.21789356  5790
STARLINK-4312
1 53065U 22077Y   26245.66668981 -.00027902  00000+0 -10632-2 0  9991
2 53065  97.2830  60.7454 0002192 104.2585 134.0284 15.26753776  5696
STARLINK-4309
1 53066U 22077Z   26245.66668981 -.00022661  00000+0 -84989-3 0  9996
2 53066  97.2833  60.7053 0001432  44.0952  95.6098 15.27238390  5786
STARLINK-4325
1 53068U 22077AB  26245.66668981 -.00033413  00000+0 -15419-2 0  9996
2 53068  97.2824  61.6815 0001984  75.1610 227.8039 15.20328047  5799
STARLINK-4323
1 53069U 22077AC  26245.66668981  .00004629  00000+0  15308-3 0  9990
2 53069  97.2836  60.7621 0000670  94.8447 231.5031 15.31835837  5791
STARLINK-4342
1 53070U 22077AD  26245.66668981 -.00020634  00000+0 -10427-2 0  9994
2 53070  97.2848  61.7260 0001496 104.6295 289.1156 15.17073536  5795
STARLINK-4328
1 53071U 22077AE  26245.66668981  .00658465  00000+0  27554-1 0  9990
2 53071  97.2859  61.7563 0001482  89.3469  43.3601 15.21362516  5789
STARLINK-4344
1 53072U 22077AF  26245.66668981  .00587665  00000+0  23769-1 0  9998
2 53072  97.2858  61.6793 0001591  83.8920 210.1650 15.22416510  5799
STARLINK-4346
1 53073U 22077AG  26245.51479825  .00009287  00000+0  38046-3 0  9995
2 53073  97.6347  76.4119 0005557 337.9323  22.1674 15.24503882228200
STARLINK-4348
1 53075U 22077AJ  26245.66668981 -.00029766  00000+0 -11327-2 0  9994
2 53075  97.2877  60.7382 0002063 120.6553 194.8232 15.26811650  5741
STARLINK-4347
1 53076U 22077AK  26245.66668981  .00682886  00000+0  22814-1 0  9993
2 53076  97.2864  60.6812 0001340  79.9880  63.1457 15.28467000  5791
STARLINK-4322
1 53078U 22077AM  26245.66668981 -.00030265  00000+0 -11991-2 0  9990
2 53078  97.2828  60.7309 0002339  95.0280 191.8762 15.25474502  5742
STARLINK-4327
1 53079U 22077AN  26245.66668981 -.00020896  00000+0 -97362-3 0  9997
2 53079  97.2844  61.6985 0001482 121.1230 313.2089 15.19898168  5793
STARLINK-4330
1 53080U 22077AP  26245.66668981 -.00028202  00000+0 -12465-2 0  9998
2 53080  97.2833  61.7142 0001916 111.0042 292.7327 15.21767492  5794
STARLINK-4326
1 53081U 22077AQ  26245.66668981  .00009888  00000+0  32492-3 0  9999
2 53081  97.2862  60.7627 0001098  32.6929  24.0203 15.31751822  5797
STARLINK-4321
1 53082U 22077AR  26245.66668981  .00004018  00000+0  13206-3 0  9992
2 53082  97.2859  60.7199 0000962 123.3065 186.5645 15.32113646  5797
STARLINK-4251
1 53083U 22077AS  26245.66668981  .00622364  00000+0  25904-1 0  9999
2 53083  97.2856  61.6542 0001787  79.9006 313.7658 15.21294323  5804
STARLINK-4319
1 53084U 22077AT  26245.66668981 -.00021709  00000+0 -92132-3 0  9997
2 53084  97.2870  61.7126 0002228  57.9681  79.3526 15.23093482  5800
STARLINK-4324
1 53085U 22077AU  26245.66668981  .00635807  00000+0  26597-1 0  9996
2 53085  97.2856  61.6433 0001497  78.3605 249.5106 15.21452398  5397
STARLINK-4318
1 53086U 22077AV  26245.66668981 -.00027217  00000+0 -11265-2 0  9996
2 53086  97.2827  60.7079 0002329  95.6360 191.7185 15.23986692  5797
STARLINK-4333
1 53088U 22077AX  26245.66668981  .00658352  00000+0  21613-1 0  9993
2 53088  97.2864  60.6824 0001418  79.7832 160.8794 15.29137912  5783
STARLINK-4150
1 53134U 22083C   26245.57592421  .00001015  00000+0  41210-4 0  9993
2 53134  53.1601  89.4014 0002026  80.6012 279.5220 15.34390141228063
STARLINK-4023
1 53135U 22083D   26244.85464286 -.00001794  00000+0 -41978-4 0  9998
2 53135  53.1599  90.5357 0001052  93.5316 266.5807 15.34405219228971
STARLINK-4152
1 53136U 22083E   26245.26731140  .00001047  00000+0  40918-4 0  9993
2 53136  53.1597  90.9906 0000953  96.1746 263.9366 15.35398930229007
STARLINK-4145
1 53137U 22083F   26245.57098013  .00000727  00000+0  31759-4 0  9990
2 53137  53.1596  90.1179 0001134  84.1483 275.9649 15.35398976228059
STARLINK-4141
1 53138U 22083G   26245.29896452  .00001105  00000+0  47376-4 0  9996
2 53138  53.1600  88.5715 0001224  78.0107 282.1032 15.31699445228820
STARLINK-4185
1 53139U 22083H   26245.58693282 -.00000133  00000+0  71930-5 0  9990
2 53139  53.1598  93.1349 0001162  79.2450 280.8683 15.34387555228014
STARLINK-4170
1 53140U 22083J   26245.30049922  .00004218  00000+0  13183-3 0  9999
2 53140  53.1603  91.3477 0001327  94.9132 265.2023 15.35378745228016
STARLINK-4103
1 53141U 22083K   26245.54595238 -.00000234  00000+0  42064-5 0  9999
2 53141  53.1606  87.4251 0001271  93.9339 266.1809 15.34384332228090
STARLINK-4101
1 53142U 22083L   26244.95741220 -.00000048  00000+0  98848-5 0  9992
2 53142  53.1588  90.7373 0001174  89.7539 270.3597 15.33539776228004
STARLINK-4102
1 53143U 22083M   26245.66668981  .00034555  00000+0  10709-2 0  9990
2 53143  53.1609  93.5140 0001297  89.7952  78.0981 15.33137221  5795
STARLINK-4100
1 53144U 22083N   26245.26741846 -.00000115  00000+0  78236-5 0  9997
2 53144  53.1594  89.1630 0001107  94.0111 266.1017 15.33538063228044
STARLINK-4106
1 53145U 22083P   26245.29971611 -.00000146  00000+0  70550-5 0  9991
2 53145  53.1593  91.6613 0001255  91.0299 269.0846 15.31695444228015
STARLINK-4094
1 53147U 22083R   26245.58795967  .00001131  00000+0  44610-4 0  9994
2 53147  53.1606  87.1335 0001368 109.5967 250.5184 15.34390880228755
STARLINK-4021
1 53149U 22083T   26245.59896698  .00000254  00000+0  18654-4 0  9994
2 53149  53.1608  79.2187 0001212  88.8082 271.3060 15.34380677228219
STARLINK-4040
1 53151U 22083V   26244.97458622 -.00000597  00000+0 -62188-5 0  9993
2 53151  53.1589  83.5277 0001218  92.4592 267.6550 15.35405171228097
STARLINK-4045
1 53152U 22083W   26245.66668981  .00403687  77033-4  95746-3 0  9996
2 53152  53.2146  45.2492 0000809  82.9603 101.3946 15.96211846  6003
STARLINK-4098
1 53153U 22083X   26245.66668981  .00022916  00000+0  76278-3 0  9993
2 53153  53.1609  86.7541 0001665  84.7475  85.4617 15.31066228  5760
STARLINK-4077
1 53154U 22083Y   26245.66668981 -.00018156  00000+0 -51066-3 0  9995
2 53154  53.1596  85.3740 0000979  86.5042  31.1822 15.35410216  5826
STARLINK-4088
1 53155U 22083Z   26245.66668981  .00059168  00000+0  18359-2 0  9999
2 53155  53.1612  86.8049 0001922  91.7551  91.4563 15.32853541  5815
STARLINK-4087
1 53156U 22083AA  26245.66668981  .00057482  00000+0  18361-2 0  9990
2 53156  53.1614  86.7876 0001943  88.6023  99.8784 15.31939744  5813
STARLINK-4054
1 53158U 22083AC  26244.97521861 -.00000146  00000+0  67251-5 0  9991
2 53158  53.1601  82.9065 0001039  92.6771 267.4351 15.35412702228106
STARLINK-4111
1 53159U 22083AD  26245.66668981  .00022662  00000+0  69329-3 0  9996
2 53159  53.1597  87.2215 0000850 100.7879 308.5981 15.33778184  5810
STARLINK-4096
1 53160U 22083AE  26245.66668981  .00060738  00000+0  19298-2 0  9993
2 53160  53.1612  86.7901 0001710 104.7687 108.1702 15.32084818  5811
STARLINK-4055
1 53161U 22083AF  26244.97370138 -.00000461  00000+0 -23083-5 0  9990
2 53161  53.1615  83.2096 0001361  89.5634 270.5525 15.35389814228109
STARLINK-4114
1 53162U 22083AG  26245.52120346 -.00000139  00000+0  72792-5 0  9999
2 53162  53.1612  81.4843 0001156  93.0716 267.0417 15.31698847228173
STARLINK-4104
1 53163U 22083AH  26245.66668981  .00058269  00000+0  18547-2 0  9998
2 53163  53.1613  86.9508 0000872 134.7324 148.6494 15.32045946  5758
STARLINK-4116
1 53164U 22083AJ  26245.66668981  .00017800  00000+0  75111-3 0  9996
2 53164  53.1610  88.4617 0001499  70.3459  99.4149 15.23377031  5757
STARLINK-4090
1 53165U 22083AK  26245.66668981  .00049688  00000+0  15034-2 0  9993
2 53165  53.1616  87.1504 0001738  94.9550 109.0580 15.33732781  5806
STARLINK-4110
1 53166U 22083AL  26244.92921387 -.00000967  00000+0 -23493-4 0  9993
2 53166  53.1655  60.1624 0001300  86.4742 273.6406 15.26512911228432
STARLINK-3683
1 53167U 22083AM  26245.66668981  .00054169  00000+0  16346-2 0  9992
2 53167  53.1606  71.7803 0000840 123.2864 169.4564 15.33778466  5605
STARLINK-4105
1 53168U 22083AN  26245.66668981  .00016053  00000+0  57335-3 0  9997
2 53168  53.1591  86.8239 0000410  87.8291 266.7508 15.29015310  5809
STARLINK-4117
1 53169U 22083AP  26245.53615526  .00000268  00000+0  20394-4 0  9998
2 53169  53.1607  66.4514 0001030 109.2031 250.9082 15.31702809228378
STARLINK-4095
1 53170U 22083AQ  26245.57936203 -.00004770  00000+0 -28177-3 0  9992
2 53170  53.1591  84.4286 0001378  81.3238 278.7909 15.08842397228133
STARLINK-4052
1 53171U 22083AR  26245.48699484  .00000648  00000+0  29492-4 0  9990
2 53171  53.1614  50.5302 0001062  90.0919 270.0206 15.35399653228593
STARLINK-4299
1 53172U 22083AS  26245.51051684  .00000773  00000+0  36693-4 0  9999
2 53172  53.1612  76.3524 0001412  89.8620 270.2543 15.31698111228232
STARLINK-4300
1 53173U 22083AT  26245.49020369 -.00001463  00000+0 -31057-4 0  9991
2 53173  53.1617  56.0806 0001190  92.6914 267.4225 15.35392765228513
STARLINK-4205
1 53174U 22083AU  26244.94942823  .00000571  00000+0  30149-4 0  9997
2 53174  53.1593  90.3057 0001130  96.2164 263.8966 15.31699262227998
STARLINK-4292
1 53175U 22083AV  26245.29808900  .00001371  00000+0  50202-4 0  9995
2 53175  53.1597  94.5716 0000950  77.6150 282.4959 15.35391170227965
STARLINK-4294
1 53176U 22083AW  26245.51284707  .00000015  00000+0  12246-4 0  9994
2 53176  53.1600  66.5489 0001101  70.1186 289.9934 15.31701540228376
STARLINK-4298
1 53177U 22083AX  26245.50988697 -.00000286  00000+0  26992-5 0  9998
2 53177  53.1600  56.2769 0001126  87.5762 272.5370 15.35403550228515
STARLINK-4280
1 53178U 22083AY  26245.61019439  .00001101  00000+0  87297-4 0  9990
2 53178  53.1597  89.3377 0001288  99.4552 260.6585 15.08819116228055
STARLINK-4276
1 53179U 22083AZ  26244.73613044  .00001423  00000+0  53270-4 0  9996
2 53179  53.1622  45.0990 0001223  92.1666 267.9477 15.34389777228605
STARLINK-4258
1 53180U 22083BA  26244.82608216  .00000693  00000+0  32397-4 0  9998
2 53180  53.1617  44.9464 0001123  91.3725 268.7406 15.33542186228617
STARLINK-4278
1 53182U 22083BC  26244.86763885  .00000342  00000+0  20720-4 0  9996
2 53182  53.1597  56.6091 0001377  84.9614 275.1546 15.35398730228453
STARLINK-4268
1 53183U 22083BD  26244.78652941  .00000414  00000+0  22786-4 0  9992
2 53183  53.1610  49.4605 0001032  76.7506 283.3612 15.35396488228541
STARLINK-4257
1 53184U 22083BE  26245.16205813  .00000381  00000+0  24034-4 0  9999
2 53184  53.1616  44.2163 0001042  93.1699 266.9422 15.31697617228660
STARLINK-4391
1 53189U 22084A   26245.66668981  .00029459  00000+0  12140-2 0  9999
2 53189  97.2864 301.7278 0001340  48.5763 148.9611 15.24038484  5748
STARLINK-4332
1 53190U 22084B   26245.66668981  .00021523  00000+0  90013-3 0  9991
2 53190  97.2830 301.7561 0001182 102.3109 355.6001 15.23605272  5783
STARLINK-4369
1 53191U 22084C   26245.16952387  .00000465  00000+0  15172-4 0  9999
2 53191  97.5117 308.9223 0000967 109.5620 250.5729 15.36966816226194
STARLINK-4375
1 53192U 22084D   26245.66668981  .00033054  00000+0  15418-2 0  9990
2 53192  97.2844 301.6927 0000654   8.1781 118.6226 15.19782863  5780
STARLINK-4351
1 53193U 22084E   26245.66668981  .00733906  00000+0  23914-1 0  9993
2 53193  97.2852 300.7476 0001336  87.6618 313.2088 15.29513970  5699
STARLINK-4382
1 53194U 22084F   26245.66668981  .00034055  00000+0  14161-2 0  9998
2 53194  97.2818 301.7124 0001190  56.7107 112.8505 15.23703688  5802
STARLINK-4403
1 53197U 22084J   26245.66668981  .00034750  00000+0  12717-2 0  9998
2 53197  97.2835 300.7265 0000999  45.5405 359.9352 15.27963588  5784
STARLINK-4385
1 53198U 22084K   26245.66668981  .00016005  00000+0  65123-3 0  9992
2 53198  97.2845 300.7210 0001828  98.8377 297.5217 15.24593702  5744
STARLINK-4395
1 53199U 22084L   26245.66668981  .00571458  00000+0  24929-1 0  9998
2 53199  97.2852 301.6832 0001483  83.8226  64.6202 15.19877324  5743
STARLINK-4417
1 53200U 22084M   26245.66668981  .00038242  00000+0  15972-2 0  9999
2 53200  97.2847 301.7593 0001460  99.7550 222.9064 15.23527483  5744
STARLINK-4405
1 53201U 22084N   26245.44577120  .00015246  00000+0  42361-3 0  9992
2 53201  97.5221 310.7216 0000986 280.1274  79.9859 15.36971162226330
STARLINK-4411
1 53202U 22084P   26245.66668981  .00035547  00000+0  16935-2 0  9996
2 53202  97.2805 301.7254 0000521  29.1028 233.5091 15.19032817  5798
STARLINK-4409
1 53203U 22084Q   26245.66668981  .00028903  00000+0  12316-2 0  9994
2 53203  97.2836 301.7451 0002054  80.9105 274.5517 15.22907692  5790
STARLINK-4410
1 53204U 22084R   26245.13393406 -.00000556  00000+0 -13105-4 0  9999
2 53204  97.5105 308.6289 0000640 130.7886 229.3414 15.36970477226837
STARLINK-4397
1 53205U 22084S   26245.66668981  .00032756  00000+0  14668-2 0  9999
2 53205  97.2838 301.7644 0001536 136.3292 262.2972 15.21188625  5789
STARLINK-4408
1 53206U 22084T   26245.66668981  .01144846  00000+0  64883-2 0  9999
2 53206  97.2797 304.2951 0001041  86.3069 281.2460 15.76405512  5791
STARLINK-4413
1 53207U 22084U   26245.66668981  .00036814  00000+0  12907-2 0  9994
2 53207  97.2841 300.7399 0002170  86.8025  99.6498 15.29356359  5749
STARLINK-4425
1 53208U 22084V   26245.66668981  .00039668  00000+0  15874-2 0  9991
2 53208  97.2830 300.7257 0002376  92.8220 221.0195 15.24959224  5697
STARLINK-4423
1 53209U 22084W   26245.66668981  .00671675  00000+0  25799-1 0  9998
2 53209  97.2855 300.7413 0001680  78.5122  88.4189 15.24241714  5784
STARLINK-4427
1 53210U 22084X   26245.66668981  .00589525  00000+0  20450-1 0  9991
2 53210  97.2862 300.7511 0001405  80.4321  84.8374 15.27581438  5803
STARLINK-4416
1 53212U 22084Z   26245.66668981  .00027157  00000+0  11354-2 0  9995
2 53212  97.2813 301.7720 0001918  92.9791 355.2874 15.23567493  5791
STARLINK-4414
1 53213U 22084AA  26245.66668981  .00026306  00000+0  94747-3 0  9999
2 53213  97.2833 300.7981 0000982  90.8621 287.9128 15.28546366  5784
STARLINK-4353
1 53214U 22084AB  26245.66668981  .00028373  00000+0  10357-2 0  9990
2 53214  97.2824 300.6808 0000789 135.0060 276.5058 15.28089547  5796
STARLINK-4335
1 53215U 22084AC  26245.66668981  .00034342  00000+0  15662-2 0  9998
2 53215  97.2816 301.6884 0001672  97.9521 219.5355 15.20550552  5780
STARLINK-4376
1 53216U 22084AD  26245.66668981  .00036075  00000+0  12740-2 0  9998
2 53216  97.2832 300.7538 0002379  82.2179 165.9473 15.29123757  5749
STARLINK-4384
1 53218U 22084AF  26245.66668981  .00034795  00000+0  17381-2 0  9993
2 53218  97.2824 301.8049 0000231  81.4526 162.6700 15.17385145  5782
STARLINK-4373
1 53219U 22084AG  26245.66668981  .00035788  00000+0  16258-2 0  9999
2 53219  97.2859 301.6689 0002257 103.1709 203.1882 15.20673803  5781
STARLINK-4363
1 53220U 22084AH  26245.66668981  .00690292  00000+0  22452-1 0  9990
2 53220  97.2858 300.7318 0001419  86.2414 137.9016 15.29321550  5741
STARLINK-4377
1 53221U 22084AJ  26245.66668981  .00023985  00000+0  85098-3 0  9997
2 53221  97.2841 300.7940 0000629  65.7066   1.4506 15.29058495  5780
STARLINK-4356
1 53224U 22084AM  26245.66668981  .00030092  00000+0  10491-2 0  9991
2 53224  97.2832 300.7054 0002085  70.7625 124.8175 15.29584894  5749
STARLINK-4358
1 53225U 22084AN  26245.58335648  .00088622  00000+0  36172-2 0  9990
2 53225  97.2824 301.6368 0001873 100.4592 282.3248 15.24040069  5777
STARLINK-4359
1 53226U 22084AP  26245.58335648  .00657868  00000+0  22649-1 0  9998
2 53226  97.2854 300.6681 0001478  83.7039 132.0773 15.27569588  5788
STARLINK-4366
1 53227U 22084AQ  26245.58335648  .00815123  00000+0  33924-1 0  9997
2 53227  97.2842 301.5730 0001585  88.2893 175.4881 15.21009978  5729
STARLINK-4365
1 53228U 22084AR  26245.58335648  .00079566  00000+0  30651-2 0  9996
2 53228  97.2796 300.6913 0001649  90.9864 216.7261 15.26024207  5784
STARLINK-4367
1 53229U 22084AS  26245.58335648  .00095485  00000+0  44252-2 0  9997
2 53229  97.2825 301.8186 0002679 102.7091  32.7011 15.19664300  5720
STARLINK-4364
1 53230U 22084AT  26245.58335648  .00090248  00000+0  40610-2 0  9995
2 53230  97.2839 301.6388 0002101 105.2705 282.4030 15.20708070  5730
STARLINK-4370
1 53231U 22084AU  26245.58335648  .00097656  00000+0  42899-2 0  9997
2 53231  97.2845 301.6530 0000975  64.1811  20.7448 15.21498261  5785
STARLINK-4371
1 53232U 22084AV  26245.58335648  .00098071  00000+0  35045-2 0  9995
2 53232  97.2821 300.6230 0001701  58.5284 114.0392 15.28423451  5786
STARLINK-4372
1 53233U 22084AW  26245.58335648  .00097940  00000+0  36724-2 0  9995
2 53233  97.2845 300.5897 0001399  61.7309  46.4789 15.26834972  5788
STARLINK-4368
1 53234U 22084AX  26245.45254860 -.00000073  00000+0  25524-6 0  9990
2 53234  97.5119 309.7961 0001037 115.9755 244.1596 15.36966408227291
STARLINK-4056
1 53242U 22086A   26244.97753616  .00000258  00000+0  18323-4 0  9991
2 53242  53.1609 122.3681 0001518  69.7764 290.3402 15.35385749227998
STARLINK-4047
1 53243U 22086B   26245.35492316  .00001592  00000+0  56535-4 0  9991
2 53243  53.1579 121.2476 0001023  94.6371 265.4749 15.35403608228068
STARLINK-4125
1 53244U 22086C   26244.95752568  .00000675  00000+0  33513-4 0  9997
2 53244  53.1600 123.1520 0001251  92.9826 267.1319 15.31700955227987
STARLINK-4131
1 53246U 22086E   26244.96218695  .00001187  00000+0  50002-4 0  9999
2 53246  53.1599 123.1405 0001186  98.8502 261.2634 15.31703340226874
STARLINK-4061
1 53247U 22086F   26245.00002315  .00012462  00000+0  36762-3 0  9990
2 53247  53.1604 122.5288 0001451  93.8131 276.3101 15.35395457  5828
STARLINK-4135
1 53248U 22086G   26244.88688437 -.00000455  00000+0 -29139-5 0  9994
2 53248  53.1597 120.4927 0001063  84.3850 275.7272 15.31709840228010
STARLINK-4128
1 53249U 22086H   26244.94063028  .00000203  00000+0  18327-4 0  9990
2 53249  53.1599 111.4801 0001300  97.0523 263.0626 15.31693554227843
STARLINK-4059
1 53250U 22086J   26244.87580796  .00001405  00000+0  52734-4 0  9995
2 53250  53.1597 112.4386 0001080  96.3497 263.7628 15.34382053227817
STARLINK-4129
1 53251U 22086K   26244.79808050  .00036435  00000+0  10903-2 0  9994
2 53251  53.1600 112.7984 0000845 119.6071 240.5016 15.34225460227794
STARLINK-4132
1 53252U 22086L   26244.95461101  .00001851  00000+0  71375-4 0  9991
2 53252  53.1598 111.5538 0001499  93.8495 266.2678 15.31709877227843
STARLINK-4133
1 53253U 22086M   26244.89873147 -.00001412  00000+0 -33754-4 0  9996
2 53253  53.1595 112.0453 0001243  81.8175 278.2967 15.31696111227819
STARLINK-4134
1 53254U 22086N   26245.58335648  .00042299  00000+0  13678-2 0  9990
2 53254  53.1579 117.2166 0001495  94.7098  70.7674 15.31684541  5746
STARLINK-4142
1 53255U 22086P   26244.92060163  .00002258  00000+0  98345-4 0  9992
2 53255  53.1609 120.6736 0001349  64.4690 295.6449 15.26518884227690
STARLINK-4147
1 53256U 22086Q   26245.62126781  .00092413  00000+0  56317-2 0  9993
2 53256  53.1601 119.2814 0001190  51.4528 308.6570 15.09593570227779
STARLINK-4144
1 53257U 22086R   26245.58335648  .00047238  00000+0  15253-2 0  9992
2 53257  53.1596 117.2385 0001299 106.0188 188.0456 15.31680686  5792
STARLINK-4127
1 53258U 22086S   26245.58335648  .00048525  00000+0  15663-2 0  9998
2 53258  53.1595 117.2109 0001408 110.2407 158.2107 15.31679532  5799
STARLINK-4140
1 53259U 22086T   26245.00002315  .00014404  00000+0  47506-3 0  9999
2 53259  53.1587 119.9311 0001079  84.6574 256.8374 15.31696832  5713
STARLINK-4062
1 53261U 22086V   26244.90102150  .00001497  00000+0  55439-4 0  9991
2 53261  53.1602 112.3593 0001463  90.7476 269.3694 15.34392742227816
STARLINK-4085
1 53262U 22086W   26245.13843960  .00001284  00000+0  50374-4 0  9996
2 53262  53.1601 111.6292 0001356  62.7041 297.4099 15.33544090227840
STARLINK-4130
1 53263U 22086X   26245.58335648  .00035305  00000+0  10518-2 0  9990
2 53263  53.1598 109.1352 0001410  89.6181 128.1467 15.34380913  5801
STARLINK-3950
1 53264U 22086Y   26245.35522713  .00001096  00000+0  42332-4 0  9998
2 53264  53.1603 110.8803 0001145  93.7864 266.3270 15.35401505227870
STARLINK-4097
1 53265U 22086Z   26244.92322711  .00001229  00000+0  46130-4 0  9995
2 53265  53.1596 113.3225 0001147  89.9182 270.1953 15.35399597227801
STARLINK-4058
1 53266U 22086AA  26244.93522451 -.00002231  00000+0 -56561-4 0  9995
2 53266  53.1594 112.6522 0001105  85.4183 274.6945 15.33526752227812
STARLINK-4060
1 53267U 22086AB  26245.59650477  .00000579  00000+0  28284-4 0  9991
2 53267  53.1608 109.0768 0001216  75.9250 284.1888 15.34387781227925
STARLINK-4109
1 53268U 22086AC  26245.35068665  .00000830  00000+0  35728-4 0  9999
2 53268  53.1617 110.3693 0001262  91.7869 268.3278 15.34384594227882
STARLINK-4122
1 53272U 22086AG  26244.88625779  .00002768  00000+0  93034-4 0  9992
2 53272  53.1597 100.3872 0001425  99.9193 260.1971 15.34394300227979
STARLINK-4051
1 53273U 22086AH  26245.58392143  .00000069  00000+0  13168-4 0  9999
2 53273  53.1611  97.8263 0001111  91.6093 268.5037 15.34384810228062
STARLINK-4050
1 53274U 22086AJ  26245.32084422  .00001615  00000+0  60441-4 0  9994
2 53274  53.1597  98.9094 0001274  76.3415 283.7729 15.33533222228034
STARLINK-4179
1 53275U 22086AK  26245.58948833  .00000006  00000+0  11091-4 0  9998
2 53275  53.1593  97.8918 0001146  83.0199 277.0935 15.35396862228063
STARLINK-4174
1 53276U 22086AL  26244.87611114  .00000847  00000+0  35178-4 0  9994
2 53276  53.1602 100.4845 0001179  80.8268 279.2868 15.35399196227963
STARLINK-4178
1 53277U 22086AM  26245.55333739  .00002394  00000+0  88899-4 0  9992
2 53277  53.1602  99.9156 0001013  77.8731 282.2384 15.31692938228031
STARLINK-4180
1 53278U 22086AN  26245.32056775 -.00000585  00000+0 -70825-5 0  9993
2 53278  53.1593 100.5103 0001268  92.5415 267.5732 15.31694971228006
STARLINK-4169
1 53280U 22086AQ  26245.58335648  .00070417  00000+0  19417-2 0  9999
2 53280  53.1614  55.9245 0002507  85.4723  74.1579 15.36490241  5859
STARLINK-4164
1 53282U 22086AS  26244.89777680  .00001165  00000+0  46753-4 0  9999
2 53282  53.1601 100.8120 0001198  92.3660 267.7480 15.33549420227961
STARLINK-4175
1 53283U 22086AT  26245.55406556  .00001228  00000+0  48661-4 0  9995
2 53283  53.1590  97.9157 0001075  94.2950 265.8175 15.33550936228068
STARLINK-4173
1 53285U 22086AV  26245.58335648  .00025622  00000+0  74307-3 0  9992
2 53285  53.1577  97.2568 0001316  97.2822  30.8783 15.35394253  5870
STARLINK-4165
1 53286U 22086AW  26244.84051077  .00000994  00000+0  43779-4 0  9997
2 53286  53.1599 102.7329 0001283  87.2108 272.9041 15.31700063227925
STARLINK-4107
1 53287U 22086AX  26245.33460313  .00001253  00000+0  49415-4 0  9992
2 53287  53.1598  98.8777 0001150  79.7428 280.3704 15.33552727228026
STARLINK-4162
1 53288U 22086AY  26245.58651337  .00000872  00000+0  35917-4 0  9996
2 53288  53.1615  97.4878 0001418  98.0251 262.0913 15.35393326228062
STARLINK-4176
1 53289U 22086AZ  26244.88514529  .00001302  00000+0  49675-4 0  9995
2 53289  53.1601  96.4355 0001455  93.7356 266.3813 15.34393479228015
STARLINK-4149
1 53290U 22086BA  26244.91254544  .00013613  00000+0  81756-3 0  9992
2 53290  53.2145 112.2521 0002488 102.6052 257.5220 15.11187742227802
STARLINK-4166
1 53291U 22086BB  26244.91374302  .00000479  00000+0  24634-4 0  9997
2 53291  53.1600  96.6122 0001045  82.0843 278.0279 15.35393279228013
STARLINK-4159
1 53292U 22086BC  26244.82531537  .00001566  00000+0  57498-4 0  9995
2 53292  53.1616 100.6995 0001007  92.2105 267.9013 15.34389476227955
STARLINK-4148
1 53293U 22086BD  26245.30905127  .00000949  00000+0  39241-4 0  9990
2 53293  53.1599  90.4568 0001191  70.0488 290.0642 15.34387818228134
STARLINK-4146
1 53294U 22086BE  26244.81068808  .00001191  00000+0  45041-4 0  9997
2 53294  53.1607  94.0861 0001295  95.6459 264.4692 15.35397271228086
STARLINK-4522
1 53388U 22097A   26245.58335648  .00016464  00000+0  48256-3 0  9996
2 53388  53.1606  46.2522 0001366  77.5262 129.2039 15.35354107  5810
STARLINK-4523
1 53389U 22097B   26245.58335648 -.00022767  00000+0 -64343-3 0  9997
2 53389  53.1606  45.7260 0000882  85.1961  71.1472 15.35414230  5772
STARLINK-4517
1 53390U 22097C   26245.00002315  .00023957  00000+0  69471-3 0  9995
2 53390  53.1609  48.7047 0000567  88.7624 295.4963 15.35436169  5825
STARLINK-4521
1 53391U 22097D   26245.17138976 -.00000470  00000+0 -33923-5 0  9999
2 53391  53.1617  44.2615 0001042  89.8383 270.2738 15.31697415225419
STARLINK-4535
1 53392U 22097E   26244.87781990 -.00000374  00000+0 -29050-6 0  9996
2 53392  53.1629  46.0575 0001022  82.6057 277.5061 15.31699597225361
STARLINK-4530
1 53393U 22097F   26245.18601692  .00001894  00000+0  65182-4 0  9992
2 53393  53.1613  47.1912 0000961  83.3467 276.7646 15.35397290225376
STARLINK-4544
1 53394U 22097G   26244.82828932  .00001337  00000+0  54821-4 0  9991
2 53394  53.1623  34.5055 0001099  84.4901 275.6226 15.31706123225528
STARLINK-4534
1 53395U 22097H   26245.33336806  .00048870  00000+0  15772-2 0  9996
2 53395  53.1594  43.4752 0001232  93.3789 157.5709 15.31681680  5677
STARLINK-4524
1 53396U 22097J   26245.58335648 -.00029964  00000+0 -85173-3 0  9995
2 53396  53.1620  46.3124 0001252  84.9235 288.6037 15.35390580  5611
STARLINK-4515
1 53397U 22097K   26245.58335648 -.00015755  00000+0 -44155-3 0  9994
2 53397  53.1604  45.9314 0001155  78.1779  74.1232 15.35409198  5813
STARLINK-4512
1 53398U 22097L   26244.78288206  .00000030  00000+0  11763-4 0  9991
2 53398  53.1615  49.2574 0000922  78.3909 281.7198 15.35400038225151
STARLINK-4528
1 53399U 22097M   26244.83320610  .00002779  00000+0  90534-4 0  9999
2 53399  53.1617  48.7481 0001102  68.5422 291.5698 15.35400384225166
STARLINK-4520
1 53400U 22097N   26245.58335648 -.00024242  00000+0 -68572-3 0  9999
2 53400  53.1608  45.5741 0001274  77.9916  56.8003 15.35425222  5824
STARLINK-4525
1 53401U 22097P   26245.18197873  .00001607  00000+0  60174-4 0  9991
2 53401  53.1630  47.4436 0000991  79.7380 280.3734 15.33552805225210
STARLINK-4499
1 53402U 22097Q   26244.87909724  .00000782  00000+0  34283-4 0  9998
2 53402  53.1616  45.0841 0001057  89.8425 270.2699 15.34387092225229
STARLINK-4507
1 53403U 22097R   26244.87309658  .00001836  00000+0  70880-4 0  9993
2 53403  53.1598  45.6244 0001023  96.6824 263.4294 15.31707059225214
STARLINK-4509
1 53404U 22097S   26245.11250445  .00001909  00000+0  73245-4 0  9990
2 53404  53.1609  32.4120 0000891  71.3224 288.7874 15.31703859225411
STARLINK-4510
1 53405U 22097T   26245.58335648 -.00022905  00000+0 -64734-3 0  9994
2 53405  53.1613  45.2447 0001021  89.0592 254.4626 15.35418085  5825
STARLINK-4533
1 53406U 22097U   26244.70234562  .00001683  00000+0  65976-4 0  9999
2 53406  53.1621  34.3174 0000910  71.6757 288.4344 15.31700183225352
STARLINK-4491
1 53408U 22097W   26245.17681410  .00004771  00000+0  31734-3 0  9996
2 53408  53.1625  41.2899 0001235  81.1545 278.9586 15.08871453225299
STARLINK-4490
1 53409U 22097X   26244.79434791  .00000404  00000+0  23082-4 0  9999
2 53409  53.1623  21.5047 0001108  78.6176 281.4951 15.34388260225545
STARLINK-4492
1 53410U 22097Y   26245.58335648  .00007362  00000+0  42093-3 0  9992
2 53410  53.1607  39.3957 0002633 104.3401 356.2777 15.13653024  5800
STARLINK-4497
1 53411U 22097Z   26244.71685550  .00000004  00000+0  18376-4 0  9991
2 53411  53.1618  43.3522 0001234  87.9925 272.1208 15.08836108225224
STARLINK-4496
1 53412U 22097AA  26245.58335648  .00005241  00000+0  30772-3 0  9999
2 53412  53.1596  39.4197 0001780  59.6244  89.0889 15.13279528  5746
STARLINK-4500
1 53413U 22097AB  26244.70583077  .00002670  00000+0  18587-3 0  9997
2 53413  53.1610  43.4000 0001326  98.8410 261.2732 15.08828278225222
STARLINK-4304
1 53414U 22097AC  26244.82646178  .00002168  00000+0  75308-4 0  9990
2 53414  53.1607  35.1406 0001037  78.7212 281.3908 15.34392499225344
STARLINK-4479
1 53415U 22097AD  26244.69303040  .00006957  00000+0  23594-3 0  9993
2 53415  53.1608  34.3751 0001304  72.5341 287.5803 15.31673130225323
STARLINK-4480
1 53416U 22097AE  26245.58335648  .00012587  00000+0  69376-3 0  9996
2 53416  53.1602  39.3389 0000327 114.4602 171.2848 15.14351325  5784
STARLINK-4484
1 53417U 22097AF  26245.58335648  .00012642  00000+0  68031-3 0  9996
2 53417  53.1601  39.3561 0000869 129.6797 112.0518 15.15200540  5780
STARLINK-4481
1 53418U 22097AG  26244.80023747  .00001549  00000+0  55304-4 0  9999
2 53418  53.1628  20.8304 0001136  81.9496 278.1636 15.35395196225552
STARLINK-4476
1 53419U 22097AH  26244.83488910  .00001203  00000+0  46741-4 0  9992
2 53419  53.1625  35.3084 0001108  80.2006 279.9122 15.34391935225324
STARLINK-4552
1 53420U 22097AJ  26244.68722624  .00000432  00000+0  23926-4 0  9993
2 53420  53.1612  33.8307 0001090  94.9588 265.1539 15.34389641225331
STARLINK-4545
1 53421U 22097AK  26245.14045909  .00000636  00000+0  32251-4 0  9997
2 53421  53.1618  32.3100 0001162  85.7381 274.3753 15.31700878225394
STARLINK-4546
1 53422U 22097AL  26244.68933998 -.00000388  00000+0 -34597-6 0  9993
2 53422  53.1611  33.9216 0001255  79.2003 280.9141 15.34394430225351
STARLINK-4539
1 53423U 22097AM  26244.72024893 -.00001775  00000+0 -45424-4 0  9994
2 53423  53.1619  31.1860 0001165 102.1787 257.9345 15.31710535225377
STARLINK-4532
1 53424U 22097AN  26245.11715798 -.00000282  00000+0  26673-5 0  9997
2 53424  53.1620  32.4041 0001155 104.2428 255.8702 15.31698668225410
STARLINK-4531
1 53425U 22097AP  26244.71569777  .00001300  00000+0  53661-4 0  9994
2 53425  53.1610  31.9393 0001085  99.8591 260.2533 15.31695666225356
STARLINK-4558
1 53426U 22097AQ  26244.76200261  .00007175  00000+0  21664-3 0  9993
2 53426  53.1622  21.3026 0001268  90.7530 269.3619 15.35364878225539
STARLINK-4543
1 53429U 22097AT  26245.63319788  .00000158  00000+0  15443-4 0  9991
2 53429  53.1624  17.4975 0001246  79.5553 280.5591 15.35399473225666
STARLINK-4538
1 53430U 22097AU  26244.76112188  .00000569  00000+0  27224-4 0  9997
2 53430  53.1616  21.3014 0000990  97.2273 262.8843 15.35398501225516
STARLINK-4548
1 53431U 22097AV  26244.64321269 -.00000418  00000+0 -10864-5 0  9995
2 53431  53.1616  21.9920 0001213  86.3874 273.7268 15.35404529225514
STARLINK-4557
1 53432U 22097AW  26245.08005616  .00002652  00000+0  89654-4 0  9992
2 53432  53.1616  19.7383 0001163 101.3819 258.7315 15.34380495225581
STARLINK-4549
1 53433U 22097AX  26244.86233645  .00001833  00000+0  63449-4 0  9997
2 53433  53.1622  26.8485 0001068  82.7846 277.3278 15.35398067225442
STARLINK-4542
1 53435U 22097AZ  26244.67871323  .00000661  00000+0  30716-4 0  9998
2 53435  53.1622  21.4975 0001210  76.6766 283.4372 15.34392653225505
STARLINK-4527
1 53436U 22097BA  26245.08163320 -.00002097  00000+0 -49238-4 0  9992
2 53436  53.1612  19.7438 0001145  86.6192 273.4942 15.35391797225589
STARLINK-4526
1 53438U 22097BC  26244.80548767  .00000388  00000+0  22014-4 0  9997
2 53438  53.1617  20.8678 0000817  85.8839 274.2257 15.35402908225551
STARLINK-4519
1 53439U 22097BD  26244.67029818  .00001251  00000+0  48166-4 0  9990
2 53439  53.1601  21.4422 0001072  50.7815 309.3283 15.34394468225535
STARLINK-4415
1 53465U 22099A   26245.57796397  .00000978  00000+0  32638-4 0  9996
2 53465  97.2852   3.4315 0001291  85.6853 274.4537 15.33437860222785
STARLINK-4398
1 53466U 22099B   26245.60621599 -.00002973  00000+0 -80045-4 0  9996
2 53466  97.5096  12.1444 0000850  86.9022 273.2319 15.36977555223106
STARLINK-4394
1 53467U 22099C   26245.31700335 -.00000340  00000+0 -70901-5 0  9998
2 53467  97.5669  15.0239 0001171  95.7741 264.3636 15.36969698223247
STARLINK-4400
1 53468U 22099D   26245.33654605  .00000672  00000+0  50484-4 0  9998
2 53468  97.2861   0.1441 0001200  93.4402 266.6963 15.05656808222554
STARLINK-4399
1 53469U 22099E   26245.31966127  .00000680  00000+0  23403-4 0  9992
2 53469  97.2867   3.3017 0001049  99.2490 260.8871 15.33433782222769
STARLINK-4393
1 53470U 22099F   26245.28670191  .00000908  00000+0  66814-4 0  9999
2 53470  97.2859   0.0560 0000963  89.6554 270.4784 15.05656500222547
STARLINK-4316
1 53471U 22099G   26245.27073216  .00003362  00000+0  10645-3 0  9991
2 53471  97.2850   3.2082 0001175 106.1842 253.9530 15.33439275222751
STARLINK-4447
1 53472U 22099H   26245.29223747  .00000328  00000+0  26634-4 0  9995
2 53472  97.2851   0.0444 0000963  83.7411 276.3926 15.05658905222543
STARLINK-4383
1 53473U 22099J   26245.60154803 -.00000274  00000+0 -52884-5 0  9996
2 53473  97.5279  11.2083 0001590  98.6725 261.4699 15.36967008223043
STARLINK-4445
1 53474U 22099K   26245.31993041 -.00002049  00000+0 -13811-3 0  9997
2 53474  97.2860   0.1248 0001714  92.7899 267.3525 15.05661077222553
STARLINK-4389
1 53475U 22099L   26245.28613334 -.00000259  00000+0 -48792-5 0  9997
2 53475  97.5197  12.1270 0000525 107.9885 252.1416 15.36973122223778
STARLINK-4378
1 53476U 22099M   26245.28179218 -.00006007  00000+0 -42159-3 0  9992
2 53476  97.2864   0.2229 0001242 110.9620 249.1741 15.04866404222547
STARLINK-4412
1 53477U 22099N   26245.84068074  .01254190  25640-5  47930-3 0  9994
2 53477  97.5887  17.6489 0007489 299.6224  60.4320 16.24135209224151
STARLINK-4433
1 53478U 22099P   26245.29777832  .00000115  00000+0  11859-4 0  9997
2 53478  97.2848   0.0265 0001316  91.2531 268.8847 15.05649949222542
STARLINK-4436
1 53479U 22099Q   26245.29247269  .00002670  00000+0  85023-4 0  9996
2 53479  97.2856   3.1580 0000915  82.9316 277.2031 15.33437770222758
STARLINK-4442
1 53480U 22099R   26245.58335648  .00342964  49677-4  80295-3 0  9995
2 53480  97.6065  16.1586 0001126  73.2290 157.5653 15.96963512  5885
STARLINK-4302
1 53481U 22099S   26245.33205093 -.00000400  00000+0 -87900-5 0  9991
2 53481  97.5192  12.0828 0001398  78.8450 281.2951 15.36968829223079
STARLINK-4360
1 53482U 22099T   26245.30885802  .00000176  00000+0  16119-4 0  9992
2 53482  97.2851   0.1430 0001350  98.4099 261.7282 15.05652273222552
STARLINK-4426
1 53484U 22099V   26245.31422577  .00000197  00000+0  84422-5 0  9997
2 53484  97.2856   3.2660 0001243  95.9518 264.1867 15.33428520222763
STARLINK-4430
1 53485U 22099W   26245.31162488  .00000461  00000+0  35871-4 0  9997
2 53485  97.2855   0.1197 0001610  97.2378 262.9033 15.05656144222553
STARLINK-4431
1 53486U 22099X   26245.33321813 -.00000220  00000+0 -38011-5 0  9994
2 53486  97.5328  12.7750 0001210  65.4767 294.6603 15.36970527223117
STARLINK-4432
1 53487U 22099Y   26245.30063053  .00001275  00000+0  41828-4 0  9999
2 53487  97.2854   3.2661 0001386  92.4466 267.6936 15.33433393222766
STARLINK-4421
1 53488U 22099Z   26245.30606603  .00001063  00000+0  35247-4 0  9997
2 53488  97.2849   3.2728 0001163  85.8000 274.3375 15.33438051222766
STARLINK-4392
1 53489U 22099AA  26245.30009489  .00000214  00000+0  18387-4 0  9990
2 53489  97.2853   0.1419 0001484 110.8498 249.2889 15.06457964222553
STARLINK-4387
1 53490U 22099AB  26245.58335648  .00245162  00000+0  20984-2 0  9998
2 53490  97.6043  12.5385 0001297  78.4662 319.2851 15.68685093  5902
STARLINK-4450
1 53491U 22099AC  26245.59316038  .00016318  00000+0  45311-3 0  9993
2 53491  97.5376  13.1497 0000959  76.1066 284.0285 15.36973785223162
STARLINK-4451
1 53492U 22099AD  26245.52027027  .00629404  18480-3  11212-2 0  9997
2 53492  97.5993  13.5665 0002874  80.1537 280.0066 16.01839114223179
STARLINK-4340
1 53494U 22099AF  26245.28431450  .00000592  00000+0  20658-4 0  9993
2 53494  97.2857   3.1284 0001144  98.7932 261.3441 15.33437324222755
STARLINK-4429
1 53495U 22099AG  26245.31715552  .00000179  00000+0  16296-4 0  9990
2 53495  97.2860   0.0788 0001516 107.1377 253.0017 15.05663514222552
STARLINK-4453
1 53497U 22099AJ  26245.32546743  .00000460  00000+0  35808-4 0  9990
2 53497  97.2864   0.0577 0001427 100.9068 259.2321 15.05652996222551
STARLINK-4439
1 53498U 22099AK  26245.32781610  .00000951  00000+0  31777-4 0  9991
2 53498  97.2854   3.2064 0001112 102.7652 257.3715 15.33435317222763
STARLINK-4454
1 53499U 22099AL  26245.58335648  .00359382  00000+0  21507-2 0  9999
2 53499  97.6028  13.1103 0000932  69.5349 328.6565 15.76834548  5880
STARLINK-4455
1 53500U 22099AM  26245.62678802  .06859854  26598-5  34831-3 0  9995
2 53500  97.5770  19.7496 0010363 278.4959  81.5166 16.41841551223575
STARLINK-4434
1 53501U 22099AN  26245.30762511 -.00000476  00000+0 -10892-4 0  9992
2 53501  97.5225  12.2229 0000753 112.6534 247.4790 15.36970120223083
STARLINK-4435
1 53502U 22099AP  26245.28975360  .00011315  00000+0  31564-3 0  9998
2 53502  97.5269  13.4543 0001313 103.7895 256.3495 15.36919510223164
STARLINK-4448
1 53504U 22099AR  26245.30303048 -.00000252  00000+0 -46752-5 0  9998
2 53504  97.5434  12.4482 0000952  77.7374 282.3976 15.36967899223099
STARLINK-4446
1 53505U 22099AS  26245.58335648  .00202726  18714-4  44960-3 0  9991
2 53505  97.6078  25.3611 0004939 255.7390 143.2824 15.97947386  5975
STARLINK-4443
1 53508U 22099AV  26245.48551812  .00000463  00000+0  16660-4 0  9991
2 53508  97.2859   3.4182 0001092  98.5761 261.5606 15.33434334222790
STARLINK-4402
1 53509U 22099AW  26245.63415116  .00230483  00000+0  21307-2 0  9994
2 53509  97.6038  14.6161 0000696  46.0500 314.0817 15.66822555223255
STARLINK-4503
1 53528U 22101B   26245.57430707 -.00000301  00000+0 -80483-6 0  9995
2 53528  53.1629 359.4982 0001117  86.4018 273.7101 15.08826878222862
STARLINK-4478
1 53529U 22101C   26244.53836873  .00018301  00000+0  92454-3 0  9990
2 53529  53.2165 358.0696 0000256 282.7347  77.3620 15.17146769222807
STARLINK-4482
1 53530U 22101D   26245.05176713  .00000695  00000+0  61764-4 0  9998
2 53530  53.1633   2.0670 0001108  83.7870 276.3248 15.08830182222786
STARLINK-4487
1 53531U 22101E   26245.57829510  .00001061  00000+0  45932-4 0  9993
2 53531  53.1610 351.2384 0001009  85.8222 274.2895 15.31705999222987
STARLINK-4483
1 53532U 22101F   26245.06647123  .00000118  00000+0  25524-4 0  9993
2 53532  53.1630   1.7827 0001345  98.0331 262.0813 15.08826582222799
STARLINK-4493
1 53533U 22101G   26245.02833889  .00000931  00000+0  41766-4 0  9995
2 53533  53.1610 353.8760 0001099  89.6422 270.4705 15.31697123222907
STARLINK-4138
1 53535U 22101J   26244.70445899  .00001713  00000+0  59999-4 0  9997
2 53535  53.1624 357.5554 0000974  84.6150 275.4964 15.35392777222824
STARLINK-4053
1 53536U 22101K   26245.00673231  .00000202  00000+0  18270-4 0  9994
2 53536  53.1617 341.8775 0001071  82.6059 277.5064 15.31698412223065
STARLINK-4120
1 53537U 22101L   26245.53774350  .00001379  00000+0  50430-4 0  9997
2 53537  53.1622 353.4745 0001273  80.7972 279.3175 15.35398841222952
STARLINK-4123
1 53539U 22101N   26244.61574317  .00003053  00000+0  98418-4 0  9997
2 53539  53.1615 357.7508 0001222  78.3482 281.7658 15.35395820222815
STARLINK-4486
1 53540U 22101P   26245.00216340 -.00001433  00000+0 -71988-4 0  9997
2 53540  53.1624 352.4267 0001239  94.3101 265.8032 15.08814329223602
STARLINK-4485
1 53541U 22101Q   26244.71686268  .00001604  00000+0  11889-3 0  9996
2 53541  53.1629   3.3517 0001324  87.1779 272.9364 15.08829104223439
STARLINK-4489
1 53542U 22101R   26245.55516794  .00001598  00000+0  58461-4 0  9996
2 53542  53.1625 337.6477 0001569  56.1313 303.9839 15.34385776223865
STARLINK-4297
1 53543U 22101S   26244.55496947 -.00000126  00000+0  73937-5 0  9996
2 53543  53.1615 341.9838 0001177  70.0916 290.0213 15.34388109223712
STARLINK-4303
1 53544U 22101T   26244.55828415  .00000030  00000+0  11760-4 0  9994
2 53544  53.1621 342.1696 0001447  63.7544 296.3608 15.35399962223695
STARLINK-4475
1 53545U 22101U   26245.55099327 -.00062432  00000+0 -18328-2 0  9999
2 53545  53.1611 337.5784 0001173  71.8303 288.2827 15.34725572223861
STARLINK-4477
1 53546U 22101V   26245.50670709 -.00006330  00000+0 -17623-3 0  9997
2 53546  53.1606 327.4982 0001562  92.2439 267.8743 15.34422439223319
STARLINK-4474
1 53547U 22101W   26244.56760713 -.00000739  00000+0 -10755-4 0  9995
2 53547  53.1592 342.1882 0001185  83.3711 276.7426 15.34391499223691
STARLINK-4513
1 53548U 22101X   26245.00850175  .00001893  00000+0  13702-3 0  9992
2 53548  53.1627 352.0424 0001215  91.0190 269.0941 15.08824128222927
STARLINK-4514
1 53551U 22101AA  26244.66900029  .00000668  00000+0  30918-4 0  9999
2 53551  53.1621 345.7311 0001150  78.3747 281.7385 15.34382371223644
STARLINK-4495
1 53552U 22101AB  26244.60002322 -.00000674  00000+0 -24252-4 0  9996
2 53552  53.1624 353.8803 0001333  83.8932 276.2212 15.08812944223513
STARLINK-4501
1 53553U 22101AC  26244.72512415  .00001494  00000+0  11194-3 0  9998
2 53553  53.1630 353.1917 0001234  87.8317 272.2816 15.08827881223546
STARLINK-4506
1 53554U 22101AD  26244.72609723  .00000794  00000+0  68017-4 0  9997
2 53554  53.1625 353.3240 0001191  86.4841 273.6286 15.08828196222883
STARLINK-4504
1 53555U 22101AE  26245.00116107  .00000564  00000+0  53582-4 0  9995
2 53555  53.1614 352.0767 0001273 112.2694 247.8433 15.08805195223586
STARLINK-4505
1 53556U 22101AF  26244.78401790  .00000857  00000+0  71963-4 0  9993
2 53556  53.1627 353.0526 0001282  84.4776 275.6362 15.08829254222891
STARLINK-4502
1 53557U 22101AG  26244.99379405  .00000186  00000+0  29779-4 0  9997
2 53557  53.1623 352.1099 0001064  94.9269 265.1844 15.08819014223572
STARLINK-4494
1 53558U 22101AH  26245.58335648  .00005763  00000+0  18163-3 0  9995
2 53558  53.1585 337.6173 0001220  75.8842  68.3584 15.34387325  5857
STARLINK-4564
1 53560U 22101AK  26244.95865107 -.00000105  00000+0  83742-5 0  9999
2 53560  53.1616 336.1184 0001179  87.3142 272.7994 15.31700900223140
STARLINK-4563
1 53561U 22101AL  26244.80133360  .00000690  00000+0  31569-4 0  9990
2 53561  53.1612 344.7817 0001012  87.0613 273.0505 15.34381051223014
STARLINK-4565
1 53562U 22101AM  26244.61585153 -.00001074  00000+0 -20669-4 0  9999
2 53562  53.1611 331.9181 0001082  84.9036 275.2090 15.34396129223833
STARLINK-4561
1 53563U 22101AN  26244.67888382  .00001051  00000+0  42262-4 0  9992
2 53563  53.1603 331.5987 0001257  88.0826 272.0321 15.34390382223186
STARLINK-4577
1 53564U 22101AP  26244.95205310 -.00000268  00000+0  31979-5 0  9992
2 53564  53.1610 330.4575 0001218  85.8270 274.2872 15.34388228223227
STARLINK-4575
1 53565U 22101AQ  26244.94574256  .00000337  00000+0  21126-4 0  9998
2 53565  53.1605 330.4174 0001224  91.8160 268.2983 15.34388513223884
STARLINK-4576
1 53566U 22101AR  26244.62216868  .00001034  00000+0  41755-4 0  9991
2 53566  53.1604 331.9603 0001367  67.4177 292.6970 15.34381867223862
STARLINK-4585
1 53567U 22101AS  26244.64173688 -.00000434  00000+0 -22303-5 0  9990
2 53567  53.1608 337.6950 0000990  79.5432 280.5681 15.31697942223095
STARLINK-4583
1 53568U 22101AT  26244.64110078  .00000845  00000+0  36149-4 0  9991
2 53568  53.1604 332.0715 0001135  87.5854 272.5279 15.34380897223869
STARLINK-4582
1 53569U 22101AU  26244.76506068 -.00001156  00000+0 -23101-4 0  9995
2 53569  53.1611 331.4224 0000929  74.8441 285.2665 15.34388819223869
STARLINK-4550
1 53570U 22101AV  26245.54460503  .00002194  00000+0  78068-4 0  9990
2 53570  53.1597 327.7620 0001167 101.6442 258.4692 15.33523241224005
STARLINK-4584
1 53571U 22101AW  26244.96888392  .00000998  00000+0  40687-4 0  9992
2 53571  53.1612 330.5640 0001203  82.6779 277.4360 15.34384714223913
STARLINK-4555
1 53572U 22101AX  26244.54019683  .00005258  00000+0  16681-3 0  9996
2 53572  53.1614 332.1566 0002331  37.9661 322.1506 15.34371864223166
STARLINK-4559
1 53574U 22101AZ  26245.06759418  .00001386  00000+0  52166-4 0  9990
2 53574  53.1598 329.7575 0000943  79.1778 280.9331 15.34391214223242
STARLINK-4551
1 53575U 22101BA  26244.66415699  .00001450  00000+0  54066-4 0  9999
2 53575  53.1611 331.5088 0001121  82.7823 277.3307 15.34387464223873
STARLINK-4581
1 53576U 22101BB  26244.70232060  .00001169  00000+0  49414-4 0  9992
2 53576  53.1612 337.3558 0000854  97.7992 262.3107 15.31695332223927
STARLINK-4553
1 53577U 22101BC  26245.57816155  .00000570  00000+0  28008-4 0  9993
2 53577  53.1611 327.2539 0001107  80.9199 279.1929 15.34394181224143
STARLINK-4556
1 53578U 22101BD  26245.52144247  .00000220  00000+0  17659-4 0  9997
2 53578  53.1601 327.6124 0001122  76.1201 283.9926 15.34393102223315
STARLINK-4580
1 53579U 22101BE  26245.54459262 -.00000157  00000+0  64862-5 0  9995
2 53579  53.1609 327.7551 0001430  89.8587 270.2580 15.34384250223318
STARLINK-4691
1 53588U 22104A   26245.58335648  .00062655  00000+0  21527-2 0  9991
2 53588  53.1595 168.0444 0000530 133.3287 100.2079 15.29546924  5800
STARLINK-4673
1 53589U 22104B   26244.09132473 -.00005600  00000+0 -14962-3 0  9993
2 53589  53.1587 164.3044 0001433 100.2156 259.9009 15.35423652222599
STARLINK-4689
1 53590U 22104C   26245.58744998 -.00002594  00000+0 -84981-4 0  9999
2 53590  53.1649 135.1026 0000968  73.5684 286.5422 15.26528194223162
STARLINK-4674
1 53591U 22104D   26245.04164585 -.00000720  00000+0 -97277-5 0  9991
2 53591  53.1594 162.3861 0001289  86.9416 273.1735 15.35406538222726
STARLINK-4672
1 53592U 22104E   26245.08783890  .00000996  00000+0  39467-4 0  9991
2 53592  53.1591 159.8605 0001240  78.7760 281.3383 15.35397600222740
STARLINK-4684
1 53595U 22104H   26245.58335648  .00037121  00000+0  12025-2 0  9992
2 53595  53.1577 159.2171 0001197  92.1038 350.7899 15.31687504  5864
STARLINK-4676
1 53598U 22104L   26245.48839638 -.00001420  00000+0 -64445-4 0  9992
2 53598  53.1595 167.9218 0001142  84.3040 275.8083 15.12109214222332
STARLINK-4677
1 53600U 22104N   26245.09434655  .00000918  00000+0  37239-4 0  9993
2 53600  53.1592 161.9864 0001370 101.0297 259.0860 15.35396820222386
STARLINK-4675
1 53601U 22104P   26245.03040345  .00000351  00000+0  20988-4 0  9991
2 53601  53.1606 160.2028 0001314 103.7802 256.3348 15.35394523222408
STARLINK-4648
1 53602U 22104Q   26245.05791544 -.00001107  00000+0 -21658-4 0  9995
2 53602  53.1607 159.6087 0001118  83.9100 276.2030 15.34380052222410
STARLINK-4692
1 53603U 22104R   26245.09362734 -.00000345  00000+0 -35671-5 0  9999
2 53603  53.1601 166.8327 0001516  84.8822 275.2342 15.08822810222313
STARLINK-4690
1 53604U 22104S   26245.07684978  .00003996  00000+0  12947-3 0  9997
2 53604  53.1611 159.7268 0001229  92.9652 267.1491 15.34369769222416
STARLINK-4590
1 53606U 22104U   26245.03372575  .00003559  00000+0  11651-3 0  9998
2 53606  53.1613 153.7510 0001299  90.1922 269.9230 15.34377728222371
STARLINK-4591
1 53607U 22104V   26245.01900319  .00001511  00000+0  55850-4 0  9996
2 53607  53.1601 153.7487 0001229  81.0202 279.0940 15.34389795222495
STARLINK-4647
1 53608U 22104W   26245.59293423 -.00061844  00000+0 -18058-2 0  9995
2 53608  53.1615 151.5506 0001603   4.5487 355.5530 15.34888743222458
STARLINK-4660
1 53609U 22104X   26245.02111644  .00001550  00000+0  57001-4 0  9997
2 53609  53.1599 153.7619 0001160  81.3778 278.7356 15.34399184222495
STARLINK-4610
1 53610U 22104Y   26245.05030070 -.00000301  00000+0  20468-5 0  9997
2 53610  53.1613 158.7689 0001061  81.9223 278.1898 15.31687080222304
STARLINK-4658
1 53612U 22104AA  26245.02523687  .00000734  00000+0  31943-4 0  9995
2 53612  53.1603 154.4041 0001133  68.8571 291.2553 15.35401147222362
STARLINK-4655
1 53613U 22104AB  26245.61417784  .00000402  00000+0  22448-4 0  9993
2 53613  53.1606 151.6800 0001492  90.2536 269.8638 15.35397779222456
STARLINK-4605
1 53616U 22104AE  26245.42766467  .00000991  00000+0  40486-4 0  9995
2 53616  53.1611 145.9859 0001337  91.0166 269.0989 15.34387272222627
STARLINK-4609
1 53619U 22104AH  26245.45935712  .00004532  00000+0  14073-3 0  9999
2 53619  53.1592 152.1329 0001430  94.7422 265.3745 15.35403028222436
STARLINK-4615
1 53620U 22104AJ  26245.06855416  .00000785  00000+0  33422-4 0  9996
2 53620  53.1600 153.9595 0001259  94.6387 265.4760 15.35395031222487
STARLINK-4608
1 53621U 22104AK  26244.99173247  .00001320  00000+0  50215-4 0  9998
2 53621  53.1608 154.1959 0001131  90.9444 269.1688 15.34388050222364
STARLINK-4568
1 53622U 22104AL  26245.58335648  .00047427  00000+0  14066-2 0  9990
2 53622  53.1590 151.1543 0001212  92.3564  77.1274 15.34385143  5873
STARLINK-4573
1 53623U 22104AM  26245.05271746  .00000334  00000+0  22541-4 0  9996
2 53623  53.1602 149.6626 0001307  90.6689 269.4462 15.31699744222548
STARLINK-4596
1 53624U 22104AN  26245.05740548  .00000774  00000+0  36729-4 0  9999
2 53624  53.1599 149.6907 0001437  85.0465 275.0700 15.31687349222546
STARLINK-4554
1 53626U 22104AQ  26245.47129607  .00003952  00000+0  13147-3 0  9993
2 53626  53.1604 152.2170 0001327  77.4728 282.6423 15.33538457222556
STARLINK-4595
1 53627U 22104AR  26245.04181970  .00000723  00000+0  31637-4 0  9996
2 53627  53.1606 153.7956 0001165  94.6729 265.4407 15.35397339222497
STARLINK-4600
1 53628U 22104AS  26245.06023425  .00001678  00000+0  59013-4 0  9997
2 53628  53.1599 153.9115 0001353  96.4090 263.7068 15.35400179222499
STARLINK-4602
1 53629U 22104AT  26245.58335648  .00046891  00000+0  13917-2 0  9995
2 53629  53.1577 151.3588 0001168 100.5711 324.2640 15.34368716  5872
STARLINK-4598
1 53630U 22104AU  26245.43810732  .00000099  00000+0  14962-4 0  9996
2 53630  53.1596 142.0310 0001380  84.4618 275.6541 15.31696311222868
STARLINK-4599
1 53631U 22104AV  26245.58056053  .00004271  00000+0  13322-3 0  9995
2 53631  53.1592 151.4713 0001282  90.7803 269.3347 15.35416313222571
STARLINK-4606
1 53632U 22104AW  26245.44652998  .00000831  00000+0  34715-4 0  9999
2 53632  53.1604 146.2912 0001113  84.7063 275.4067 15.35397448222960
STARLINK-4593
1 53633U 22104AX  26245.02466920  .00003050  00000+0  98298-4 0  9994
2 53633  53.1588 147.9272 0001155 100.9677 259.1456 15.35403988222572
STARLINK-4592
1 53634U 22104AY  26244.96460252  .00002902  00000+0  94056-4 0  9992
2 53634  53.1589 148.2624 0001237 100.9483 259.1659 15.35401459222896
STARLINK-4586
1 53636U 22104BA  26245.00915998 -.00000037  00000+0  10214-4 0  9994
2 53636  53.1610 147.8359 0001230  80.2010 279.9132 15.33549026222901
STARLINK-4396
1 53637U 22104BB  26245.20620333  .00001077  00000+0  41787-4 0  9996
2 53637  53.1605 147.6250 0001203  80.7702 279.3437 15.35397861222921
STARLINK-4594
1 53638U 22104BC  26245.04320683  .00001421  00000+0  51635-4 0  9990
2 53638  53.1603 148.0404 0001116  89.6937 270.4193 15.35395804222901
STARLINK-4422
1 53639U 22104BD  26245.59658454 -.00001212  00000+0 -32761-4 0  9990
2 53639  53.2176 119.5232 0001271  99.3095 260.8049 15.26511241223195
STARLINK-4597
1 53640U 22104BE  26245.61909143 -.00067639  00000+0 -19824-2 0  9997
2 53640  53.1620 145.2343 0001268  91.3650 268.7499 15.34813775222993
STARLINK-4588
1 53641U 22104BF  26245.42877734  .00001458  00000+0  58726-4 0  9998
2 53641  53.1590 141.9689 0001441  66.4162 293.6991 15.31716251223027
STARLINK-4622
1 53648U 22105A   26245.37531828  .00000380  00000+0  30230-4 0  9994
2 53648  97.2842 120.2148 0002275  89.1625 270.9863 15.05654843219823
STARLINK-4386
1 53649U 22105B   26245.58335648  .00443403  78086-4  13376-2 0  9991
2 53649  97.5956 135.7174 0001580 126.9790 314.2801 15.92177943  5929
STARLINK-4380
1 53650U 22105C   26245.37808606  .00000111  00000+0  11616-4 0  9997
2 53650  97.2851 120.1985 0002010  72.3415 287.8033 15.05654669219813
STARLINK-4388
1 53651U 22105D   26245.24043653  .00003859  00000+0  10919-3 0  9993
2 53651  97.5560 134.3333 0001718 104.0996 256.0439 15.36946673220452
STARLINK-4374
1 53652U 22105E   26245.39469877  .00000518  00000+0  39789-4 0  9996
2 53652  97.2852 120.1730 0002230  80.9415 279.2065 15.05652993219811
STARLINK-4390
1 53653U 22105F   26245.58335648  .00622620  16391-3  16038-2 0  9994
2 53653  97.5935 134.5021 0001613 143.6965  25.2738 15.95204726  5916
STARLINK-4420
1 53654U 22105G   26245.60095360  .00001871  00000+0  60263-4 0  9998
2 53654  97.2848 122.5878 0001599  97.3846 262.7578 15.33439709219998
STARLINK-4470
1 53655U 22105H   26245.23455325  .00006741  00000+0  18903-3 0  9993
2 53655  97.5307 133.2839 0001773  98.7215 261.4230 15.36931387220396
STARLINK-4466
1 53656U 22105J   26245.36977160 -.00000440  00000+0 -26617-4 0  9998
2 53656  97.2838 120.1845 0002202  66.8492 293.2968 15.05665268219810
STARLINK-4452
1 53658U 22105L   26245.23117868  .00000701  00000+0  24046-4 0  9999
2 53658  97.2850 122.1695 0001784  85.7892 274.3554 15.33435932219937
STARLINK-4473
1 53660U 22105N   26245.22857135 -.00000780  00000+0 -50169-4 0  9993
2 53660  97.2835 120.0576 0002126  76.6365 283.5100 15.05645421219791
STARLINK-4472
1 53661U 22105P   26245.59130607 -.00000240  00000+0 -12736-4 0  9991
2 53661  97.2853 120.3393 0002025  72.9098 287.2351 15.05658973219843
STARLINK-4357
1 53662U 22105Q   26245.23243544  .00000516  00000+0  16581-4 0  9994
2 53662  97.5172 132.5478 0001896  89.2811 270.8650 15.36960118220358
STARLINK-4457
1 53663U 22105R   26245.59008162  .00000299  00000+0  11581-4 0  9992
2 53663  97.2840 122.5893 0001918  92.1354 268.0109 15.33434416219998
STARLINK-4471
1 53664U 22105S   26245.24477787  .00000738  00000+0  25209-4 0  9998
2 53664  97.2844 122.2735 0001670  89.4954 270.6480 15.33432069219943
STARLINK-4334
1 53665U 22105T   26245.23412930  .00000875  00000+0  26537-4 0  9994
2 53665  97.5414 133.3155 0002044  83.6524 276.4953 15.36963804220393
STARLINK-4406
1 53667U 22105V   26245.58335648  .00174457  00000+0  20550-2 0  9999
2 53667  97.5986 132.5075 0001837  85.5802  87.5209 15.60802232  5840
STARLINK-4458
1 53668U 22105W   26245.27284414  .00000085  00000+0  46481-5 0  9999
2 53668  97.5244 133.2876 0001593  88.5752 271.5674 15.36959845220409
STARLINK-4464
1 53669U 22105X   26245.58335648  .00443426  77522-4  13787-2 0  9998
2 53669  97.5941 134.8153 0001449 118.6598 111.6307 15.91590415  5977
STARLINK-4459
1 53670U 22105Y   26245.22030039  .00001090  00000+0  36105-4 0  9997
2 53670  97.2854 122.1403 0001808  85.3229 274.8220 15.33438120219936
STARLINK-4440
1 53671U 22105Z   26245.51654906  .00000658  00000+0  49474-4 0  9997
2 53671  97.2839 120.2537 0002512  95.1976 264.9538 15.05660451219832
STARLINK-4428
1 53672U 22105AA  26245.22024816 -.00001186  00000+0 -78326-4 0  9994
2 53672  97.2850 120.0301 0002097  88.6942 271.4526 15.05657084219794
STARLINK-4456
1 53673U 22105AB  26245.99796263  .00503823  13702-3  47191-3 0  9996
2 53673  97.5842 135.1560 0003005 180.9463 179.1816 16.12156084220563
STARLINK-4620
1 53674U 22105AC  26245.22578643  .00000271  00000+0  22668-4 0  9998
2 53674  97.2845 120.0184 0001983  77.3970 282.7479 15.05654523219795
STARLINK-4617
1 53675U 22105AD  26245.41878781  .00001164  00000+0  38394-4 0  9991
2 53675  97.2841 122.4651 0001652  90.2750 269.8682 15.33435158219974
STARLINK-4621
1 53676U 22105AE  26245.20640252 -.00000267  00000+0 -14621-4 0  9991
2 53676  97.2857 120.0355 0001759  90.6966 269.4463 15.05660924219791
STARLINK-4579
1 53677U 22105AF  26245.19584664  .00001161  00000+0  38312-4 0  9999
2 53677  97.2859 122.1671 0001913  86.9495 273.1967 15.33429581219935
STARLINK-4632
1 53679U 22105AH  26245.59823548 -.00000560  00000+0 -15029-4 0  9996
2 53679  97.2844 122.5306 0001336 120.1468 239.9908 15.33445013219999
STARLINK-4630
1 53680U 22105AJ  26245.40790611  .00001009  00000+0  33584-4 0  9995
2 53680  97.2845 122.4591 0001625  94.2359 265.9069 15.33437558219978
STARLINK-4438
1 53682U 22105AL  26245.18223604  .00001066  00000+0  35355-4 0  9996
2 53682  97.2845 122.1474 0001759  87.9903 272.1541 15.33438278219930
STARLINK-4625
1 53683U 22105AM  26245.59684570  .00000257  00000+0  21713-4 0  9999
2 53683  97.2855 120.4160 0001866  75.6140 284.5295 15.05652792219853
STARLINK-4624
1 53684U 22105AN  26245.59961223  .00000896  00000+0  65996-4 0  9993
2 53684  97.2855 120.3673 0002112  84.5700 275.5768 15.05668722219820
STARLINK-4626
1 53685U 22105AP  26245.37254390  .00000192  00000+0  17176-4 0  9996
2 53685  97.2839 120.0995 0002576  77.2876 282.8640 15.05653110219818
STARLINK-4467
1 53686U 22105AQ  26245.23131891  .00001370  00000+0  98831-4 0  9998
2 53686  97.2833 119.9777 0002205  83.4899 276.6580 15.05661451219799
STARLINK-4569
1 53687U 22105AR  26245.23933642  .00000341  00000+0  12878-4 0  9997
2 53687  97.2848 122.2214 0001644  93.0405 267.1026 15.33436547219949
STARLINK-4571
1 53688U 22105AS  26245.21472128  .00000914  00000+0  67195-4 0  9991
2 53688  97.2833 119.9883 0002298  70.8856 289.2620 15.05663806219795
STARLINK-4570
1 53690U 22105AU  26245.20363153 -.00000523  00000+0 -32370-4 0  9995
2 53690  97.2857 120.0011 0001805  78.2648 281.8782 15.05660216219793
STARLINK-4560
1 53691U 22105AV  26245.60911319  .00000902  00000+0  30268-4 0  9996
2 53691  97.2846 122.6218 0001690  88.6812 271.4624 15.33434345220008
STARLINK-4572
1 53692U 22105AW  26245.45127218  .00026222  00000+0  87638-3 0  9992
2 53692  97.5959 135.5394 0002104  81.6744 278.4735 15.30987932220511
STARLINK-4566
1 53693U 22105AX  26245.22573955  .00000457  00000+0  16492-4 0  9994
2 53693  97.2845 122.2183 0002159  88.1643 271.9847 15.33434781219941
STARLINK-4725
1 53700U 22107A   26245.58335648  .00053534  00000+0  24427-2 0  9998
2 53700  53.1606 168.7198 0001957  58.0302 147.2856 15.20122884  5807
STARLINK-4711
1 53701U 22107B   26245.58335648  .00055072  00000+0  24159-2 0  9990
2 53701  53.1610 168.5436 0001944  91.8962 204.3039 15.21460001  5804
STARLINK-4724
1 53702U 22107C   26245.01708240  .00001337  00000+0  49237-4 0  9992
2 53702  53.1598 148.6073 0001006  85.7620 274.3498 15.35398207221830
STARLINK-4731
1 53703U 22107D   26245.58335648  .00058999  00000+0  25125-2 0  9997
2 53703  53.1610 168.5831 0000599  42.2284 234.1980 15.22438465  5498
STARLINK-4714
1 53704U 22107E   26245.05100853  .00000668  00000+0  33277-4 0  9997
2 53704  53.1604 161.6777 0001335  89.1684 270.9471 15.31702962221464
STARLINK-4717
1 53705U 22107F   26245.58335648  .00061588  00000+0  24526-2 0  9991
2 53705  53.1589 168.8500 0001783 102.7121  39.6873 15.24681353  5801
STARLINK-4716
1 53706U 22107G   26245.06140062  .00036319  00000+0  15177-2 0  9995
2 53706  53.1626 170.8566 0001897  74.4527 285.6680 15.23301472221494
STARLINK-4667
1 53707U 22107H   26245.46126090  .00000186  00000+0  16629-4 0  9993
2 53707  53.1614 145.6994 0001181  86.3619 273.7519 15.34387917221889
STARLINK-4694
1 53708U 22107J   26244.98012404 -.00001076  00000+0 -19945-4 0  9998
2 53708  53.1603 149.0932 0001245  69.4826 290.6310 15.35395706221794
STARLINK-4685
1 53709U 22107K   26245.06435800  .00000903  00000+0  36807-4 0  9990
2 53709  53.1620 170.2723 0001346  84.5955 275.5202 15.35398654221192
STARLINK-4627
1 53711U 22107M   26245.47090778  .00001427  00000+0  53375-4 0  9990
2 53711  53.1599 162.2105 0001166  89.4810 270.6327 15.34387936221340
STARLINK-4683
1 53712U 22107N   26245.10427984  .00000970  00000+0  39834-4 0  9990
2 53712  53.1602 169.8241 0000925  74.2430 285.8675 15.34388865221225
STARLINK-4686
1 53715U 22107R   26245.11690892  .00000271  00000+0  19153-4 0  9990
2 53715  53.1617 169.9420 0001166  83.2418 276.8718 15.34384652221215
STARLINK-4699
1 53716U 22107S   26245.11527080 -.00004815  00000+0 -13143-3 0  9991
2 53716  53.1616 171.3355 0001246  73.8551 286.2588 15.34409416221183
STARLINK-4695
1 53718U 22107U   26245.04464689  .00000160  00000+0  16937-4 0  9992
2 53718  53.1602 173.7096 0001236  93.3681 266.7462 15.31699326221146
STARLINK-4644
1 53719U 22107V   26245.44302847  .00001971  00000+0  71248-4 0  9991
2 53719  53.1600 146.1832 0001286  86.3696 273.7454 15.33552552221577
STARLINK-4642
1 53720U 22107W   26245.60014996 -.00001868  00000+0 -44197-4 0  9996
2 53720  53.1587 167.2729 0001198  74.8226 285.2909 15.34369093221294
STARLINK-4707
1 53721U 22107X   26245.05855530  .00001081  00000+0  43132-4 0  9996
2 53721  53.1605 171.6921 0000973  88.6645 271.4469 15.34385534221181
STARLINK-4700
1 53722U 22107Y   26245.11737966  .00000435  00000+0  24009-4 0  9990
2 53722  53.1613 171.3503 0001122  82.6271 277.4859 15.34387879221183
STARLINK-4705
1 53723U 22107Z   26245.02186220 -.00000947  00000+0 -16248-4 0  9998
2 53723  53.1589 172.1759 0000938  84.6599 275.4511 15.35401267221314
STARLINK-4663
1 53724U 22107AA  26245.01686558  .00000914  00000+0  37107-4 0  9996
2 53724  53.1591 170.7357 0001048 125.0750 235.0352 15.35399836221197
STARLINK-4697
1 53726U 22107AC  26245.11316918 -.00002295  00000+0 -56814-4 0  9991
2 53726  53.1611 171.3290 0001273  86.7640 273.3508 15.34399047221197
STARLINK-4701
1 53727U 22107AD  26245.06055294  .00002038  00000+0  69304-4 0  9994
2 53727  53.1603 171.7078 0001355  92.2351 267.8807 15.35409968221329
STARLINK-4640
1 53728U 22107AE  26245.06220607  .00000884  00000+0  37296-4 0  9999
2 53728  53.1589 169.6135 0001362  87.3295 272.7864 15.34387913221358
STARLINK-4651
1 53729U 22107AF  26245.10270061  .00002962  00000+0  95772-4 0  9996
2 53729  53.1598 176.1894 0001137  74.2070 285.9058 15.35404108221291
STARLINK-4641
1 53730U 22107AG  26245.07694269  .00001425  00000+0  53314-4 0  9993
2 53730  53.1613 169.7022 0001259  91.3478 268.7669 15.34398815221359
STARLINK-4636
1 53731U 22107AH  26245.12583128  .00004519  00000+0  22185-3 0  9999
2 53731  53.2076 172.6710 0003042   4.3502 355.7521 15.20002280221352
STARLINK-4661
1 53732U 22107AJ  26245.48879317  .00001061  00000+0  42544-4 0  9998
2 53732  53.1608 168.0064 0001299  96.7784 263.3367 15.34388049221417
STARLINK-4574
1 53733U 22107AK  26245.08908321  .00000816  00000+0  36153-4 0  9999
2 53733  53.1600 169.7802 0001161  95.0332 265.0802 15.33548288221388
STARLINK-4616
1 53734U 22107AL  26245.11138088 -.00011069  00000+0 -30780-3 0  9992
2 53734  53.1592 172.0167 0001068 127.9206 232.1894 15.35306933221355
STARLINK-4618
1 53735U 22107AM  26245.12952141  .00000257  00000+0  18736-4 0  9991
2 53735  53.1599 179.3069 0001074 100.5471 259.5652 15.34392990221253
STARLINK-4652
1 53736U 22107AN  26245.11480339 -.00000053  00000+0  93844-5 0  9995
2 53736  53.1590 169.9329 0001318  96.1870 263.9284 15.35396550221384
STARLINK-4662
1 53738U 22107AQ  26245.08542151  .00001160  00000+0  45484-4 0  9999
2 53738  53.1597 179.7362 0001589  91.2153 268.9032 15.34389240221236
STARLINK-4607
1 53740U 22107AS  26245.58335648  .00127086  00000+0  15248-2 0  9997
2 53740  53.1586 175.0727 0001616  95.8269 229.3206 15.60019745  5884
STARLINK-4637
1 53742U 22107AU  26245.14361788  .00003428  00000+0  10905-3 0  9994
2 53742  53.1580 179.3908 0001263  90.3955 269.7193 15.35424666221403
STARLINK-4645
1 53743U 22107AV  26245.14424999  .00001430  00000+0  53485-4 0  9991
2 53743  53.1593 179.3965 0001458  94.2168 265.9002 15.34385226221400
STARLINK-4670
1 53744U 22107AW  26245.09885871  .00000451  00000+0  26309-4 0  9993
2 53744  53.1600 185.4448 0001327  87.5879 272.5274 15.31697247221314
STARLINK-4656
1 53745U 22107AX  26245.08333255  .00002057  00000+0  72046-4 0  9990
2 53745  53.1585 179.7274 0001382  76.1965 283.9191 15.34375975221397
STARLINK-4589
1 53746U 22107AY  26245.12141947 -.00001267  00000+0 -27208-4 0  9995
2 53746  53.1595 179.9655 0001330  91.7595 268.3559 15.33529403221390
STARLINK-4612
1 53750U 22107BC  26245.06228614  .00000840  00000+0  36015-4 0  9990
2 53750  53.1593 179.6022 0001293  92.6270 267.4881 15.34381093221408
STARLINK-4718
1 53773U 22111A   26245.61606181  .00000453  00000+0  26363-4 0  9995
2 53773  53.1602 201.7494 0001288  75.3358 284.7787 15.31703395220667
STARLINK-4719
1 53774U 22111B   26245.22922929 -.00000348  00000+0  57449-6 0  9999
2 53774  53.1601 203.5961 0001671  99.8632 260.2558 15.31706840220469
STARLINK-4722
1 53775U 22111C   26245.57118687  .00001170  00000+0  49478-4 0  9990
2 53775  53.1608 190.1094 0001358  86.9443 273.1714 15.31697571220539
STARLINK-4664
1 53777U 22111E   26245.58335648  .00009992  00000+0  43452-3 0  9996
2 53777  53.1609 198.9714 0002091  95.3415  67.0376 15.22874743  5796
STARLINK-4709
1 53778U 22111F   26245.13442152  .00002701  00000+0  98719-4 0  9995
2 53778  53.1596 197.3343 0001230  75.2846 284.8292 15.31718855220394
STARLINK-4706
1 53779U 22111G   26245.17025139  .00000500  00000+0  27886-4 0  9994
2 53779  53.1611 191.1653 0001095  91.0556 269.0571 15.31700180220489
STARLINK-4678
1 53780U 22111H   26245.14533410  .00000235  00000+0  18487-4 0  9991
2 53780  53.1613 199.4240 0001170  76.2176 283.8956 15.33554588220362
STARLINK-4462
1 53781U 22111J   26245.58335648  .00013598  00000+0  56971-3 0  9998
2 53781  53.1608 198.8900 0001349 104.8713  98.6050 15.23831438  5781
STARLINK-4536
1 53783U 22111L   26245.58335648  .00015783  00000+0  73607-3 0  9993
2 53783  53.1609 199.0690 0001923  79.4759  31.1676 15.20039104  5747
STARLINK-4687
1 53784U 22111M   26245.16558697  .00000657  00000+0  32921-4 0  9998
2 53784  53.1588 191.1361 0001189  97.3498 262.7639 15.31698153220483
STARLINK-4743
1 53787U 22111Q   26245.14700792  .00000528  00000+0  28785-4 0  9994
2 53787  53.1588 191.7193 0001087  93.0988 267.0138 15.31705088220476
STARLINK-4666
1 53789U 22111S   26245.58335648  .00025562  00000+0  74417-3 0  9995
2 53789  53.1606 197.4461 0001463  64.5561 159.3009 15.35275170  5804
STARLINK-4734
1 53790U 22111T   26245.58335648  .00205837  00000+0  23900-2 0  9992
2 53790  53.1579 187.6714 0001762  80.3127 106.3351 15.60579859  5804
STARLINK-4739
1 53792U 22111V   26245.07242346  .00000870  00000+0  39812-4 0  9991
2 53792  53.1587 191.9586 0001194  84.7663 275.3474 15.31699694220453
STARLINK-4728
1 53793U 22111W   26245.12366404  .00000716  00000+0  34844-4 0  9999
2 53793  53.1601 191.5753 0001346  94.0543 266.0612 15.31701952220466
STARLINK-4730
1 53794U 22111X   26245.12833846  .00000449  00000+0  26233-4 0  9995
2 53794  53.1588 191.6045 0001189  81.2524 278.8612 15.31699262220469
STARLINK-4742
1 53795U 22111Y   26245.14243677  .00000579  00000+0  30435-4 0  9998
2 53795  53.1599 192.3932 0001278  94.3544 265.7603 15.31700029220459
STARLINK-4723
1 53797U 22111AA  26245.13300816  .00000160  00000+0  16927-4 0  9994
2 53797  53.1593 191.6361 0001032  79.7399 280.3719 15.31692097220452
STARLINK-4712
1 53798U 22111AB  26245.56642536  .00000393  00000+0  24429-4 0  9994
2 53798  53.1598 189.3632 0001400  94.3537 265.7625 15.31696700220525
STARLINK-4710
1 53799U 22111AC  26245.09431749  .00001261  00000+0  49678-4 0  9993
2 53799  53.1595 180.0044 0001244  82.2873 277.8270 15.33545269220618
STARLINK-4720
1 53800U 22111AD  26245.30703900  .00034653  00000+0  31826-3 0  9997
2 53800  53.2037 103.0110 0003412  90.9710 269.1699 15.67402872221728
STARLINK-4715
1 53801U 22111AE  26245.10850913 -.00000609  00000+0 -68804-5 0  9997
2 53801  53.1614 179.3877 0001237  87.1384 272.9760 15.34395092220621
STARLINK-4726
1 53802U 22111AF  26245.11061097  .00000308  00000+0  20267-4 0  9990
2 53802  53.1588 179.3976 0001067  83.6263 276.4861 15.34389049220626
STARLINK-4727
1 53803U 22111AG  26245.04350671 -.00003606  00000+0 -92469-4 0  9991
2 53803  53.1602 171.7489 0001043  81.2760 278.8361 15.35418041220727
STARLINK-4729
1 53804U 22111AH  26245.12816156  .00003139  00000+0  10083-3 0  9996
2 53804  53.1594 177.3122 0002265  48.5093 311.6104 15.35411684220655
STARLINK-4763
1 53805U 22111AJ  26245.07581324  .00000824  00000+0  38328-4 0  9998
2 53805  53.1595 167.7275 0001308  85.0274 275.0876 15.31703417220780
STARLINK-4768
1 53806U 22111AK  26245.04014954  .00000826  00000+0  34596-4 0  9991
2 53806  53.1604 172.4179 0001237  96.7398 263.3746 15.35390338220712
STARLINK-4738
1 53819U 22114B   26245.20093671 -.00000218  00000+0  47493-5 0  9996
2 53819  53.1591 221.0178 0001222  91.3007 268.8134 15.31690978219621
STARLINK-4758
1 53820U 22114C   26245.25012735  .00001195  00000+0  45155-4 0  9991
2 53820  53.1595 225.5159 0001291  90.7105 269.4046 15.35399472219564
STARLINK-4748
1 53823U 22114F   26245.54169311 -.00001336  00000+0 -27396-4 0  9995
2 53823  53.1606 175.3277 0001574  94.8638 265.2545 15.35387986220290
STARLINK-4757
1 53824U 22114G   26245.22842091  .00002819  00000+0  91688-4 0  9994
2 53824  53.1589 225.3923 0001055  97.4005 262.7118 15.35404004219473
STARLINK-4751
1 53825U 22114H   26245.22136846  .00001041  00000+0  40756-4 0  9995
2 53825  53.1585 225.3375 0001182 110.2115 249.9016 15.35402047219567
STARLINK-4756
1 53826U 22114J   26245.22003551  .00000459  00000+0  24071-4 0  9996
2 53826  53.1599 225.3335 0001235  89.7990 270.3154 15.35399655219560
STARLINK-4764
1 53827U 22114K   26245.19767185  .00000929  00000+0  37541-4 0  9991
2 53827  53.1610 225.9008 0001187  91.8768 268.2371 15.35395959219550
STARLINK-4760
1 53828U 22114L   26245.21316060  .00000399  00000+0  22350-4 0  9990
2 53828  53.1605 225.9951 0001202  88.0754 272.0386 15.35396081219559
STARLINK-4759
1 53829U 22114M   26245.19854106  .00001195  00000+0  45169-4 0  9994
2 53829  53.1614 225.9068 0001221  90.3496 269.7647 15.35396307219553
STARLINK-4761
1 53830U 22114N   26245.23140098  .00000389  00000+0  22079-4 0  9998
2 53830  53.1607 225.4047 0001532  90.1319 269.9859 15.35399077219561
STARLINK-4649
1 53831U 22114P   26245.23963209  .00000441  00000+0  24182-4 0  9992
2 53831  53.1613 224.7459 0001301  82.6035 277.5115 15.34390102219573
STARLINK-4747
1 53832U 22114Q   26245.18827410  .00001072  00000+0  41630-4 0  9998
2 53832  53.1603 225.1417 0001289  95.7491 264.3659 15.35393908219562
STARLINK-4771
1 53833U 22114R   26245.22287988  .00000323  00000+0  38398-4 0  9999
2 53833  53.1590 230.9523 0001199  68.2582 291.8537 15.08833807219484
STARLINK-4737
1 53834U 22114S   26245.27080701  .00000416  00000+0  22832-4 0  9998
2 53834  53.1594 224.9363 0001365  88.5469 271.5690 15.35392661219571
STARLINK-4783
1 53835U 22114T   26245.28079573  .00000578  00000+0  54397-4 0  9995
2 53835  53.1597 230.6037 0001307  86.7774 273.3367 15.08832480219492
STARLINK-4778
1 53836U 22114U   26245.19995505  .00001199  00000+0  58368-4 0  9990
2 53836  53.1806 198.8640 0002391  81.5026 278.6244 15.26509644219943
STARLINK-4776
1 53837U 22114V   26245.27342490  .00000673  00000+0  60366-4 0  9996
2 53837  53.1593 230.5617 0000748  85.6903 274.4174 15.08829883219494
STARLINK-4773
1 53838U 22114W   26245.24864350  .00000428  00000+0  44982-4 0  9992
2 53838  53.1593 221.1348 0001252  83.3997 276.7137 15.08838896219624
STARLINK-4784
1 53839U 22114X   26245.25603156  .00004995  00000+0  33192-3 0  9992
2 53839  53.1594 221.1764 0001672  72.0089 288.1085 15.08816996219627
STARLINK-4766
1 53840U 22114Y   26245.22130570  .00000691  00000+0  34027-4 0  9994
2 53840  53.1592 209.0516 0001291  79.7822 280.3325 15.31694717219793
STARLINK-4750
1 53841U 22114Z   26245.24495425  .00000419  00000+0  44438-4 0  9995
2 53841  53.1591 221.1100 0000838  83.4546 276.6541 15.08829023219622
STARLINK-4754
1 53842U 22114AA  26245.16397448 -.00000154  00000+0  83968-5 0  9992
2 53842  53.1596 221.3137 0001235  72.7519 287.3608 15.08827961219614
STARLINK-4769
1 53843U 22114AB  26245.24127076 -.00000049  00000+0  15016-4 0  9991
2 53843  53.1592 221.0848 0001354  79.7772 280.3372 15.08827853219629
STARLINK-4745
1 53844U 22114AC  26245.20075014 -.00000083  00000+0  13039-4 0  9993
2 53844  53.1599 221.5628 0001119  69.3983 290.7128 15.08029883219616
STARLINK-4753
1 53845U 22114AD  26245.16766085  .00000000  00000+0  18069-4 0  9990
2 53845  53.1594 221.3548 0001314  84.1677 275.9464 15.08829023219615
STARLINK-4746
1 53846U 22114AE  26245.21547825 -.00001079  00000+0 -49693-4 0  9992
2 53846  53.1606 220.9176 0001412  68.3618 291.7524 15.08838617219623
STARLINK-4777
1 53847U 22114AF  26245.62397179 -.00000237  00000+0  31964-5 0  9990
2 53847  53.1599 219.2060 0001214  71.5938 288.5185 15.08829347219682
STARLINK-4780
1 53848U 22114AG  26245.20810357  .00000493  00000+0  49097-4 0  9991
2 53848  53.1595 220.8785 0001308  72.6152 287.4983 15.08835251219624
STARLINK-4770
1 53849U 22114AH  26245.61747780 -.00000370  00000+0 -15923-6 0  9995
2 53849  53.1595 207.2574 0001234  89.2340 270.8803 15.31695859219857
STARLINK-4767
1 53850U 22114AJ  26245.19705539  .00000612  00000+0  56546-4 0  9997
2 53850  53.1591 220.8124 0001215  71.3938 288.7185 15.08831911219622
STARLINK-4755
1 53851U 22114AK  26245.21178894  .00000085  00000+0  23455-4 0  9996
2 53851  53.1603 220.9005 0001374  78.3223 281.7922 15.08833854219626
STARLINK-4797
1 53852U 22114AL  26245.17005150 -.00000284  00000+0  26095-5 0  9992
2 53852  53.1599 209.3591 0001329  80.8204 279.2948 15.31693107219787
STARLINK-4794
1 53853U 22114AM  26245.20441842  .00000461  00000+0  47049-4 0  9996
2 53853  53.1598 220.8579 0001354  69.3403 290.7734 15.08836854219628
STARLINK-4800
1 53854U 22114AN  26245.17336776  .00000641  00000+0  32420-4 0  9999
2 53854  53.1596 204.3844 0001070  89.2300 270.8824 15.31703699219851
STARLINK-4703
1 53855U 22114AP  26245.60347443  .00000010  00000+0  12082-4 0  9993
2 53855  53.1591 207.1686 0001234  93.8644 266.2498 15.31696741219851
STARLINK-4795
1 53856U 22114AQ  26245.58335648 -.00711341  00000+0 -27370-1 0  9996
2 53856  53.2202 161.8994 0001271 101.5355 290.7839 15.28559361  5965
STARLINK-4809
1 53857U 22114AR  26245.17472165  .00000750  00000+0  35938-4 0  9993
2 53857  53.1590 209.4673 0000915  85.0779 275.0327 15.31701340219783
STARLINK-4790
1 53859U 22114AT  26245.16537631  .00000395  00000+0  24500-4 0  9992
2 53859  53.1606 209.3317 0001359  90.3160 269.7998 15.31700681219784
STARLINK-4799
1 53860U 22114AU  26245.20128368  .00000637  00000+0  32284-4 0  9999
2 53860  53.1600 203.8558 0001298  93.9851 266.1299 15.31697363219624
STARLINK-4781
1 53861U 22114AV  26245.18252901  .00002466  00000+0  91204-4 0  9997
2 53861  53.1572 203.0510 0001257  88.3922 271.7223 15.31696240219874
STARLINK-4788
1 53863U 22114AX  26245.58345088  .00000440  00000+0  25940-4 0  9996
2 53863  53.1590 201.9760 0001194  95.5410 264.5728 15.31699550219925
STARLINK-4779
1 53864U 22114AY  26245.57877859  .00001944  00000+0  74380-4 0  9994
2 53864  53.1577 201.9414 0000979 101.8620 258.2491 15.31706128219928
STARLINK-4762
1 53866U 22114BA  26245.55188294  .00000410  00000+0  23290-4 0  9993
2 53866  53.1601 177.5955 0001405  86.8294 273.2870 15.34391497220269
STARLINK-4793
1 53867U 22114BB  26245.58335648  .00016082  00000+0  59194-3 0  9997
2 53867  53.1855 177.4559 0001101  41.0890 137.8030 15.28023996  5867
STARLINK-4789
1 53868U 22114BC  26245.11389033  .00002167  00000+0  73014-4 0  9991
2 53868  53.1596 179.8510 0001166  83.0054 277.1081 15.35402114220192
STARLINK-4810
1 53869U 22114BD  26245.15164012 -.00002635  00000+0 -73152-4 0  9999
2 53869  53.1597 191.4619 0001195  77.9645 282.1491 15.31712990220030
STARLINK-4732
1 53870U 22114BE  26245.54557338  .00000887  00000+0  37386-4 0  9995
2 53870  53.1595 177.5575 0001242  89.8317 270.2828 15.34392072220262
STARLINK-4740
1 53871U 22114BF  26245.54769644  .00000294  00000+0  19867-4 0  9997
2 53871  53.1620 177.5716 0001417  84.2338 275.8826 15.34371664220268
STARLINK-5028
1 53886U 22119A   26245.58335648 -.00010098  00000+0 -29597-3 0  9990
2 53886  53.1596 247.0465 0001752  74.7673 302.3807 15.33560921  5809
STARLINK-5029
1 53887U 22119B   26245.31011058  .00000824  00000+0  38293-4 0  9996
2 53887  53.1588 247.5085 0000968  98.8693 261.2418 15.31702201218399
STARLINK-5031
1 53889U 22119D   26245.24952960  .00000158  00000+0  16853-4 0  9994
2 53889  53.1596 247.8420 0001137  83.3874 276.7257 15.31700175218384
STARLINK-5050
1 53890U 22119E   26245.18865415  .00002760  00000+0  10065-3 0  9996
2 53890  53.1581 209.0139 0001212  90.4989 269.6151 15.31705643218926
STARLINK-5041
1 53891U 22119F   26245.58335648  .00298909  00000+0  13855-2 0  9992
2 53891  53.2149 210.9550 0001207  99.0202 193.4841 15.82098327  5961
STARLINK-5046
1 53892U 22119G   26245.58335648  .00033500  00000+0  10012-2 0  9999
2 53892  53.1594 247.5597 0002713  74.4778  32.9287 15.34303185  5790
STARLINK-5052
1 53893U 22119H   26245.58335648  .00032510  00000+0  95335-3 0  9992
2 53893  53.1595 247.7411 0001119  57.1347 318.5615 15.34919007  5781
STARLINK-5043
1 53894U 22119J   26245.20307270 -.00002473  00000+0 -67982-4 0  9997
2 53894  53.1607 231.7605 0001297  85.5800 274.5350 15.31678603218616
STARLINK-5037
1 53896U 22119L   26245.58335648  .00019123  00000+0  64671-3 0  9999
2 53896  53.1596 247.8688 0000844  81.1980 229.6506 15.30669219  5690
STARLINK-5035
1 53897U 22119M   26245.58335648 -.00743856  00000+0 -16635-1 0  9994
2 53897  53.2166 198.8046 0001224  77.1312 141.2212 15.45339253  5977
STARLINK-5044
1 53898U 22119N   26245.25089921  .00003423  00000+0  11537-3 0  9994
2 53898  53.1608 248.5537 0001611  64.6071 295.5097 15.33547020218373
STARLINK-5045
1 53900U 22119Q   26245.58335648 -.00012465  00000+0 -36819-3 0  9992
2 53900  53.1602 247.1760 0001460  71.5973 236.8475 15.33557724  5806
STARLINK-5021
1 53902U 22119S   26245.15662752  .00000763  00000+0  36354-4 0  9997
2 53902  53.1618 193.8765 0001322  65.2827 294.8312 15.31702818219133
STARLINK-5022
1 53903U 22119T   26245.28606432  .00001366  00000+0  55765-4 0  9992
2 53903  53.1592 244.5578 0001224  82.9502 277.1638 15.31701739218436
STARLINK-4787
1 53904U 22119U   26245.27656837  .00001016  00000+0  41200-4 0  9997
2 53904  53.1590 240.9885 0001032  83.5031 276.6089 15.34392909218484
STARLINK-5003
1 53905U 22119V   26245.29832519  .00000291  00000+0  36409-4 0  9992
2 53905  53.1589 240.9588 0001242  79.6814 280.4317 15.08829959218489
STARLINK-5054
1 53906U 22119W   26245.25041195 -.00000801  00000+0 -32239-4 0  9997
2 53906  53.1587 240.6707 0001149  76.5179 283.5941 15.08851568218482
STARLINK-5057
1 53908U 22119Y   26245.24118092  .00000990  00000+0  43672-4 0  9999
2 53908  53.1584 232.9064 0001209  79.6601 280.4537 15.31702381218595
STARLINK-4796
1 53909U 22119Z   26245.58335648  .00010985  00000+0  42270-3 0  9992
2 53909  53.1611 239.3487 0000520  95.5539 202.2168 15.26896834  5798
STARLINK-5048
1 53911U 22119AB  26245.49335985  .00000307  00000+0  37381-4 0  9994
2 53911  53.1590 240.0435 0001275  82.5029 277.6107 15.08829917218510
STARLINK-5059
1 53912U 22119AC  26245.30929846  .00000439  00000+0  45680-4 0  9997
2 53912  53.1590 240.3278 0001120  76.3111 283.8005 15.08829812218498
STARLINK-5053
1 53913U 22119AD  26245.27621502 -.00000298  00000+0 -63538-6 0  9991
2 53913  53.1601 240.8225 0001139  75.7307 284.3811 15.08831007218488
STARLINK-5040
1 53914U 22119AE  26245.47124905 -.00000009  00000+0  17523-4 0  9999
2 53914  53.1593 239.9116 0001140  75.3932 284.7186 15.08833890218514
STARLINK-5051
1 53916U 22119AG  26245.18400534  .00000569  00000+0  30086-4 0  9993
2 53916  53.1597 209.1344 0001240  81.9075 278.2067 15.31701033218935
STARLINK-5036
1 53917U 22119AH  26245.56683708  .00000453  00000+0  30154-4 0  9990
2 53917  53.1609 206.4076 0001211  84.6598 275.4539 15.26519444219009
STARLINK-5012
1 53918U 22119AJ  26245.20260639  .00000090  00000+0  23762-4 0  9990
2 53918  53.1591 241.0755 0001135  74.5465 285.5651 15.08832308218479
STARLINK-5023
1 53919U 22119AK  26245.27743486  .00000309  00000+0  21740-4 0  9991
2 53919  53.1606 230.0137 0001291  92.8569 267.2580 15.31697676218640
STARLINK-5025
1 53920U 22119AL  26245.17119547  .00007954  00000+0  26707-3 0  9997
2 53920  53.1588 233.1755 0002051 144.1840 215.9300 15.31790757218586
STARLINK-5002
1 53922U 22119AN  26245.25411089  .00000700  00000+0  62057-4 0  9995
2 53922  53.1593 240.6862 0001221  71.1161 288.9962 15.08832319218487
STARLINK-5004
1 53923U 22119AP  26245.26147310  .00000087  00000+0  23543-4 0  9995
2 53923  53.1596 240.7315 0001267  68.6855 291.4272 15.08836747218488
STARLINK-5001
1 53924U 22119AQ  26245.20710700  .00002374  00000+0  10276-3 0  9998
2 53924  53.1620 215.4946 0001286  94.4859 265.6287 15.26511818218846
STARLINK-5011
1 53925U 22119AR  26245.30561746  .00000491  00000+0  48972-4 0  9997
2 53925  53.1592 240.3063 0001170  86.8122 273.3003 15.08826275218491
STARLINK-5014
1 53926U 22119AS  26245.35938390  .00000125  00000+0  15808-4 0  9992
2 53926  53.1619 202.9232 0001650  88.6024 271.5167 15.31703086219041
STARLINK-5009
1 53928U 22119AU  26245.26608816  .00000150  00000+0  27495-4 0  9994
2 53928  53.1598 230.7848 0001274  75.9545 284.1588 15.08828456218623
STARLINK-5018
1 53929U 22119AV  26245.23184559 -.00000023  00000+0  11009-4 0  9999
2 53929  53.1578 232.8393 0001123  76.3054 283.8072 15.31699432218599
STARLINK-5010
1 53930U 22119AW  26245.58335648  .00010643  00000+0  41467-3 0  9994
2 53930  53.2118 176.9369 0001305  80.0477  92.5393 15.26517432  5886
STARLINK-4772
1 53932U 22119AY  26245.21688886  .00000221  00000+0  31981-4 0  9993
2 53932  53.1594 226.1943 0001195  62.3261 297.7851 15.08834214218695
STARLINK-4782
1 53933U 22119AZ  26245.26241810  .00000442  00000+0  45892-4 0  9992
2 53933  53.1600 230.7626 0001145  59.5207 300.5897 15.08831958218624
STARLINK-4775
1 53934U 22119BA  26245.21321479  .00000593  00000+0  55361-4 0  9997
2 53934  53.1587 226.1729 0001430  85.8040 274.3115 15.08838611218709
STARLINK-4791
1 53936U 22119BC  26245.20877378  .00000453  00000+0  26365-4 0  9999
2 53936  53.1586 214.9310 0001163  86.6568 273.4567 15.31703479218854
STARLINK-4633
1 53964U 22125A   26245.04315697  .00001137  00000+0  44789-4 0  9990
2 53964  53.1613 147.8171 0001142  76.1948 283.9182 15.34382878216001
STARLINK-4635
1 53966U 22125C   26245.45106376  .00003551  00000+0  11260-3 0  9998
2 53966  53.1607 146.0966 0001299  80.2959 279.8191 15.35414800216062
STARLINK-4634
1 53967U 22125D   26245.58335648  .00047611  00000+0  14130-2 0  9992
2 53967  53.1584 145.3145 0001112  98.1027 356.0352 15.34363484  5700
STARLINK-4629
1 53968U 22125E   26245.04105389  .00001805  00000+0  64577-4 0  9998
2 53968  53.1595 147.8055 0001262  77.1812 282.9331 15.34385159216009
STARLINK-4468
1 53969U 22125F   26244.97354798  .00003856  00000+0  12860-3 0  9995
2 53969  53.1588 148.0991 0001239 107.5703 252.5435 15.33529935215991
STARLINK-4567
1 53970U 22125G   26244.97061131 -.00000457  00000+0 -21766-5 0  9996
2 53970  53.1611 138.8892 0001403  82.9638 277.1524 15.35395973216137
STARLINK-5156
1 53973U 22125K   26245.01013062  .00000720  00000+0  34957-4 0  9991
2 53973  53.1612 147.6209 0001287  86.0772 274.0377 15.31701579216002
STARLINK-5159
1 53974U 22125L   26245.36609924  .00000718  00000+0  32407-4 0  9993
2 53974  53.1600 122.8299 0001183  88.0082 272.1056 15.34386325216380
STARLINK-5137
1 53975U 22125M   26245.05490956  .00000249  00000+0  33746-4 0  9999
2 53975  53.1594 146.4115 0001491  89.5269 270.5893 15.08830298216023
STARLINK-5134
1 53976U 22125N   26244.91636373  .00053908  00000+0  16100-2 0  9992
2 53976  53.1612 124.3118 0001210  70.3017 289.8116 15.34107439216328
STARLINK-5094
1 53977U 22125P   26244.97305120  .00000590  00000+0  27818-4 0  9991
2 53977  53.1600 138.1890 0001272  85.3264 274.7885 15.35395719216130
STARLINK-5148
1 53978U 22125Q   26245.58335648  .00081698  00000+0  40554-2 0  9996
2 53978  53.1597 144.2444 0002007  80.6214 159.0814 15.16992697  5803
STARLINK-5123
1 53979U 22125R   26245.45206567  .00001323  00000+0  54401-4 0  9995
2 53979  53.1612 141.8181 0001190  84.5742 275.5395 15.31701356216128
STARLINK-5133
1 53980U 22125S   26245.58335648  .00087412  00000+0  46845-2 0  9998
2 53980  53.1594 144.0806 0000764  73.3690 250.5664 15.14253565  5787
STARLINK-5149
1 53981U 22125T   26245.39568242  .00002515  00000+0  92742-4 0  9996
2 53981  53.1605 121.6229 0001419  82.5955 277.5208 15.31720764216400
STARLINK-5120
1 53982U 22125U   26245.03150411  .00001188  00000+0  92720-4 0  9994
2 53982  53.1596 141.9765 0001363  88.9874 271.1274 15.08829976216073
STARLINK-5142
1 53984U 22125W   26245.04255639  .00000626  00000+0  57404-4 0  9991
2 53984  53.1595 142.0445 0001373  88.1160 271.9988 15.08831742216087
STARLINK-5147
1 53985U 22125X   26245.44736229  .00000285  00000+0  35968-4 0  9997
2 53985  53.1591 140.3025 0001215 100.4233 259.6895 15.08837484216149
STARLINK-5119
1 53986U 22125Y   26245.38108454  .00000893  00000+0  40528-4 0  9997
2 53986  53.1612 119.4229 0001297  82.6612 277.4537 15.31697707216429
STARLINK-5113
1 53988U 22125AA  26244.99692955  .00004834  00000+0  14935-3 0  9990
2 53988  53.1580 138.2687 0001604  67.4135 292.7037 15.35412884216122
STARLINK-5118
1 53991U 22125AD  26245.36397097  .00001649  00000+0  58166-4 0  9991
2 53991  53.1616 122.7527 0001296  82.8312 277.2838 15.35398676216378
STARLINK-5108
1 53992U 22125AE  26245.00317458  .00004590  00000+0  14687-3 0  9993
2 53992  53.1606 138.3052 0001319  90.1902 269.9252 15.34410492216128
STARLINK-5121
1 53993U 22125AF  26245.40177041  .00000802  00000+0  68497-4 0  9991
2 53993  53.1593 135.0302 0001297  96.1426 263.9714 15.08831593216204
STARLINK-5125
1 53994U 22125AG  26244.95052629 -.00000087  00000+0  12649-4 0  9999
2 53994  53.1601 142.1846 0001423  85.8085 274.3069 15.08828544216070
STARLINK-5097
1 53995U 22125AH  26245.00739903  .00000964  00000+0  39693-4 0  9995
2 53995  53.1607 138.3383 0001266 110.7257 249.3881 15.34384880216123
STARLINK-5131
1 53996U 22125AJ  26244.94684151 -.00000169  00000+0  74885-5 0  9993
2 53996  53.1594 142.1610 0001318  84.0175 276.0966 15.08826637216072
STARLINK-5130
1 53997U 22125AK  26244.97683322  .00000257  00000+0  18756-4 0  9997
2 53997  53.1603 122.5537 0001282 103.1971 256.9175 15.34395089216341
STARLINK-5128
1 53998U 22125AL  26245.00573073 -.00001926  00000+0 -10300-3 0  9996
2 53998  53.1596 141.8188 0001341  93.9595 266.1550 15.08814724216087
STARLINK-5079
1 53999U 22125AM  26245.01162400  .00017433  00000+0  52723-3 0  9999
2 53999  53.1597 138.3573 0001113  93.5091 266.6039 15.34318070216137
STARLINK-5088
1 54000U 22125AN  26245.00002315  .00007757  00000+0  24059-3 0  9999
2 54000  53.1598 124.0511 0001654  84.9789 307.7143 15.34384695  5869
STARLINK-5109
1 54002U 22125AQ  26244.93345821  .00003149  00000+0  11311-3 0  9992
2 54002  53.1606 120.2125 0001211  95.5783 264.5356 15.31722923216385
STARLINK-5114
1 54003U 22125AR  26245.00939852  .00000075  00000+0  22800-4 0  9996
2 54003  53.1604 141.8436 0001399  94.6569 265.4582 15.08826074216081
STARLINK-5129
1 54004U 22125AS  26244.99833971  .00000066  00000+0  22254-4 0  9992
2 54004  53.1599 141.7723 0001531  78.2160 281.9004 15.08831734216087
STARLINK-5135
1 54005U 22125AT  26245.00202381  .00000404  00000+0  43464-4 0  9993
2 54005  53.1604 141.7969 0001499  89.6884 270.4279 15.08831402216088
STARLINK-5096
1 54006U 22125AU  26245.41724664  .00000927  00000+0  41642-4 0  9998
2 54006  53.1610 133.1388 0001222  86.8837 273.2304 15.31698814216238
STARLINK-5132
1 54007U 22125AV  26244.99464497  .00000305  00000+0  37281-4 0  9990
2 54007  53.1603 141.7514 0001360  88.9886 271.1261 15.08841042216086
STARLINK-5145
1 54008U 22125AW  26244.97939861  .00004092  00000+0  13220-3 0  9994
2 54008  53.1593 123.9846 0000973  72.1496 287.9613 15.34395025216334
STARLINK-5099
1 54009U 22125AX  26245.39611132  .00000058  00000+0  12857-4 0  9994
2 54009  53.1598 136.4908 0000952  93.8160 266.2952 15.34383169216199
STARLINK-5127
1 54010U 22125AY  26245.37442888  .00000700  00000+0  31880-4 0  9995
2 54010  53.1610 122.1861 0001231  91.8689 268.2455 15.34381869216398
STARLINK-5124
1 54011U 22125AZ  26244.98095929  .00001029  00000+0  44935-4 0  9992
2 54011  53.1612 123.9969 0001355  94.9465 265.1691 15.31697133216335
STARLINK-5126
1 54012U 22125BA  26245.37175231  .00000477  00000+0  27122-4 0  9997
2 54012  53.1609 119.3655 0001158  95.1825 264.9309 15.31695004216436
STARLINK-5098
1 54013U 22125BB  26245.36312748 -.00000048  00000+0  10223-4 0  9992
2 54013  53.1617 122.1159 0001358  92.5099 267.6058 15.31698348216393
STARLINK-5055
1 54015U 22125BD  26246.08848485  .00756829  26829-3  15829-2 0  9996
2 54015  53.2119 107.1749 0001423  91.3084 268.8110 15.98459533216672
STARLINK-5195
1 54051U 22136A   26245.58335648  .00063365  00000+0  36646-2 0  9999
2 54051  53.1607 270.4322 0002857  81.4691  94.4154 15.11690809  5798
STARLINK-5189
1 54052U 22136B   26245.25871628 -.00000175  00000+0  71139-5 0  9997
2 54052  53.1599 230.7334 0001142  75.4678 284.6440 15.08829338214065
STARLINK-5176
1 54053U 22136C   26245.28977067  .00000965  00000+0  42846-4 0  9993
2 54053  53.1593 259.6406 0001236  83.0442 277.0700 15.31709614213668
STARLINK-5163
1 54054U 22136D   26245.48106599  .00001338  00000+0  54892-4 0  9999
2 54054  53.1610 260.1594 0001851  55.1485 304.9691 15.31687855213676
STARLINK-5158
1 54055U 22136E   26245.54227451  .00000702  00000+0  32668-4 0  9999
2 54055  53.1594 261.8717 0001178  86.7004 273.4133 15.33548475213657
STARLINK-5226
1 54056U 22136F   26245.30856736  .00001459  00000+0  52732-4 0  9992
2 54056  53.1612 264.6512 0001198  91.8035 268.3105 15.35401478213594
STARLINK-5167
1 54058U 22136H   26245.32857343 -.00000250  00000+0  37428-5 0  9996
2 54058  53.1605 262.6661 0001210  86.4844 273.6298 15.35395202213627
STARLINK-5173
1 54059U 22136J   26245.30608968  .00000183  00000+0  16566-4 0  9995
2 54059  53.1583 262.5335 0001058  91.4461 268.6663 15.34385270213624
STARLINK-5169
1 54060U 22136K   26245.31298312  .00000396  00000+0  42965-4 0  9994
2 54060  53.1594 240.3314 0001237  79.9388 280.1743 15.08826693213939
STARLINK-5209
1 54061U 22136L   26245.19891965  .00000696  00000+0  30865-4 0  9993
2 54061  53.1601 227.5931 0001257  99.8791 260.2354 15.35396930214105
STARLINK-5170
1 54062U 22136M   26245.32590137  .00000092  00000+0  13540-4 0  9997
2 54062  53.1593 262.6511 0001248  79.1399 280.9744 15.35398899213629
STARLINK-5172
1 54064U 22136P   26245.21353501 -.00000044  00000+0  10333-4 0  9994
2 54064  53.1592 215.6466 0001052  82.3352 277.7769 15.31700453214277
STARLINK-5187
1 54065U 22136Q   26245.56175666  .00002121  00000+0  71694-4 0  9991
2 54065  53.1593 261.9844 0001146  74.8685 285.2444 15.35393090213656
STARLINK-5151
1 54066U 22136R   26245.58335648  .00057499  00000+0  34405-2 0  9997
2 54066  53.1589 270.1595 0000611 218.7519  96.6405 15.10507709  5790
STARLINK-5174
1 54067U 22136S   26245.32800361  .00000403  00000+0  22475-4 0  9998
2 54067  53.1595 262.6648 0001287  87.9187 272.1963 15.35399938213623
STARLINK-5222
1 54068U 22136T   26245.30822825 -.00000845  00000+0 -13322-4 0  9999
2 54068  53.1597 264.6483 0001271  78.2171 281.8974 15.35381346213593
STARLINK-5181
1 54070U 22136V   26245.47435576  .00001593  00000+0  56543-4 0  9994
2 54070  53.1595 262.1510 0000995  83.7753 276.3363 15.35404124213644
STARLINK-5168
1 54071U 22136W   26245.30759807  .00000690  00000+0  30686-4 0  9990
2 54071  53.1594 262.5364 0001120  86.2342 273.8789 15.35396087213628
STARLINK-5146
1 54073U 22136Y   26245.58335648  .00013633  00000+0  41403-3 0  9994
2 54073  53.1597 261.8217 0001282  67.1675  48.1789 15.34387670  5795
STARLINK-5192
1 54074U 22136Z   26245.49739193  .00001481  00000+0  53353-4 0  9994
2 54074  53.1592 264.3983 0001182  79.4651 280.6485 15.35396912213616
STARLINK-5212
1 54075U 22136AA  26245.27433153 -.00000340  00000+0  79090-6 0  9990
2 54075  53.1591 253.8551 0001145  75.1557 284.9571 15.31693141213744
STARLINK-5201
1 54076U 22136AB  26245.31265000  .00000642  00000+0  29309-4 0  9990
2 54076  53.1602 264.6620 0000973  60.1147 299.9953 15.35394177213596
STARLINK-5171
1 54077U 22136AC  26245.32648053  .00001468  00000+0  11040-3 0  9994
2 54077  53.1587 246.2492 0001268  84.2509 275.8627 15.08815409213855
STARLINK-5175
1 54079U 22136AE  26245.58335648  .00046602  00000+0  26927-2 0  9995
2 54079  53.1591 259.6565 0001207  73.4723  18.7335 15.11870280  5808
STARLINK-5210
1 54082U 22136AH  26245.30016368  .00000326  00000+0  38587-4 0  9994
2 54082  53.1597 260.9157 0001136  77.8335 282.2784 15.08830592213645
STARLINK-5178
1 54083U 22136AJ  26245.58335648  .00047187  00000+0  26690-2 0  9996
2 54083  53.1588 259.4945 0001830 110.7243  62.7201 15.12630097  5748
STARLINK-5183
1 54084U 22136AK  26245.23023602  .00000375  00000+0  41681-4 0  9990
2 54084  53.1595 261.1880 0001202  72.2688 287.8435 15.08831966213634
STARLINK-5166
1 54085U 22136AL  26245.55027170  .00108840  00000+0  65826-2 0  9991
2 54085  53.1598 259.6327 0001367  73.5177 286.5965 15.09768854213680
STARLINK-5211
1 54086U 22136AM  26245.58335648 -.00024333  00000+0 -71120-3 0  9998
2 54086  53.1610 239.3103 0001284  83.3229 253.8167 15.34406139  5827
STARLINK-5184
1 54087U 22136AN  26245.31481469  .00000155  00000+0  27830-4 0  9997
2 54087  53.1599 260.3087 0001112  81.1544 278.9573 15.08832520213654
STARLINK-5153
1 54088U 22136AP  26245.58335648  .00051621  00000+0  30255-2 0  9991
2 54088  53.1588 259.5495 0002370 126.3024  19.1879 15.11307282  5804
STARLINK-5143
1 54089U 22136AQ  26245.20444265 -.00000088  00000+0  12583-4 0  9995
2 54089  53.1600 261.0371 0000981  71.3994 288.7104 15.08829826213638
STARLINK-5177
1 54090U 22136AR  26245.34060688  .00000340  00000+0  39439-4 0  9994
2 54090  53.1597 260.4596 0001027  73.7754 286.3350 15.08830570213656
STARLINK-5221
1 54091U 22136AS  26245.31112772  .00000236  00000+0  32898-4 0  9990
2 54091  53.1600 260.2818 0001036  74.5142 285.5964 15.08835824213656
STARLINK-5213
1 54093U 22136AU  26245.25961429  .00001950  00000+0  14060-3 0  9990
2 54093  53.1605 260.6683 0001348  47.9596 312.1510 15.08836539213647
STARLINK-5193
1 54095U 22136AW  26245.31849493  .00000158  00000+0  28022-4 0  9998
2 54095  53.1600 260.3231 0001142  77.7824 282.3296 15.08837369213659
STARLINK-5188
1 54096U 22136AX  26245.46203248 -.00000271  00000+0  11012-5 0  9996
2 54096  53.1600 259.7949 0001547  59.4471 300.6673 15.08830752213676
STARLINK-5197
1 54097U 22136AY  26245.27114884 -.00000213  00000+0  47325-5 0  9995
2 54097  53.1598 235.7938 0001439  61.3942 298.7194 15.08830162213995
STARLINK-5217
1 54098U 22136AZ  26245.31585107  .00000416  00000+0  44244-4 0  9991
2 54098  53.1598 260.9989 0000987  81.3064 278.8039 15.08838045213643
STARLINK-5198
1 54099U 22136BA  26245.30744855 -.00000212  00000+0  47737-5 0  9994
2 54099  53.1600 260.2554 0001058  79.2935 280.8176 15.08831753213657
STARLINK-5185
1 54100U 22136BB  26245.32217985  .00000250  00000+0  33789-4 0  9990
2 54100  53.1597 260.3463 0000978  71.8215 288.2883 15.08833637213654
STARLINK-5204
1 54101U 22136BC  26245.24657186  .00000561  00000+0  29844-4 0  9995
2 54101  53.1580 235.8234 0001143  75.9612 284.1516 15.31699316213996
STARLINK-5179
1 54102U 22136BD  26245.35158141  .00007361  00000+0  47941-3 0  9997
2 54102  53.1604 260.5160 0002172  87.7384 272.3856 15.08892085213658
STARLINK-5200
1 54103U 22136BE  26245.24584696  .00000824  00000+0  38325-4 0  9998
2 54103  53.1590 232.9299 0001214  85.6334 274.4806 15.31703528214037
STARLINK-5203
1 54104U 22136BF  26245.24145767  .00000472  00000+0  26991-4 0  9996
2 54104  53.1589 215.1062 0001346  78.5872 281.5280 15.31694713214288
STARLINK-5290
1 54157U 22141A   26245.52189037  .00000283  00000+0  35907-4 0  9996
2 54157  53.1608 299.6862 0001125  86.1384 273.9736 15.08830892212419
STARLINK-5297
1 54158U 22141B   26245.34052166  .00018767  00000+0  11906-2 0  9996
2 54158  53.1616 300.6829 0002239  66.2470 293.8757 15.08946360212385
STARLINK-5294
1 54159U 22141C   26245.33695730  .00000610  00000+0  56399-4 0  9991
2 54159  53.1612 300.6701 0001157  87.8291 272.2833 15.08828878212388
STARLINK-5233
1 54160U 22141D   26245.27748766  .00000039  00000+0  13021-4 0  9994
2 54160  53.1593 247.6798 0001298  76.1985 283.9161 15.31697228213126
STARLINK-5269
1 54161U 22141E   26245.54024411 -.00000214  00000+0  48544-5 0  9994
2 54161  53.1590 291.3932 0001141  86.4915 273.6217 15.31696695212533
STARLINK-5273
1 54162U 22141F   26245.52829555  .00000924  00000+0  76121-4 0  9993
2 54162  53.1607 299.7212 0001059  71.5039 288.6068 15.08835611212410
STARLINK-5161
1 54163U 22141G   26245.38923072  .00000615  00000+0  29336-4 0  9990
2 54163  53.1589 278.3826 0001207  83.5406 276.5734 15.34390403212702
STARLINK-5278
1 54164U 22141H   26245.47541002 -.00000036  00000+0  10069-4 0  9991
2 54164  53.1594 278.2070 0001115  83.6766 276.4364 15.34385468212711
STARLINK-5279
1 54165U 22141J   26245.32589648 -.00000023  00000+0  16656-4 0  9998
2 54165  53.1612 300.5970 0001021  88.0934 272.0174 15.08830327212387
STARLINK-5280
1 54166U 22141K   26245.47751185  .00000002  00000+0  11210-4 0  9999
2 54166  53.1590 278.2170 0001292  74.2774 285.8371 15.34386259212712
STARLINK-5243
1 54167U 22141L   26245.57242835  .00000040  00000+0  20615-4 0  9999
2 54167  53.1605 299.2867 0001222  84.6745 275.4386 15.08832321212428
STARLINK-5245
1 54168U 22141M   26245.47119937  .00000092  00000+0  13867-4 0  9993
2 54168  53.1588 278.1769 0001142  88.3743 271.7391 15.34385574212715
STARLINK-5282
1 54169U 22141N   26245.28420654  .00001086  00000+0  43312-4 0  9996
2 54169  53.1593 279.1462 0001260  98.2088 261.9058 15.34377274212681
STARLINK-5155
1 54170U 22141P   26245.32199022  .00000355  00000+0  21643-4 0  9996
2 54170  53.1591 278.6725 0001072  86.6193 273.4932 15.34391196212695
STARLINK-5117
1 54172U 22141R   26245.47441887  .00000081  00000+0  13790-4 0  9993
2 54172  53.1592 278.2028 0001108  85.9362 274.1767 15.33542972212716
STARLINK-5242
1 54173U 22141S   26245.46909523  .00000730  00000+0  32754-4 0  9991
2 54173  53.1595 278.1647 0001199  85.7305 274.3834 15.34387102212711
STARLINK-5248
1 54174U 22141T   26245.22534087 -.00000416  00000+0 -10175-5 0  9992
2 54174  53.1591 227.3767 0000927  72.9904 287.1201 15.35393683213407
STARLINK-5256
1 54175U 22141U   26245.47330527  .00000259  00000+0  18794-4 0  9990
2 54175  53.1589 278.1925 0001102  88.1166 271.9963 15.34385707212716
STARLINK-5154
1 54176U 22141V   26245.29673978  .00000012  00000+0  11493-4 0  9997
2 54176  53.1585 278.5184 0001217  83.6006 276.5135 15.34385528212694
STARLINK-5186
1 54177U 22141W   26245.32830651  .00000224  00000+0  17775-4 0  9999
2 54177  53.1597 278.7107 0001134  81.3068 278.8063 15.34385983212696
STARLINK-5164
1 54178U 22141X   26245.39133591  .00001830  00000+0  65309-4 0  9996
2 54178  53.1580 278.3740 0001427  89.9294 270.1873 15.34391233212709
STARLINK-5122
1 54179U 22141Y   26245.35977232  .00000239  00000+0  18223-4 0  9996
2 54179  53.1587 278.1985 0001148  82.0864 278.0269 15.34387651212708
STARLINK-5227
1 54181U 22141AA  26245.52582446 -.00000166  00000+0  62058-5 0  9993
2 54181  53.1596 277.8089 0001056  90.6944 269.4180 15.34375593212724
STARLINK-5231
1 54182U 22141AB  26245.28169495 -.00000753  00000+0 -29223-4 0  9991
2 54182  53.1595 260.4467 0001002  74.1485 285.9617 15.08834654212941
STARLINK-5239
1 54183U 22141AC  26245.33461676  .00000376  00000+0  22265-4 0  9992
2 54183  53.1595 278.7484 0001153  86.7985 273.3150 15.34386112212699
STARLINK-5162
1 54184U 22141AD  26245.47210943  .00000155  00000+0  16765-4 0  9990
2 54184  53.1591 280.2864 0001116  85.9710 274.1419 15.31698466212683
STARLINK-5235
1 54185U 22141AE  26245.33251225  .00000480  00000+0  25347-4 0  9991
2 54185  53.1600 278.7330 0001210  80.5343 279.5796 15.34386802212692
STARLINK-5240
1 54187U 22141AG  26245.33672243  .00001110  00000+0  43995-4 0  9990
2 54187  53.1595 278.7696 0001028  68.9510 291.1603 15.34386876212693
STARLINK-5238
1 54188U 22141AH  26245.37406686  .00000067  00000+0  12827-4 0  9991
2 54188  53.1600 272.5189 0000778  71.6031 288.5056 15.35393691212786
STARLINK-5281
1 54190U 22141AK  26245.59477523 -.00068161  00000+0 -19995-2 0  9998
2 54190  53.1598 273.1619 0001169 122.8581 237.2535 15.34788745212795
STARLINK-4619
1 54191U 22141AL  26245.49265579  .00000152  00000+0  15276-4 0  9998
2 54191  53.1600 271.8397 0001179  83.4789 276.6348 15.35400938212808
STARLINK-5268
1 54192U 22141AM  26245.33202360 -.00001342  00000+0 -27580-4 0  9996
2 54192  53.1603 274.3660 0001258  83.0233 277.0913 15.35383917212755
STARLINK-5263
1 54193U 22141AN  26245.32772879  .00000366  00000+0  21964-4 0  9996
2 54193  53.1597 274.3418 0001054  79.1501 280.9620 15.34384961212754
STARLINK-5271
1 54194U 22141AP  26245.47034928 -.00000280  00000+0  28943-5 0  9990
2 54194  53.1595 273.8025 0001222  95.1574 264.9568 15.35393603212775
STARLINK-5258
1 54195U 22141AQ  26245.32480520  .00000309  00000+0  19762-4 0  9997
2 54195  53.1599 272.9197 0001222  90.5298 269.5846 15.35395091212775
STARLINK-5237
1 54196U 22141AR  26245.33192019  .00000720  00000+0  31555-4 0  9993
2 54196  53.1599 272.9613 0001111  78.4472 281.6655 15.35395015212774
STARLINK-5246
1 54198U 22141AT  26245.46336632 -.00003463  00000+0 -88474-4 0  9991
2 54198  53.1591 272.3578 0001209 108.9499 251.1635 15.35382681212795
STARLINK-5244
1 54199U 22141AU  26245.32887814  .00000881  00000+0  36157-4 0  9990
2 54199  53.1598 272.9419 0001162  86.6146 273.4990 15.35393242212776
STARLINK-5250
1 54200U 22141AV  26245.27580157  .00005208  00000+0  16017-3 0  9997
2 54200  53.1589 273.3218 0001158  70.3402 289.7726 15.35385625212763
STARLINK-5199
1 54201U 22141AW  26245.48689126  .00000290  00000+0  19712-4 0  9999
2 54201  53.1596 271.7960 0001108  72.0960 288.0164 15.34391896212800
STARLINK-5205
1 54202U 22141AX  26245.38125225  .00001076  00000+0  41735-4 0  9997
2 54202  53.1582 272.5595 0001116  80.2656 279.8473 15.35399092212786
STARLINK-5247
1 54203U 22141AY  26245.32405280  .00000573  00000+0  27336-4 0  9996
2 54203  53.1603 272.9148 0001358  75.5524 284.5630 15.35395156212772
STARLINK-5241
1 54204U 22141AZ  26245.33125265  .00000651  00000+0  29573-4 0  9992
2 54204  53.1596 272.9566 0000836 102.4438 257.6659 15.35399576212774
STARLINK-5249
1 54205U 22141BA  26245.33073463  .00000499  00000+0  27836-4 0  9995
2 54205  53.1596 274.3616 0001114  87.6322 272.4807 15.31695648212745
STARLINK-5264
1 54206U 22141BB  26245.29432696  .00000365  00000+0  21382-4 0  9990
2 54206  53.1585 239.1916 0001155  63.7277 296.3845 15.35396076213245
STARLINK-5262
1 54207U 22141BC  26245.28662343  .00000253  00000+0  19015-4 0  9990
2 54207  53.1610 274.7980 0001095  98.2734 261.8393 15.33548284212742
STARLINK-5255
1 54208U 22141BD  26245.28215399  .00000886  00000+0  40299-4 0  9996
2 54208  53.1583 247.7074 0001265  70.5264 289.5874 15.31700996213128
STARLINK-5259
1 54209U 22141BE  26245.47552515  .00001372  00000+0  50216-4 0  9993
2 54209  53.1594 264.5385 0000989  67.9025 292.2083 15.35401392212900
STARLINK-5464
1 54758U 22175A   26244.94037969 -.00001661  00000+0 -41784-4 0  9994
2 54758  53.1607 319.1977 0001111  79.6823 280.4304 15.31692699206717
STARLINK-5215
1 54759U 22175B   26245.49952847 -.00000200  00000+0  53077-5 0  9993
2 54759  53.1597 315.5813 0001078 100.1134 259.9989 15.31700254206810
STARLINK-5220
1 54760U 22175C   26245.58335648  .00051063  00000+0  18365-2 0  9999
2 54760  53.1597 328.1858 0001059  90.8508 219.2675 15.28144476  5799
STARLINK-5202
1 54761U 22175D   26244.94638174  .00000513  00000+0  28286-4 0  9998
2 54761  53.1609 324.2124 0001202  74.9919 285.1216 15.31691472206643
STARLINK-5214
1 54762U 22175E   26244.60076314  .00001339  00000+0  54943-4 0  9990
2 54762  53.1603 322.8108 0001173  81.1708 278.9427 15.31677270206630
STARLINK-5191
1 54763U 22175F   26245.58335648  .00045416  00000+0  20370-2 0  9996
2 54763  53.1590 328.9707 0000305  93.4618 173.0408 15.20789211  5795
STARLINK-5458
1 54764U 22175G   26245.00002315  .00015985  00000+0  48350-3 0  9993
2 54764  53.1586 324.2117 0001259  91.2761  75.4860 15.34382493  5679
STARLINK-5471
1 54766U 22175J   26245.51449565 -.00000188  00000+0  63041-5 0  9999
2 54766  53.1629 329.7614 0001030  86.5945 273.5164 15.08836450206612
STARLINK-5472
1 54767U 22175K   26245.51081170  .00000693  00000+0  61623-4 0  9997
2 54767  53.1618 329.7372 0001346  89.9737 270.1409 15.08834341206610
STARLINK-5444
1 54768U 22175L   26245.44997944  .00000347  00000+0  22929-4 0  9997
2 54768  53.1594 303.8989 0001126  78.4778 281.6350 15.31702017206976
STARLINK-5448
1 54770U 22175N   26245.57277322  .00003189  00000+0  10555-3 0  9993
2 54770  53.1584 301.8323 0001091  73.5481 286.5641 15.34379076207017
STARLINK-5451
1 54771U 22175P   26245.47531425  .00000233  00000+0  21840-4 0  9997
2 54771  53.1614 317.5502 0001292  78.1985 281.9159 15.26522406206782
STARLINK-5452
1 54772U 22175Q   26245.55020149  .00000749  00000+0  33302-4 0  9991
2 54772  53.1594 303.7959 0001213  88.0329 272.0812 15.34387014206980
STARLINK-5453
1 54773U 22175R   26245.56240270  .00000948  00000+0  39204-4 0  9990
2 54773  53.1605 321.6405 0001133  71.0698 289.0427 15.34389745206737
STARLINK-5454
1 54774U 22175S   26245.42413755  .00000047  00000+0  12515-4 0  9992
2 54774  53.1600 304.4388 0001056  73.2792 286.8326 15.34386025206961
STARLINK-5465
1 54775U 22175T   26244.50762115  .00006318  00000+0  19796-3 0  9992
2 54775  53.1593 326.4370 0001223  81.8765 278.2377 15.34399465206579
STARLINK-5470
1 54776U 22175U   26245.58335648  .00184525  00000+0  25091-2 0  9990
2 54776  53.1606 319.9948 0001208  61.8525 118.8070 15.56465778  5827
STARLINK-5468
1 54777U 22175V   26244.63156198  .00000764  00000+0  33760-4 0  9993
2 54777  53.1610 325.7921 0001203  89.0788 271.0352 15.34387887206599
STARLINK-5450
1 54778U 22175W   26245.54600441  .00000707  00000+0  32100-4 0  9994
2 54778  53.1602 303.7721 0001297  81.7425 278.3725 15.34360581206984
STARLINK-5447
1 54779U 22175X   26244.56053920  .00000691  00000+0  31615-4 0  9992
2 54779  53.1605 308.2858 0001222  67.9951 292.1182 15.34381464206835
STARLINK-5449
1 54780U 22175Y   26245.54178441  .00000400  00000+0  22971-4 0  9992
2 54780  53.1600 303.7413 0001175  75.5363 284.5770 15.34385546206987
STARLINK-5443
1 54781U 22175Z   26245.59430329 -.00000796  00000+0 -12427-4 0  9999
2 54781  53.1595 303.3579 0001140  98.9171 261.1960 15.34379267206994
STARLINK-5439
1 54783U 22175AB  26245.57580984  .00000483  00000+0  27312-4 0  9992
2 54783  53.1590 303.2625 0001218  78.9858 281.1281 15.31704402206996
STARLINK-5442
1 54784U 22175AC  26245.49638438  .00000996  00000+0  43834-4 0  9998
2 54784  53.1605 321.9481 0001101  79.5285 280.5841 15.31705948206725
STARLINK-5440
1 54785U 22175AD  26245.32978466  .00000146  00000+0  15454-4 0  9993
2 54785  53.1587 264.6370 0001130  85.3012 274.8120 15.34388161207511
STARLINK-5441
1 54787U 22175AF  26245.55696921  .00000626  00000+0  31936-4 0  9999
2 54787  53.1601 321.6153 0001125  82.0207 278.0923 15.31703295206733
STARLINK-5399
1 54788U 22175AG  26245.57535898  .00000057  00000+0  12831-4 0  9998
2 54788  53.1596 303.2435 0001169  76.3650 283.7482 15.34388973206998
STARLINK-5446
1 54789U 22175AH  26245.58335648  .00089689  00000+0  50357-2 0  9992
2 54789  53.1602 299.1842 0003350  95.7140  26.3831 15.12572684  5801
STARLINK-5445
1 54790U 22175AJ  26245.33793958  .00003016  00000+0  10035-3 0  9999
2 54790  53.1604 304.6051 0001122  92.0012 268.1119 15.34403512206953
STARLINK-5425
1 54791U 22175AK  26245.32954713 -.00000898  00000+0 -15470-4 0  9993
2 54791  53.1590 304.5529 0001130 134.7319 225.3775 15.34380871206955
STARLINK-5431
1 54792U 22175AL  26245.48238193  .00000753  00000+0  36039-4 0  9990
2 54792  53.1615 321.8624 0001167  76.6408 283.4724 15.31703480206721
STARLINK-5433
1 54793U 22175AM  26245.58335648  .00052183  00000+0  14976-2 0  9993
2 54793  53.1603 301.4776 0001258  61.3673  90.3904 15.35376561  5707
STARLINK-5436
1 54795U 22175AP  26245.54331581  .00000840  00000+0  35994-4 0  9991
2 54795  53.1593 301.6511 0001095  78.5132 281.5994 15.34384540207011
STARLINK-5415
1 54796U 22175AQ  26245.45559611 -.00017121  00000+0 -49552-3 0  9994
2 54796  53.1612 303.9191 0001194  95.8825 264.2314 15.34475200206976
STARLINK-5435
1 54797U 22175AR  26245.50988872  .00001098  00000+0  43643-4 0  9996
2 54797  53.1620 322.0163 0001237  84.6861 275.4283 15.34393666206728
STARLINK-5420
1 54798U 22175AS  26245.58335648  .00054907  00000+0  15752-2 0  9997
2 54798  53.1596 301.7133 0001001  67.1890 318.7325 15.35365527  5797
STARLINK-5421
1 54799U 22175AT  26245.54931139  .00014669  00000+0  43043-3 0  9997
2 54799  53.1606 301.5519 0000426 220.9821 139.1150 15.35411540207016
STARLINK-5428
1 54800U 22175AU  26245.57876071  .00000948  00000+0  42311-4 0  9999
2 54800  53.1613 315.2554 0001013  82.8403 277.2714 15.31702880206826
STARLINK-5429
1 54801U 22175AV  26244.93634331  .00000492  00000+0  27611-4 0  9990
2 54801  53.1616 321.3422 0001050  78.7613 281.3507 15.31691006206687
STARLINK-5426
1 54802U 22175AW  26245.58335648  .00067246  00000+0  38366-2 0  9999
2 54802  53.1597 274.6646 0001194 110.1497 285.5113 15.12151793  5795
STARLINK-5430
1 54803U 22175AX  26244.73743013 -.00000162  00000+0  62672-5 0  9990
2 54803  53.1609 329.2241 0000806  80.1471 279.9623 15.35401493206555
STARLINK-5422
1 54804U 22175AY  26245.32265882  .00000830  00000+0  35704-4 0  9996
2 54804  53.1599 302.4088 0001283  92.9803 267.1346 15.34391865206984
STARLINK-5417
1 54805U 22175AZ  26245.34208953 -.00000357  00000+0 -45635-5 0  9996
2 54805  53.1589 316.0872 0001204  84.0652 276.0477 15.08014168206795
STARLINK-5412
1 54806U 22175BA  26245.56014087  .00000554  00000+0  28172-4 0  9997
2 54806  53.1593 301.7549 0001107  92.1874 267.9255 15.33546103207017
STARLINK-5410
1 54807U 22175BB  26245.45129497  .00003394  00000+0  10816-3 0  9998
2 54807  53.1593 303.8922 0001193  83.9679 276.1460 15.35402873206973
STARLINK-5413
1 54808U 22175BC  26245.45073383  .00027014  00000+0  16979-2 0  9991
2 54808  53.1611 300.2230 0002972  49.1161 311.0087 15.09074772207029
STARLINK-5414
1 54809U 22175BD  26245.45084149  .00002068  00000+0  72344-4 0  9996
2 54809  53.1598 301.7865 0001099  90.8554 269.2574 15.34392809207007
STARLINK-5408
1 54810U 22175BE  26244.57030748 -.00001685  00000+0 -39913-4 0  9997
2 54810  53.1614 306.1514 0001393  96.0574 264.0587 15.33553334206866
STARLINK-5424
1 54811U 22175BF  26245.32685521  .00000093  00000+0  13881-4 0  9993
2 54811  53.1600 302.3268 0001247  89.2571 270.8574 15.34386437206988
STARLINK-5382
1 54820U 22177A   26245.21801389 -.00000166  00000+0  34696-5 0  9995
2 54820  43.0000 218.9119 0000294 248.6591 111.4229 15.27572452203925
STARLINK-5385
1 54821U 22177B   26244.64110188  .00000372  00000+0  23060-4 0  9992
2 54821  43.0005 222.3178 0000960 259.8791 100.1953 15.27569630203834
STARLINK-5101
1 54822U 22177C   26244.98216067  .00000387  00000+0  23575-4 0  9990
2 54822  43.0025 220.5738 0000894 289.0971  70.9784 15.27574179203885
STARLINK-5106
1 54823U 22177D   26244.96032288 -.00000503  00000+0 -87704-5 0  9997
2 54823  42.9996 220.4119 0000231 239.9829 120.1000 15.27575293203881
STARLINK-4643
1 54824U 22177E   26245.16033612  .00000613  00000+0  31791-4 0  9997
2 54824  43.0001 219.3314 0000643 249.2086 110.8697 15.27571982203914
STARLINK-5107
1 54826U 22177G   26244.97833126 -.00001450  00000+0 -43202-4 0  9997
2 54826  43.0032 220.5341 0000955 272.1331  87.9411 15.27559580203882
STARLINK-5383
1 54827U 22177H   26244.98601863  .00000820  00000+0  39320-4 0  9994
2 54827  43.0042 220.5966 0001292 245.3885 114.6832 15.27571810203883
STARLINK-5381
1 54828U 22177J   26244.40139259  .00000202  00000+0  16878-4 0  9994
2 54828  43.0032 223.9474 0001342 282.5893  77.4808 15.27575501203792
STARLINK-5394
1 54830U 22177L   26244.41167725 -.00000217  00000+0  16487-5 0  9991
2 54830  43.0041 224.0260 0001665 274.6320  85.4342 15.27574691203796
STARLINK-5395
1 54831U 22177M   26244.64495364  .00000682  00000+0  34323-4 0  9993
2 54831  43.0018 222.3381 0000701 257.8909 102.1864 15.27569236203832
STARLINK-5386
1 54834U 22177Q   26245.00400506 -.00000055  00000+0  75305-5 0  9992
2 54834  43.0027 220.7300 0001539 260.0306 100.0372 15.27577951203895
STARLINK-5389
1 54835U 22177R   26244.40525399 -.00001639  00000+0 -50079-4 0  9994
2 54835  43.0042 223.9770 0002016 260.0572 100.0053 15.27562006203795
STARLINK-5372
1 54838U 22177U   26244.40060180  .00000706  00000+0  35175-4 0  9991
2 54838  43.0019 220.5378 0001153 253.8064 106.2661 15.27573323203838
STARLINK-5368
1 54840U 22177W   26244.39418156  .00000051  00000+0  11399-4 0  9997
2 54840  43.0029 220.4835 0001375 274.7363  85.3332 15.27573513203832
STARLINK-4659
1 54841U 22177X   26245.18909740  .00001061  00000+0  48072-4 0  9990
2 54841  43.0000 216.1354 0001071 227.5362 132.5400 15.27589049203953
STARLINK-5387
1 54842U 22177Y   26244.97494157 -.00000225  00000+0  13647-5 0  9991
2 54842  43.0036 217.1019 0001161 284.2602  75.8121 15.27577339203924
STARLINK-5304
1 54843U 22177Z   26245.19166684 -.00000209  00000+0  19450-5 0  9998
2 54843  43.0049 216.1519 0002847 274.2646  85.7880 15.27573863203955
STARLINK-5388
1 54844U 22177AA  26245.21157879 -.00000503  00000+0 -87358-5 0  9998
2 54844  43.0021 218.8311 0001719 268.5147  91.5508 15.27574850203920
STARLINK-5082
1 54845U 22177AB  26244.97880729 -.00002030  00000+0 -64294-4 0  9998
2 54845  43.0061 217.1368 0001699 293.3064  66.7609 15.27565067203926
STARLINK-5360
1 54846U 22177AC  26244.97237387  .00000383  00000+0  23448-4 0  9998
2 54846  43.0036 217.0840 0001209 276.3545  83.7169 15.27575100203924
STARLINK-5061
1 54847U 22177AD  26244.60063263  .00000664  00000+0  33651-4 0  9998
2 54847  43.0027 196.8360 0001648 264.5157  95.5506 15.27575158204123
STARLINK-5432
1 54848U 22177AE  26244.93271885  .00000877  00000+0  41404-4 0  9997
2 54848  43.0011 206.3504 0000592 214.9484 145.1328 15.27561530204047
STARLINK-5087
1 54850U 22177AG  26245.16983284  .00000952  00000+0  44107-4 0  9996
2 54850  43.0016 204.6890 0001329 267.6437  92.4262 15.27574575204084
STARLINK-5084
1 54851U 22177AH  26244.38133978  .00000132  00000+0  14339-4 0  9991
2 54851  43.0016 209.0924 0001394 266.3579  93.7114 15.27574457203962
STARLINK-5418
1 54852U 22177AJ  26245.15954965  .00000597  00000+0  31230-4 0  9999
2 54852  43.0016 204.6123 0001511 266.0785  93.9894 15.27574726204082
STARLINK-5427
1 54853U 22177AK  26244.91084887 -.00000225  00000+0  13329-5 0  9999
2 54853  43.0005 206.1859 0001117 259.7352 100.3374 15.27582320204046
STARLINK-5416
1 54855U 22177AM  26244.90573615 -.00000094  00000+0  61051-5 0  9991
2 54855  42.9984 206.1462 0000412 161.7274 198.3592 15.27577148204045
STARLINK-5086
1 54856U 22177AN  26244.93783675 -.00000024  00000+0  86529-5 0  9994
2 54856  43.0025 206.3787 0001202 267.6310  92.4404 15.27574447204046
STARLINK-5078
1 54857U 22177AP  26245.18139767  .00000172  00000+0  15781-4 0  9994
2 54857  43.0005 204.7730 0000848 256.4902 103.5856 15.27574883204086
STARLINK-5407
1 54858U 22177AQ  26243.99673600  .00003135  00000+0  12353-3 0  9994
2 54858  43.0002 211.3608 0000726 262.2861  97.7908 15.27544457203902
STARLINK-5409
1 54859U 22177AR  26244.93398389  .00000812  00000+0  39020-4 0  9998
2 54859  43.0014 206.3554 0000858 256.1806 103.8950 15.27568097204045
STARLINK-5406
1 54860U 22177AS  26245.59555778 -.00000067  00000+0  70752-5 0  9991
2 54860  43.0040 202.7128 0001069 273.1939  86.8790 15.27573195204142
STARLINK-5400
1 54861U 22177AT  26244.37877014 -.00000100  00000+0  58813-5 0  9999
2 54861  43.0011 209.0741 0001212 259.7962 100.2753 15.27575284203968
STARLINK-5403
1 54862U 22177AU  26244.92242381  .00000633  00000+0  32538-4 0  9999
2 54862  42.9999 206.2860 0000906 265.7565  94.3183 15.27573178204048
STARLINK-5405
1 54863U 22177AV  26244.40446600 -.00000198  00000+0  23195-5 0  9990
2 54863  43.0005 209.2589 0000799 264.4277  95.6483 15.27576234203969
STARLINK-5359
1 54864U 22177AW  26245.14556483  .00001302  00000+0  56850-4 0  9994
2 54864  43.0028 205.3525 0001198 274.6100  85.4615 15.27571067204070
STARLINK-5411
1 54865U 22177AX  26245.18525148 -.00000123  00000+0  50567-5 0  9994
2 54865  43.0000 204.7976 0000746 257.7421 102.3348 15.27573178204088
STARLINK-5398
1 54866U 22177AY  26245.15697804  .00000016  00000+0  10117-4 0  9997
2 54866  43.0032 204.5886 0001698 266.4719  93.5939 15.27576310204084
STARLINK-5396
1 54867U 22177AZ  26245.59941219 -.00002303  00000+0 -74219-4 0  9994
2 54867  43.0017 202.7405 0000851 271.7761  88.2994 15.27569996204142
STARLINK-5379
1 54868U 22177BA  26244.96852677  .00000358  00000+0  22528-4 0  9996
2 54868  43.0021 205.7483 0001433 259.8377 100.2313 15.27578033204056
STARLINK-5402
1 54869U 22177BB  26245.15584651 -.00001331  00000+0 -38879-4 0  9993
2 54869  43.0023 205.4346 0000820 250.4335 109.6428 15.27577841204072
STARLINK-5401
1 54870U 22177BC  26244.37619497  .00000648  00000+0  33073-4 0  9994
2 54870  43.0015 209.0493 0001149 261.7377  98.3344 15.27578682203966
STARLINK-5397
1 54871U 22177BD  26245.15199518 -.00001060  00000+0 -28993-4 0  9995
2 54871  43.0034 205.4033 0001622 272.8515  87.2151 15.27566074204079
STARLINK-5091
1 54873U 22177BF  26245.19681263  .00001080  00000+0  48762-4 0  9990
2 54873  43.0021 204.8700 0000609 292.3204  67.7583 15.27569661204085
STARLINK-5277
1 55269U 23010A   26245.33500221 -.00002674  00000+0 -21631-3 0  9994
2 55269  69.9999 319.1556 0003375 265.9741  94.1033 14.98339025199522
STARLINK-5306
1 55271U 23010C   26245.33917384  .00000494  00000+0  49167-4 0  9990
2 55271  69.9995 319.1685 0003559 269.1249  90.9502 14.98327981199249
STARLINK-5310
1 55272U 23010D   26245.32246152  .00001871  00000+0  16453-3 0  9999
2 55272  69.9984 319.1116 0003816 276.6356  83.4369 14.98336450199244
STARLINK-5291
1 55273U 23010E   26245.49771079  .00000198  00000+0  24404-4 0  9996
2 55273  70.0000 318.5210 0003198 269.4537  90.6256 14.98330408199274
STARLINK-5236
1 55274U 23010F   26245.32642575  .00000355  00000+0  37593-4 0  9995
2 55274  69.9992 299.2557 0003596 269.5495  90.5252 14.98329904199732
STARLINK-5260
1 55275U 23010G   26245.31824276 -.00000653  00000+0 -46938-4 0  9991
2 55275  70.0006 299.2278 0003427 271.3869  88.6898 14.98338391199735
STARLINK-5261
1 55276U 23010H   26245.31808620  .00000584  00000+0  56734-4 0  9993
2 55276  69.9992 299.2258 0003589 267.6723  92.4025 14.98338362199723
STARLINK-5299
1 55277U 23010J   26245.46016855  .00000170  00000+0  22056-4 0  9992
2 55277  69.9996 318.7887 0003416 271.2805  88.7962 14.98330808199268
STARLINK-5289
1 55278U 23010K   26245.30995124  .00000126  00000+0  18362-4 0  9997
2 55278  70.0001 319.0649 0003598 270.9173  89.1573 14.98331070199236
STARLINK-5331
1 55280U 23010M   26245.28076031  .00000632  00000+0  60755-4 0  9999
2 55280  69.9999 319.3555 0003477 269.5442  90.5318 14.98328740199222
STARLINK-5298
1 55281U 23010N   26245.45182019  .00000176  00000+0  22535-4 0  9990
2 55281  69.9997 318.7578 0003433 269.8533  90.2232 14.98330742199255
STARLINK-5330
1 55282U 23010P   26245.29342136  .00000283  00000+0  31555-4 0  9992
2 55282  70.0001 319.0038 0003432 268.0466  92.0300 14.98329940199237
STARLINK-5317
1 55283U 23010Q   26245.31412579  .00000167  00000+0  21790-4 0  9996
2 55283  69.9997 319.0799 0003731 270.1045  89.9687 14.98330745199230
STARLINK-5337
1 55284U 23010R   26245.49353549  .00000545  00000+0  53430-4 0  9993
2 55284  69.9998 318.4987 0003534 269.7887  90.2867 14.98331813199257
STARLINK-5332
1 55285U 23010S   26245.53496183 -.00004321  00000+0 -35435-3 0  9993
2 55285  69.9984 278.4864 0003172 272.1928  87.8868 14.98354134201139
STARLINK-5338
1 55286U 23010T   26245.30972164  .00001422  00000+0  12689-3 0  9990
2 55286  69.9996 299.1964 0003773 269.5738  90.4989 14.98336505199727
STARLINK-5341
1 55287U 23010U   26245.51813001  .00000217  00000+0  25976-4 0  9993
2 55287  69.9977 278.7545 0003546 267.8583  92.2170 14.98329817200242
STARLINK-5311
1 55288U 23010V   26245.56441375  .00000247  00000+0  28488-4 0  9994
2 55288  69.9995 298.4772 0003681 269.0851  90.9886 14.98328986199765
STARLINK-5320
1 55289U 23010W   26245.31390476  .00000025  00000+0  99266-5 0  9990
2 55289  69.9994 299.2107 0003370 269.6762  90.4011 14.98328919199725
STARLINK-5266
1 55290U 23010X   26245.43907611  .00000329  00000+0  35369-4 0  9990
2 55290  69.9994 298.8435 0003738 267.6344  92.4387 14.98330353199743
STARLINK-5327
1 55291U 23010Y   26245.32227132  .00001441  00000+0  12858-3 0  9995
2 55291  69.9987 299.2370 0003677 272.6021  87.4717 14.98320092199727
STARLINK-5325
1 55292U 23010Z   26245.56007561  .00000263  00000+0  29819-4 0  9991
2 55292  69.9993 298.4618 0003638 269.1339  90.9403 14.98328103199767
STARLINK-5287
1 55293U 23010AA  26245.29721258 -.00000203  00000+0 -92328-5 0  9990
2 55293  69.9995 299.1507 0003175 269.5659  90.5136 14.98328116199729
STARLINK-5286
1 55294U 23010AB  26245.30160328  .00000658  00000+0  62903-4 0  9995
2 55294  69.9998 319.0324 0003652 271.2322  88.8418 14.98331772199230
STARLINK-5293
1 55295U 23010AC  26245.47686752  .00000268  00000+0  30274-4 0  9991
2 55295  69.9998 318.8455 0003353 269.4534  90.6241 14.98328944199260
STARLINK-5285
1 55296U 23010AD  26245.54755326 -.00000228  00000+0 -11316-4 0  9998
2 55296  69.9986 298.4180 0003750 270.4541  89.6188 14.98328089200640
STARLINK-5284
1 55297U 23010AE  26245.42238816  .00000749  00000+0  70570-4 0  9999
2 55297  69.9993 298.7844 0003251 266.3285  93.7502 14.98331048199747
STARLINK-5270
1 55299U 23010AG  26245.54337788 -.00000103  00000+0 -82325-6 0  9991
2 55299  69.9986 298.4050 0003761 268.8685  91.2043 14.98328744200648
STARLINK-5308
1 55300U 23010AH  26245.33892876  .00008262  00000+0  70013-3 0  9995
2 55300  69.9985 298.8925 0003232 264.5498  95.5292 14.98287824199736
STARLINK-5321
1 55302U 23010AK  26245.55172678  .00000300  00000+0  32931-4 0  9995
2 55302  69.9989 298.4302 0003429 269.5760  90.5006 14.98328208199765
STARLINK-5322
1 55303U 23010AL  26245.48935883  .00000593  00000+0  57523-4 0  9991
2 55303  70.0002 318.4836 0003173 269.8812  90.1984 14.98333772199265
STARLINK-5318
1 55304U 23010AM  26245.33474815  .00000144  00000+0  19867-4 0  9990
2 55304  69.9990 298.8788 0003645 268.3377  91.7365 14.98329480199733
STARLINK-5316
1 55305U 23010AN  26245.33060067  .00000300  00000+0  32935-4 0  9996
2 55305  69.9990 299.2692 0003438 270.2262  89.8503 14.98328859199739
STARLINK-5295
1 55306U 23010AP  26245.50144348  .00000262  00000+0  29775-4 0  9996
2 55306  69.9979 278.7850 0004028 263.9803  96.0897 14.98326240200259
STARLINK-5288
1 55307U 23010AQ  26245.30533501 -.00000013  00000+0  67011-5 0  9999
2 55307  69.9976 279.3057 0003711 268.6179  91.4555 14.98327167200225
STARLINK-5315
1 55309U 23010AS  26245.52228395  .00000262  00000+0  29722-4 0  9998
2 55309  69.9979 278.4562 0003704 269.0860  90.9875 14.98328989200261
STARLINK-5309
1 55310U 23010AT  26245.49309196  .00000195  00000+0  24177-4 0  9999
2 55310  69.9979 278.7543 0003671 268.7752  91.2987 14.98336353200255
STARLINK-5312
1 55311U 23010AU  26245.49728545 -.00001083  00000+0 -83032-4 0  9997
2 55311  69.9974 278.7694 0003375 251.5409 108.5384 14.98313850201125
STARLINK-5296
1 55312U 23010AV  26245.33451549  .00000316  00000+0  34306-4 0  9994
2 55312  69.9981 278.8909 0003600 266.3990  93.6757 14.98330928201082
STARLINK-5313
1 55313U 23010AW  26245.55150668  .00000191  00000+0  23818-4 0  9994
2 55313  69.9978 278.5561 0003752 268.6593  91.4136 14.98323967201130
STARLINK-5305
1 55314U 23010AX  26245.48891604  .00000222  00000+0  26410-4 0  9995
2 55314  69.9978 278.7374 0003790 267.3163  92.7562 14.98328839201125
STARLINK-4623
1 55315U 23010AY  26245.56842139  .00000468  00000+0  47044-4 0  9992
2 55315  69.9992 298.4916 0003627 270.4318  89.6426 14.98330097199757
STARLINK-5257
1 55316U 23010AZ  26245.52646674  .00000213  00000+0  25681-4 0  9996
2 55316  69.9982 278.4846 0003942 273.7579  86.3129 14.98323714201130
STARLINK-5265
1 55317U 23010BA  26245.54732808 -.00000081  00000+0  10392-5 0  9992
2 55317  69.9979 278.5689 0003898 267.0781  92.9932 14.98329001201134
STARLINK-5180
1 55318U 23010BB  26245.34287199 -.00000599  00000+0 -42351-4 0  9993
2 55318  69.9981 279.0317 0003872 276.7505  83.3213 14.98333859201104
STARLINK-5196
1 55319U 23010BC  26245.53897752 -.00000203  00000+0 -91728-5 0  9992
2 55319  69.9981 278.5129 0003875 270.3199  89.7516 14.98331234201136
STARLINK-5492
1 55331U 23013A   26244.78312599  .00000903  00000+0  42359-4 0  9996
2 55331  43.0047  29.0120 0001364 233.7317 126.3409 15.27565506199681
STARLINK-5491
1 55332U 23013B   26245.06314249  .00000825  00000+0  39508-4 0  9998
2 55332  43.0049  12.9471 0001274 273.1454  86.9252 15.27575150198811
STARLINK-5493
1 55333U 23013C   26245.24852613 -.00002585  00000+0 -84450-4 0  9994
2 55333  43.0058  26.4896 0001530 280.6640  79.4039 15.27576727198673
STARLINK-5652
1 55334U 23013D   26245.11387857  .00000703  00000+0  35086-4 0  9993
2 55334  43.0061  27.0961 0001250 268.5550  91.5158 15.27571340198653
STARLINK-5660
1 55335U 23013E   26245.12160523 -.00000113  00000+0  54207-5 0  9997
2 55335  43.0050  27.2524 0001801 280.0126  80.0522 15.27580145198650
STARLINK-5655
1 55336U 23013F   26245.63361877  .00000249  00000+0  18580-4 0  9991
2 55336  43.0034   9.4108 0001227 271.0923  88.9788 15.27577935198902
STARLINK-5667
1 55337U 23013G   26244.74777527 -.00000401  00000+0 -50389-5 0  9992
2 55337  43.0062  14.8447 0000988 277.5514  82.5226 15.27580709198764
STARLINK-5658
1 55338U 23013H   26245.12546468  .00000012  00000+0  99615-5 0  9995
2 55338  43.0045  27.2818 0001855 264.7656  95.2984 15.27570553198651
STARLINK-5671
1 55339U 23013J   26245.11982926 -.00000339  00000+0 -27796-5 0  9993
2 55339  43.0042  30.6539 0001107 274.8926  85.1799 15.27571363198617
STARLINK-5675
1 55340U 23013K   26244.88946886  .00000453  00000+0  25990-4 0  9991
2 55340  43.0032  28.0901 0001363 266.2886  93.7810 15.27573784198625
STARLINK-5670
1 55341U 23013L   26244.86648884 -.00000178  00000+0  30628-5 0  9997
2 55341  43.0050  28.7757 0001869 274.3210  85.7428 15.27571847198617
STARLINK-5657
1 55342U 23013M   26244.80495473  .00000501  00000+0  27764-4 0  9991
2 55342  43.0046  29.1709 0002098 273.8178  86.2434 15.27571848198600
STARLINK-5661
1 55343U 23013N   26244.87918832  .00000823  00000+0  39442-4 0  9991
2 55343  43.0037  28.0103 0001460 259.3885 100.6802 15.27573312198623
STARLINK-5653
1 55345U 23013Q   26244.80544973 -.00000168  00000+0  34078-5 0  9991
2 55345  43.0040  14.4437 0001086 273.7721  86.3007 15.27575456198775
STARLINK-5631
1 55346U 23013R   26245.53690366  .00000436  00000+0  25384-4 0  9997
2 55346  43.0035  24.3424 0001552 261.0525  99.0151 15.27579286198727
STARLINK-5663
1 55347U 23013S   26244.81637123  .00000908  00000+0  42520-4 0  9995
2 55347  43.0042  28.3974 0001495 251.6846 108.3843 15.27573640198615
STARLINK-5609
1 55348U 23013T   26244.76254524  .00000352  00000+0  22320-4 0  9999
2 55348  43.0026  28.8536 0001211 271.7796  88.2917 15.27579017198601
STARLINK-5666
1 55349U 23013U   26244.89717752  .00000594  00000+0  31097-4 0  9990
2 55349  43.0020  28.1492 0001293 271.3216  88.7488 15.27573552198621
STARLINK-5668
1 55350U 23013V   26244.74713383 -.00000293  00000+0 -11168-5 0  9998
2 55350  43.0019  28.7351 0001729 269.7824  90.2830 15.27567130198603
STARLINK-5659
1 55351U 23013W   26245.54590024  .00000251  00000+0  18648-4 0  9994
2 55351  43.0026  24.4119 0001206 275.8258  84.2456 15.27576155198723
STARLINK-5547
1 55352U 23013X   26244.84255950  .00000715  00000+0  35512-4 0  9997
2 55352  43.0055  25.1865 0001452 278.2341  81.8346 15.27575343198656
STARLINK-5608
1 55353U 23013Y   26244.88995956  .00000500  00000+0  27716-4 0  9998
2 55353  43.0028  24.6787 0001282 269.0854  90.9850 15.27573686198662
STARLINK-5649
1 55354U 23013Z   26244.88818213  .00000675  00000+0  34057-4 0  9998
2 55354  43.0020  28.0770 0001283 268.2317  91.8388 15.27575436198628
STARLINK-5647
1 55355U 23013AA  26244.83820139  .00000810  00000+0  38939-4 0  9998
2 55355  43.0034  28.5457 0001053 267.2032  92.8699 15.27579708198609
STARLINK-5651
1 55357U 23013AC  26244.89974684 -.00002434  00000+0 -79008-4 0  9999
2 55357  43.0018  28.1610 0001057 264.5946  95.4785 15.27562546198627
STARLINK-5622
1 55358U 23013AD  26244.89589350 -.00000086  00000+0  64070-5 0  9996
2 55358  43.0035  28.1344 0001393 271.8070  88.2622 15.27571530198626
STARLINK-5641
1 55359U 23013AE  26244.90956513 -.00005518  00000+0 -19134-3 0  9993
2 55359  43.0049  31.6512 0001248 331.8238  28.2546 15.27548205198587
STARLINK-5664
1 55360U 23013AF  26245.48850692  .00000202  00000+0  16863-4 0  9990
2 55360  43.0048  42.9451 0001219 279.9565  80.1149 15.27579572198507
STARLINK-5665
1 55361U 23013AG  26244.83487892  .00004007  00000+0  15513-3 0  9994
2 55361  43.0031  13.8237 0001695 265.1802  94.8856 15.27564942198780
STARLINK-5574
1 55362U 23013AH  26245.08999490  .00001506  00000+0  64256-4 0  9995
2 55362  43.0039  12.3005 0001997 275.9324  84.1300 15.27570105198828
STARLINK-5627
1 55364U 23013AK  26244.84029332  .00000458  00000+0  26156-4 0  9991
2 55364  43.0029  31.9900 0001248 267.7648  92.3061 15.27572357198575
STARLINK-5639
1 55365U 23013AL  26244.89232169  .00000186  00000+0  16294-4 0  9991
2 55365  43.0043  46.2182 0001209 281.8469  78.2247 15.27573724198419
STARLINK-5654
1 55366U 23013AM  26245.54383618  .00000187  00000+0  16331-4 0  9994
2 55366  43.0045   9.6886 0002020 279.7711  80.2913 15.27574003198890
STARLINK-5635
1 55367U 23013AN  26245.64519659 -.00000161  00000+0  36655-5 0  9997
2 55367  43.0045   9.5738 0001065 274.0523  86.0207 15.27581025198907
STARLINK-5625
1 55368U 23013AP  26244.82715986  .00001127  00000+0  50486-4 0  9997
2 55368  43.0008  13.7696 0001406 309.3561  50.7166 15.27576248198789
STARLINK-5644
1 55369U 23013AQ  26244.82308255  .00000138  00000+0  14548-4 0  9995
2 55369  43.0042  46.5609 0001316 248.9605 111.1106 15.27572299198400
STARLINK-5027
1 55370U 23013AR  26245.48722711 -.00000034  00000+0  83028-5 0  9993
2 55370  43.0057  42.9475 0001454 264.2634  95.8052 15.27574299198506
STARLINK-5590
1 55371U 23013AS  26244.49229973 -.00000804  00000+0 -19689-4 0  9993
2 55371  43.0026  48.3765 0001102 276.8479  83.2247 15.27569519199272
STARLINK-5568
1 55372U 23013AT  26245.12751904 -.00000642  00000+0 -13800-4 0  9998
2 55372  43.0021  41.9773 0002065 257.7869 102.2751 15.27578390198487
STARLINK-5581
1 55373U 23013AU  26244.86933298 -.00002427  00000+0 -78694-4 0  9992
2 55373  43.0025  46.8876 0001368 270.6747  89.3948 15.27578560198408
STARLINK-5578
1 55374U 23013AV  26244.86677933  .00001453  00000+0  62317-4 0  9995
2 55374  43.0031  46.8771 0001561 255.0100 105.0579 15.27573180198404
STARLINK-5588
1 55375U 23013AW  26244.84107310  .00000352  00000+0  22326-4 0  9994
2 55375  43.0056  46.6901 0001328 276.0604  84.0096 15.27571194198401
STARLINK-5586
1 55376U 23013AX  26245.64134211 -.00000038  00000+0  81356-5 0  9995
2 55376  43.0024   9.5491 0001074 276.7453  83.3277 15.27575274198907
STARLINK-5567
1 55377U 23013AY  26245.12367899  .00002745  00000+0  10928-3 0  9990
2 55377  43.0032  41.9415 0001393 264.0275  96.0418 15.27569079198486
STARLINK-5572
1 55378U 23013AZ  26244.94743770  .00001388  00000+0  59991-4 0  9992
2 55378  43.0034  45.7697 0001390 267.3319  92.7374 15.27564319198425
STARLINK-5569
1 55379U 23013BA  26244.92109728  .00000358  00000+0  22552-4 0  9999
2 55379  43.0028  43.0044 0001517 244.7430 115.3264 15.27573377198457
STARLINK-5571
1 55380U 23013BB  26244.78271947 -.00000118  00000+0  52438-5 0  9990
2 55380  43.0026  33.0188 0000984 264.6724  95.4015 15.27577492198554
STARLINK-5575
1 55381U 23013BC  26244.86340710  .00000065  00000+0  11905-4 0  9998
2 55381  43.0024  43.4277 0001424 260.8288  99.2403 15.27573933198447
STARLINK-5576
1 55382U 23013BD  26244.92494219 -.00000105  00000+0  57112-5 0  9997
2 55382  43.0027  43.0352 0001256 265.1581  94.9128 15.27570744198452
STARLINK-5531
1 55383U 23013BE  26245.62977844  .00000070  00000+0  12065-4 0  9993
2 55383  43.0029   9.4595 0001576 267.7167  92.3504 15.27575942198908
STARLINK-5537
1 55384U 23013BF  26244.72102817  .00005781  00000+0  21922-3 0  9999
2 55384  43.0024  44.0870 0001870 268.7592  91.3045 15.27612921198420
STARLINK-5556
1 55385U 23013BG  26244.53133229  .00000693  00000+0  34707-4 0  9993
2 55385  43.0026  45.2353 0001744 263.2980  96.7673 15.27575456198396
STARLINK-5555
1 55386U 23013BH  26244.93264388 -.00001854  00000+0 -57881-4 0  9999
2 55386  43.0012  43.0877 0001528 273.1627  86.9049 15.27565463198459
STARLINK-5085
1 55392U 23014B   26245.48519431  .00000752  00000+0  70799-4 0  9997
2 55392  70.0001 318.5826 0003465 268.6029  91.4733 14.98331233199034
STARLINK-4786
1 55393U 23014C   26245.30601008  .00000030  00000+0  10337-4 0  9992
2 55393  70.0000 339.0460 0003198 269.7987  90.2806 14.98331583198512
STARLINK-5274
1 55395U 23014E   26245.29765718  .00000886  00000+0  82050-4 0  9991
2 55395  70.0016 338.9944 0002607 274.8347  85.2515 14.98331821198513
STARLINK-5283
1 55396U 23014F   26245.30183576  .00000386  00000+0  40105-4 0  9990
2 55396  69.9999 339.0211 0002997 270.9822  89.0994 14.98329831198518
STARLINK-5224
1 55397U 23014G   26245.46435505  .00000719  00000+0  68087-4 0  9999
2 55397  69.9994 318.8990 0003831 274.7433  85.3288 14.98325496199026
STARLINK-5275
1 55398U 23014H   26245.51881236  .00000080  00000+0  14522-4 0  9998
2 55398  70.0006 338.5715 0003324 270.3861  89.6917 14.98329827198546
STARLINK-5276
1 55399U 23014J   26244.70934373  .00000375  00000+0  39230-4 0  9990
2 55399  70.0004 340.5627 0003380 272.5633  87.5139 14.98329591198421
STARLINK-5632
1 55400U 23014K   26245.32688148  .00000439  00000+0  44573-4 0  9995
2 55400  70.0006 339.1005 0003347 268.4971  91.5804 14.98326776198518
STARLINK-5076
1 55401U 23014L   26245.31435672  .00000080  00000+0  14545-4 0  9995
2 55401  70.0003 339.0616 0003535 271.0314  89.0440 14.98331209198518
STARLINK-5071
1 55402U 23014M   26245.53550777 -.00000648  00000+0 -46503-4 0  9995
2 55402  69.9999 338.6285 0003015 266.9439  93.1375 14.98326062198548
STARLINK-5597
1 55403U 23014N   26245.32270760  .00000250  00000+0  28735-4 0  9998
2 55403  70.0004 339.0912 0003113 268.1681  91.9122 14.98328271198510
STARLINK-5607
1 55404U 23014P   26245.34357941 -.00002800  00000+0 -22693-3 0  9999
2 55404  69.9998 339.1659 0003519 272.5178  87.5578 14.98328693198513
STARLINK-5623
1 55405U 23014Q   26245.33105588  .00000273  00000+0  30658-4 0  9998
2 55405  70.0005 339.1207 0003160 270.0244  90.0553 14.98327256198510
STARLINK-5630
1 55406U 23014R   26245.28099111  .00000706  00000+0  66955-4 0  9997
2 55406  70.0000 339.3490 0003673 270.8961  89.1777 14.98330638198509
STARLINK-5019
1 55407U 23014S   26245.33940295  .00000438  00000+0  44516-4 0  9993
2 55407  70.0000 339.1499 0003414 269.8782  90.1986 14.98331911198519
STARLINK-5633
1 55410U 23014V   26245.05171847 -.00000780  00000+0 -57533-4 0  9990
2 55410  70.0007 359.6189 0003178 265.2978  94.7818 14.98337467197983
STARLINK-5605
1 55411U 23014W   26245.28933978  .00000474  00000+0  47519-4 0  9998
2 55411  70.0001 339.3790 0003262 268.7528  91.3257 14.98329674198504
STARLINK-5060
1 55413U 23014Y   26245.04754402  .00000716  00000+0  67761-4 0  9997
2 55413  70.0012 359.6037 0003104 267.8993  92.1811 14.98325168197988
STARLINK-5620
1 55414U 23014Z   26245.33127814  .00000755  00000+0  71065-4 0  9996
2 55414  70.0005 358.9909 0003291 269.2896  90.7886 14.98330288198027
STARLINK-5624
1 55416U 23014AB  26245.60667746 -.00000463  00000+0 -31036-4 0  9993
2 55416  70.0006 358.3480 0003116 269.4804  90.5998 14.98321962198060
STARLINK-5030
1 55418U 23014AD  26244.74713589  .00000327  00000+0  35234-4 0  9997
2 55418  70.0004   0.5652 0003024 271.5099  88.5713 14.98329677197933
STARLINK-5629
1 55419U 23014AE  26245.33545204  .00000481  00000+0  48092-4 0  9998
2 55419  70.0004 359.0064 0003177 269.3788  90.7007 14.98331231198023
STARLINK-5604
1 55420U 23014AF  26245.30578471  .00000388  00000+0  40322-4 0  9993
2 55420  70.0000 319.1690 0003542 269.3479  90.7274 14.98331917199002
STARLINK-5598
1 55421U 23014AG  26245.34380028  .00000673  00000+0  64210-4 0  9996
2 55421  70.0005 359.0361 0003127 269.8735  90.2066 14.98330430198029
STARLINK-5006
1 55422U 23014AH  26244.78884761  .00000413  00000+0  42407-4 0  9993
2 55422  70.0010   0.3043 0002838 263.1858  96.8978 14.98339416197947
STARLINK-5068
1 55423U 23014AJ  26245.56077689  .00000133  00000+0  18968-4 0  9998
2 55423  70.0012 358.5866 0003151 270.0717  90.0081 14.98330710198053
STARLINK-5615
1 55425U 23014AL  26244.75131267 -.00001153  00000+0 -88875-4 0  9992
2 55425  70.0009   0.5801 0002936 270.7408  89.3415 14.98335080197931
STARLINK-5638
1 55426U 23014AM  26245.03504688  .00000340  00000+0  36301-4 0  9998
2 55426  70.0009 359.9640 0002918 273.0107  87.0718 14.98330059197972
STARLINK-5064
1 55428U 23014AP  26244.70959380  .00000265  00000+0  30043-4 0  9999
2 55428  70.0013   0.8328 0003371 273.1620  86.9154 14.98330241197929
STARLINK-5645
1 55429U 23014AQ  26245.03087612  .00000854  00000+0  79348-4 0  9992
2 55429  70.0014 359.9486 0003387 268.4489  91.6282 14.98338588197973
STARLINK-5642
1 55430U 23014AR  26244.82248439  .00001405  00000+0  12555-3 0  9995
2 55430  70.0009  20.2828 0003390 270.0437  90.0334 14.98325156197454
STARLINK-5643
1 55431U 23014AS  26244.57190518 -.00002331  00000+0 -18763-3 0  9990
2 55431  70.0010   1.1556 0002985 270.4609  89.6208 14.98326925197906
STARLINK-5637
1 55432U 23014AT  26245.09801971 -.00000093  00000+0 -33803-7 0  9990
2 55432  70.0012  19.6405 0003120 270.6728  89.4074 14.98330644197498
STARLINK-5570
1 55433U 23014AU  26245.61941203 -.00000180  00000+0 -73135-5 0  9999
2 55433  70.0013  18.2486 0002922 267.5646  92.5179 14.98330553197576
STARLINK-5621
1 55434U 23014AV  26244.77240405 -.00000200  00000+0 -89881-5 0  9990
2 55434  70.0009  20.5109 0003225 269.8393  90.2397 14.98329813197441
STARLINK-5626
1 55435U 23014AW  26244.76405487  .00000152  00000+0  20544-4 0  9997
2 55435  70.0012  20.4829 0003021 270.4034  89.6779 14.98330104197449
STARLINK-5640
1 55436U 23014AX  26245.64447177  .00000733  00000+0  69188-4 0  9990
2 55436  70.0007  18.3364 0002772 270.8746  89.2095 14.98329250197571
STARLINK-5074
1 55438U 23014AZ  26245.29348304 -.00000461  00000+0 -30853-4 0  9992
2 55438  70.0000 339.0047 0003350 272.1970  87.8805 14.98331247198511
STARLINK-5634
1 55439U 23014BA  26244.78075474 -.00001933  00000+0 -15435-3 0  9994
2 55439  70.0008  20.5409 0002345 269.5603  90.5287 14.98318938197448
STARLINK-5699
1 55449U 23015A   26244.87482390  .00000540  00000+0  29162-4 0  9999
2 55449  43.0040  54.0362 0001963 273.1670  86.8957 15.27577450198605
STARLINK-5686
1 55450U 23015B   26244.93635911  .00000632  00000+0  32517-4 0  9997
2 55450  43.0045  53.6417 0002088 275.2760  84.7854 15.27576741198616
STARLINK-5656
1 55451U 23015C   26244.87867803  .00000948  00000+0  43993-4 0  9998
2 55451  43.0031  54.0632 0002280 272.5871  87.4720 15.27575559197665
STARLINK-5683
1 55452U 23015D   26244.95177449  .00000731  00000+0  36085-4 0  9992
2 55452  43.0029  53.7459 0001952 265.4563  94.6065 15.27575009197673
STARLINK-5684
1 55453U 23015E   26244.96834824  .00001233  00000+0  54315-4 0  9995
2 55453  43.0028  53.0244 0001422 271.9281  88.1407 15.27581920197687
STARLINK-5636
1 55454U 23015F   26245.50170402 -.00000172  00000+0  32765-5 0  9990
2 55454  43.0037  50.1337 0000795 281.5861  78.4901 15.27574654197768
STARLINK-5680
1 55455U 23015G   26244.94792050  .00000937  00000+0  43590-4 0  9992
2 55455  43.0020  53.7210 0001878 265.5060  94.5577 15.27573502197675
STARLINK-5058
1 55456U 23015H   26245.49913808  .00000360  00000+0  22609-4 0  9998
2 55456  43.0041  50.1232 0001212 261.3030  98.7684 15.27570421197769
STARLINK-5682
1 55457U 23015J   26245.49527914  .00000167  00000+0  15607-4 0  9993
2 55457  43.0025  50.0979 0001095 271.6482  88.4244 15.27578513197761
STARLINK-5020
1 55458U 23015K   26245.51712347 -.00000112  00000+0  54438-5 0  9990
2 55458  43.0056  50.2518 0001564 271.9554  88.1119 15.27573478197764
STARLINK-5669
1 55459U 23015L   26245.50942375  .00000720  00000+0  35683-4 0  9990
2 55459  43.0055  50.1990 0001083 259.8749 100.1981 15.27566448197765
STARLINK-5678
1 55460U 23015M   26245.51327144 -.00000366  00000+0 -37548-5 0  9995
2 55460  43.0060  50.2256 0001544 266.9807  93.0868 15.27577415197765
STARLINK-5646
1 55461U 23015N   26245.50554541  .00001677  00000+0  70448-4 0  9997
2 55461  43.0006  50.1667 0001284 252.4342 107.6369 15.27586121197768
STARLINK-5673
1 55462U 23015P   26245.48885302 -.00000054  00000+0  75519-5 0  9991
2 55462  43.0035  50.0421 0001249 253.1585 106.9130 15.27579170197760
STARLINK-5677
1 55463U 23015Q   26244.58453518  .00012488  00000+0  56706-3 0  9990
2 55463  42.9951  68.9503 0008284 257.7173 102.2749 15.20692294197462
STARLINK-5676
1 55464U 23015R   26245.50299625  .00005916  00000+0  22456-3 0  9994
2 55464  43.0046  50.1437 0001533 262.2943  97.7735 15.27546926197768
STARLINK-5674
1 55465U 23015S   26244.83885842  .00015755  00000+0  58033-3 0  9994
2 55465  43.0041  53.7669 0001340 264.9462  95.1237 15.27607679197662
STARLINK-5628
1 55466U 23015T   26245.51455372  .00000288  00000+0  20012-4 0  9994
2 55466  43.0060  50.2293 0001747 275.9165  84.1488 15.27574312197766
STARLINK-5679
1 55467U 23015U   26244.83113465  .00000426  00000+0  25008-4 0  9997
2 55467  43.0027  53.6986 0001419 269.4922  90.5767 15.27573818197661
STARLINK-5672
1 55468U 23015V   26245.17991236 -.00000146  00000+0  42282-5 0  9990
2 55468  43.0049  52.0194 0001307 264.7892  95.2810 15.27575016197719
STARLINK-5681
1 55469U 23015W   26245.49656679 -.00000634  00000+0 -13521-4 0  9991
2 55469  43.0009  50.0997 0000857 263.6819  96.3935 15.27574812197769
STARLINK-5708
1 55470U 23015X   26245.51070468 -.00001042  00000+0 -28331-4 0  9991
2 55470  43.0059  50.2022 0002052 266.4654  93.5963 15.27571505197760
STARLINK-5711
1 55471U 23015Y   26245.48756859  .00000334  00000+0  21677-4 0  9990
2 55471  43.0029  50.0276 0001220 273.0550  87.0162 15.27575940197768
STARLINK-5705
1 55472U 23015Z   26244.92446076 -.00000220  00000+0  15544-5 0  9998
2 55472  43.0029  46.5107 0001694 269.4259  90.6399 15.27569615197755
STARLINK-5689
1 55474U 23015AB  26245.18247001  .00000455  00000+0  26078-4 0  9998
2 55474  43.0027  63.3284 0001294 257.0990 102.9717 15.27574893197585
STARLINK-5650
1 55475U 23015AC  26245.51841078 -.00000195  00000+0  24591-5 0  9991
2 55475  43.0056  50.2572 0001960 273.5082  86.5546 15.27573869197767
STARLINK-5685
1 55477U 23015AE  26244.88076810  .00000335  00000+0  21681-4 0  9997
2 55477  43.0023  46.1847 0001078 268.5241  91.5488 15.27575076197755
STARLINK-5691
1 55478U 23015AF  26244.84029038  .00000036  00000+0  10843-4 0  9990
2 55478  43.0052  43.3186 0001758 269.2458  90.8192 15.27571357197781
STARLINK-5688
1 55479U 23015AG  26244.51800225  .00000324  00000+0  21314-4 0  9995
2 55479  43.0048  48.6185 0001837 269.1969  90.8672 15.27575377197697
STARLINK-5690
1 55480U 23015AH  26245.54136335 -.00000127  00000+0  49173-5 0  9991
2 55480  43.0054  60.7865 0001860 281.5728  78.4915 15.27576827197641
STARLINK-5694
1 55481U 23015AJ  26245.49398168 -.00000172  00000+0  32691-5 0  9997
2 55481  43.0030  61.3717 0001804 267.2935  92.7710 15.27575794197631
STARLINK-5692
1 55483U 23015AL  26245.53753397  .00000653  00000+0  33268-4 0  9996
2 55483  43.0046  60.8407 0001616 265.1349  94.9318 15.27563692197640
STARLINK-5696
1 55484U 23015AM  26245.50424798  .00001463  00000+0  62647-4 0  9997
2 55484  43.0012  61.4392 0001425 252.8669 107.2027 15.27587943197639
STARLINK-5695
1 55485U 23015AN  26245.50169170  .00000264  00000+0  19121-4 0  9995
2 55485  43.0020  61.4251 0001707 262.7423  97.3235 15.27576428197630
STARLINK-5704
1 55486U 23015AP  26245.58335648  .01189315  00000+0  28269-1 0  9995
2 55486  43.0005  60.5126 0002191 245.2141  10.6507 15.37963435  5868
STARLINK-5701
1 55487U 23015AQ  26245.61644570  .00062261  00000+0  22164-2 0  9995
2 55487  43.0077  60.5721 0002929 294.1118  65.9427 15.28115218197656
STARLINK-5706
1 55488U 23015AR  26245.22215845  .00000274  00000+0  19509-4 0  9999
2 55488  43.0055  62.7631 0001967 270.9851  89.0776 15.27576079197596
STARLINK-5371
1 55489U 23015AS  26245.49013057  .00000081  00000+0  12490-4 0  9998
2 55489  43.0052  61.3426 0001794 271.5574  88.5072 15.27573073197637
STARLINK-5373
1 55490U 23015AT  26245.52981147  .00000405  00000+0  24262-4 0  9998
2 55490  43.0042  60.7696 0001159 168.4447 191.6431 15.27570601197648
STARLINK-5364
1 55491U 23015AU  26244.89618213  .00000827  00000+0  39565-4 0  9999
2 55491  43.0048  46.2858 0001163 271.2971  88.7748 15.27576546197757
STARLINK-5013
1 55492U 23015AV  26244.96574315  .00001112  00000+0  49945-4 0  9993
2 55492  43.0043  64.2683 0001640 272.0905  87.9759 15.27580881197553
STARLINK-5362
1 55493U 23015AW  26245.53495356 -.00000621  00000+0 -13029-4 0  9995
2 55493  43.0038  60.8150 0001170 271.2273  88.8445 15.27576156197648
STARLINK-5344
1 55494U 23015AX  26245.49141261 -.00000010  00000+0  91860-5 0  9995
2 55494  43.0044  61.3424 0001575 273.7617  86.3054 15.27576148197633
STARLINK-5100
1 55495U 23015AY  26244.90261364 -.00000273  00000+0 -38045-6 0  9997
2 55495  43.0059  46.3507 0001760 269.9785  90.0865 15.27573070197750
STARLINK-5363
1 55497U 23015BA  26245.49526540  .00000411  00000+0  24485-4 0  9997
2 55497  43.0033  61.3645 0001614 260.6629  99.4040 15.27575977197630
STARLINK-5365
1 55498U 23015BB  26245.50554494 -.00000029  00000+0  84656-5 0  9992
2 55498  43.0030  61.4419 0001801 254.1702 105.8952 15.27578683197637
STARLINK-5366
1 55499U 23015BC  26245.52467329 -.00000490  00000+0 -82995-5 0  9992
2 55499  43.0006  60.7268 0000882 273.1179  86.9572 15.27574559198391
STARLINK-5141
1 55500U 23015BD  26245.49911774  .00000200  00000+0  16817-4 0  9995
2 55500  43.0019  61.3947 0001797 262.4218  97.6430 15.27577769197634
STARLINK-5367
1 55501U 23015BE  26245.51325426  .00000060  00000+0  11693-4 0  9993
2 55501  43.0037  61.4900 0001286 251.7489 108.3223 15.27578026197636
STARLINK-5749
1 55569U 23020A   26245.58521182  .00000449  00000+0  25832-4 0  9998
2 55569  43.0004  89.8508 0001761 243.4227 116.6444 15.27585165196995
STARLINK-5737
1 55570U 23020B   26245.57157264  .00000330  00000+0  21532-4 0  9997
2 55570  43.0013  86.3486 0001545 245.9119 114.1571 15.27578742195964
STARLINK-5739
1 55571U 23020C   26244.97617774  .00000000  00000+0  95473-5 0  9998
2 55571  43.0046  93.0321 0002044 278.9827  81.0793 15.27575320195834
STARLINK-5732
1 55572U 23020D   26244.97360907  .00000251  00000+0  18655-4 0  9996
2 55572  43.0037  93.0146 0001373 273.1343  86.9351 15.27574933195837
STARLINK-5738
1 55573U 23020E   26245.55823112 -.00000525  00000+0 -95460-5 0  9990
2 55573  43.0045  89.6635 0001327 265.4743  94.5957 15.27578103195928
STARLINK-5747
1 55574U 23020F   26244.93907414  .00003126  00000+0  12311-3 0  9990
2 55574  42.9977  93.6100 0001010  55.8603 304.2344 15.27568465195828
STARLINK-5745
1 55575U 23020G   26245.57108177  .00000689  00000+0  34572-4 0  9996
2 55575  43.0032  89.7545 0001649 269.9852  90.0810 15.27575922195929
STARLINK-5751
1 55576U 23020H   26245.51570357  .00000005  00000+0  97071-5 0  9990
2 55576  43.0031  60.7914 0001113 236.8923 123.1822 15.27574911196251
STARLINK-5752
1 55577U 23020J   26245.58311699 -.00002021  00000+0 -63918-4 0  9994
2 55577  43.0024  86.3540 0001023 257.4979 102.5758 15.27582711195966
STARLINK-5754
1 55579U 23020L   26244.97409915  .00000782  00000+0  37944-4 0  9997
2 55579  43.0033  89.6018 0001455 272.7301  87.3384 15.27579544195877
STARLINK-5757
1 55580U 23020M   26244.87211521  .00000434  00000+0  25304-4 0  9993
2 55580  43.0031  64.5652 0001242 271.6206  88.4504 15.27572274196150
STARLINK-5753
1 55581U 23020N   26245.30904339  .00000679  00000+0  34194-4 0  9997
2 55581  43.0050  94.6386 0001260 267.7092  92.3615 15.27574127195840
STARLINK-5741
1 55582U 23020P   26245.58701473 -.00000216  00000+0  17053-5 0  9996
2 55582  43.0059  75.1999 0002064 276.9752  83.0865 15.27570660196092
STARLINK-5742
1 55583U 23020Q   26245.27790365  .00000390  00000+0  23693-4 0  9999
2 55583  43.0036  87.5862 0001161 270.6325  89.4393 15.27576003195922
STARLINK-5736
1 55584U 23020R   26245.59855995 -.00000996  00000+0 -26667-4 0  9994
2 55584  43.0014  86.5489 0000866 272.1058  87.9695 15.27576417195965
STARLINK-5769
1 55585U 23020S   26245.54603877  .00001066  00000+0  48245-4 0  9993
2 55585  43.0020  75.7566 0001712 247.5392 112.5278 15.27583579196080
STARLINK-5767
1 55586U 23020T   26245.58185424 -.00000086  00000+0  63972-5 0  9998
2 55586  43.0021  86.4255 0001456 236.1850 123.8863 15.27576635195960
STARLINK-5727
1 55587U 23020U   26245.57541775  .00000231  00000+0  17910-4 0  9994
2 55587  43.0012  86.2999 0001294 271.3078  88.7626 15.27576144195968
STARLINK-5728
1 55588U 23020V   26245.57799914  .00000128  00000+0  14195-4 0  9992
2 55588  43.0021  86.3988 0001410 262.2936  97.7756 15.27576752195969
STARLINK-5697
1 55589U 23020W   26245.56643458  .00000135  00000+0  14419-4 0  9990
2 55589  43.0027  86.3067 0001499 263.4107  96.6574 15.27576726195961
STARLINK-5762
1 55590U 23020X   26244.97154381  .00001852  00000+0  76802-4 0  9999
2 55590  43.0036  89.5881 0001844 277.6370  82.4273 15.27583334195877
STARLINK-5760
1 55591U 23020Y   26245.57415904 -.00000933  00000+0 -24382-4 0  9995
2 55591  43.0024  86.3660 0001559 251.1902 108.8781 15.27565522195962
STARLINK-5759
1 55592U 23020Z   26245.54201963 -.00000030  00000+0  84242-5 0  9990
2 55592  43.0029  86.1291 0001273 281.9977  78.0732 15.27574972195965
STARLINK-5703
1 55593U 23020AA  26244.62275564 -.00000086  00000+0  63878-5 0  9990
2 55593  43.0030  91.2676 0000915 273.2556  86.8191 15.27575569195825
STARLINK-5750
1 55594U 23020AB  26245.54587797 -.00000468  00000+0 -74878-5 0  9994
2 55594  43.0042  86.1585 0001587 270.5091  89.5578 15.27571996195965
STARLINK-5729
1 55596U 23020AD  26245.55615616  .00000065  00000+0  11891-4 0  9995
2 55596  43.0037  86.2328 0001469 269.9773  90.0910 15.27574613195961
STARLINK-5743
1 55597U 23020AE  26245.56517622 -.00004783  00000+0 -16429-3 0  9999
2 55597  43.0044  75.0498 0002222 270.8761  89.1836 15.27595024196090
STARLINK-5756
1 55598U 23020AF  26244.94599154 -.00000990  00000+0 -26459-4 0  9992
2 55598  43.0018  78.9587 0001936 264.9657  95.0974 15.27570822195998
STARLINK-5761
1 55599U 23020AG  26244.81907908 -.00003523  00000+0 -11858-3 0  9990
2 55599  43.0010  79.7290 0001500 261.4933  98.5749 15.27574762195970
STARLINK-5755
1 55600U 23020AH  26245.57930146 -.00000383  00000+0 -43959-5 0  9997
2 55600  43.0040  75.1351 0001167 274.4659  85.6060 15.27575375196090
STARLINK-5744
1 55601U 23020AJ  26245.59984329 -.00000540  00000+0 -10111-4 0  9990
2 55601  43.0045  86.5566 0001513 230.1082 129.9637 15.27571415195962
STARLINK-5764
1 55602U 23020AK  26245.54218615  .00001342  00000+0  58264-4 0  9994
2 55602  43.0023  75.6967 0001004 256.7546 103.3194 15.27584053196087
STARLINK-5735
1 55603U 23020AL  26245.57544565 -.00000334  00000+0 -26209-5 0  9991
2 55603  43.0044  75.1110 0001110 273.7397  86.3328 15.27575292196092
STARLINK-5748
1 55604U 23020AM  26244.86055489 -.00000142  00000+0  43651-5 0  9991
2 55604  43.0028  64.4852 0001390 228.4861 131.5872 15.27577628196151
STARLINK-5725
1 55605U 23020AN  26245.58315723 -.00000269  00000+0 -24026-6 0  9999
2 55605  43.0030  75.1644 0001308 278.5572  81.5132 15.27574867196095
STARLINK-5700
1 55607U 23020AQ  26245.53188823  .00001880  00000+0  77818-4 0  9998
2 55607  43.0031  75.6396 0001939 263.9004  96.1627 15.27587732196080
STARLINK-5726
1 55608U 23020AR  26244.55495841  .00000582  00000+0  30686-4 0  9991
2 55608  43.0023  81.2005 0002008 252.4397 107.6235 15.27575941195933
STARLINK-5719
1 55609U 23020AS  26245.52806816  .00003004  00000+0  11875-3 0  9998
2 55609  43.0052  75.6119 0001625 266.2160  93.8506 15.27550802196087
STARLINK-5722
1 55610U 23020AT  26245.54346567  .00000086  00000+0  12651-4 0  9995
2 55610  43.0017  75.7153 0001417 255.9841 104.0853 15.27577419196082
STARLINK-5730
1 55611U 23020AU  26244.89602860  .00000175  00000+0  15884-4 0  9994
2 55611  43.0021  79.4530 0001245 253.9944 106.0771 15.27574806195985
STARLINK-5734
1 55612U 23020AV  26245.22681528  .00000499  00000+0  27657-4 0  9991
2 55612  43.0022  77.6445 0001316 245.5286 114.5429 15.27575911196036
STARLINK-5714
1 55614U 23020AX  26245.52083505  .00000364  00000+0  22771-4 0  9990
2 55614  43.0032  60.8048 0001211 250.5673 109.5048 15.27576701196255
STARLINK-5712
1 55615U 23020AY  26245.56388367 -.00000454  00000+0 -69737-5 0  9995
2 55615  43.0035  75.0217 0001149 246.1544 113.9187 15.27573139196090
STARLINK-5710
1 55616U 23020AZ  26245.57416156 -.00000175  00000+0  31698-5 0  9999
2 55616  43.0038  75.0987 0001224 267.2410  92.8302 15.27572939196099
STARLINK-5721
1 55617U 23020BA  26245.56773857  .00000063  00000+0  11830-4 0  9993
2 55617  43.0032  75.0516 0001057 267.3110  92.7620 15.27575565196094
STARLINK-5717
1 55618U 23020BB  26245.57802024  .00001854  00000+0  76884-4 0  9993
2 55618  43.0064  75.1233 0001696 257.8485 102.2177 15.27588328196090
STARLINK-5720
1 55619U 23020BC  26245.58186916 -.00000351  00000+0 -32226-5 0  9996
2 55619  43.0058  75.1490 0001268 277.8039  82.2669 15.27578295196085
STARLINK-5718
1 55620U 23020BD  26245.58572919 -.00000383  00000+0 -43869-5 0  9990
2 55620  43.0048  75.1822 0001684 272.7239  87.3420 15.27572220196097
STARLINK-5709
1 55621U 23020BE  26245.57032162  .00000949  00000+0  44020-4 0  9996
2 55621  43.0036  75.0716 0001250 273.2288  86.8421 15.27576784196099
STARLINK-5702
1 55622U 23020BF  26244.93571783 -.00000328  00000+0 -23716-5 0  9996
2 55622  43.0051  78.9021 0001658 265.4073  94.6590 15.27573236195996
STARLINK-5698
1 55623U 23020BG  26245.59215410 -.00001528  00000+0 -45989-4 0  9990
2 55623  43.0052  75.2273 0003673 298.0451  62.0029 15.27564873 19514
STARLINK-5484
1 55628U 23021A   26245.05312669  .00000448  00000+0  45368-4 0  9990
2 55628  69.9995 119.8687 0002704 267.8390  92.2459 14.98328148194714
STARLINK-5497
1 55629U 23021B   26245.39110053 -.00000507  00000+0 -34659-4 0  9990
2 55629  69.9993 119.0433 0002979 267.6805  92.4013 14.98335357194760
STARLINK-5303
1 55630U 23021C   26245.04895888  .00000709  00000+0  67239-4 0  9992
2 55630  69.9996 119.8537 0002777 274.9335  85.1507 14.98318944194718
STARLINK-5558
1 55631U 23021D   26245.09068605  .00002479  00000+0  21551-3 0  9999
2 55631  69.9991 119.5968 0002850 268.8644  91.2189 14.98324215194729
STARLINK-5546
1 55632U 23021E   26245.04060569  .00000881  00000+0  81652-4 0  9990
2 55632  69.9994 119.8225 0002898 268.6210  91.4617 14.98333679194712
STARLINK-5498
1 55633U 23021F   26245.37022904  .00000393  00000+0  40700-4 0  9995
2 55633  69.9995 118.9663 0002789 268.2918  91.7921 14.98329477194767
STARLINK-5500
1 55634U 23021G   26245.37456857  .00000564  00000+0  55083-4 0  9994
2 55634  69.9995 118.9824 0002774 266.1194  93.9648 14.98329390194757
STARLINK-5495
1 55635U 23021H   26245.01951601 -.00002834  00000+0 -22983-3 0  9999
2 55635  69.9991  99.8824 0002991 268.4478  91.6338 14.98330631195204
STARLINK-5218
1 55636U 23021J   26245.36187913  .00000282  00000+0  31391-4 0  9992
2 55636  69.9994 118.9378 0002872 269.7327  90.3503 14.98331363194763
STARLINK-5062
1 55637U 23021K   26245.57028453 -.00000066  00000+0  23018-5 0  9998
2 55637  69.9994  98.5916 0002714 267.1469  92.9379 14.98329866195281
STARLINK-5507
1 55638U 23021L   26245.03225336  .00000791  00000+0  74072-4 0  9998
2 55638  69.9995 119.7940 0002729 273.0662  87.0185 14.98330372194714
STARLINK-5508
1 55639U 23021M   26245.54958309  .00000400  00000+0  41283-4 0  9993
2 55639  69.9991  98.5186 0002495 265.8542  94.2332 14.98328627195280
STARLINK-5069
1 55640U 23021N   26245.01116953  .00000299  00000+0  32882-4 0  9999
2 55640  69.9992  99.8482 0002834 267.8974  92.1860 14.98320543195208
STARLINK-5065
1 55641U 23021P   26245.04037866  .00000320  00000+0  34581-4 0  9991
2 55641  69.9990  99.9487 0002860 264.8764  95.2068 14.98340867195201
STARLINK-5483
1 55643U 23021R   26245.58282741  .00001264  00000+0  11373-3 0  9997
2 55643  69.9988  98.6270 0002897 270.1347  89.9480 14.98316229195284
STARLINK-5502
1 55644U 23021S   26245.29489809  .00000416  00000+0  42677-4 0  9990
2 55644  69.9991  99.2354 0002943 269.2662  90.8160 14.98329154195243
STARLINK-5510
1 55647U 23021V   26245.59532224  .00000954  00000+0  87718-4 0  9998
2 55647  69.9988  98.2739 0003033 269.5782  90.5030 14.98321067195298
STARLINK-5501
1 55648U 23021W   26245.02368757  .00000356  00000+0  37662-4 0  9994
2 55648  69.9991  99.8937 0002754 270.0107  90.0736 14.98326065195209
STARLINK-5469
1 55649U 23021X   26245.53689287  .00000262  00000+0  29791-4 0  9995
2 55649  69.9990  98.4718 0002749 267.5146  92.5698 14.98329071195281
STARLINK-5494
1 55650U 23021Y   26245.01533883  .00000706  00000+0  66974-4 0  9997
2 55650  69.9992  99.8645 0002458 261.2254  98.8627 14.98331008195203
STARLINK-5506
1 55651U 23021Z   26245.56610976 -.00000006  00000+0  72977-5 0  9992
2 55651  69.9994  98.5765 0002672 269.7448  90.3405 14.98332107195281
STARLINK-5487
1 55652U 23021AA  26245.00698919  .00000641  00000+0  61523-4 0  9993
2 55652  69.9990  99.8341 0002627 272.3689  87.7170 14.98324406195203
STARLINK-5067
1 55653U 23021AB  26245.59113000 -.00000218  00000+0 -10501-4 0  9993
2 55653  69.9988  98.2591 0002586 271.0708  89.0155 14.98327689195296
STARLINK-5070
1 55654U 23021AC  26245.57864754  .00000616  00000+0  59378-4 0  9996
2 55654  69.9988  98.6198 0002939 276.2978  83.7846 14.98328557195284
STARLINK-5267
1 55655U 23021AD  26245.54919318  .00000343  00000+0  36538-4 0  9991
2 55655  69.9989  78.6413 0002554 268.9483  91.1383 14.98327646195766
STARLINK-5328
1 55657U 23021AF  26245.49077846  .00000493  00000+0  49138-4 0  9994
2 55657  69.9990  78.8394 0002754 269.6355  90.4488 14.98330640195764
STARLINK-5307
1 55658U 23021AG  26245.33243774  .00000240  00000+0  27917-4 0  9994
2 55658  69.9989  98.9625 0002497 269.4450  90.6423 14.98329466195250
STARLINK-5477
1 55659U 23021AH  26244.95252743 -.00000444  00000+0 -29392-4 0  9995
2 55659  69.9989  80.1709 0002673 267.7431  92.3422 14.98329050195676
STARLINK-5467
1 55660U 23021AJ  26245.50327561  .00000257  00000+0  29323-4 0  9994
2 55660  69.9987  78.4886 0002793 266.8343  93.2497 14.98331059195772
STARLINK-5475
1 55661U 23021AK  26245.53667050 -.00000215  00000+0 -10206-4 0  9994
2 55661  69.9989  78.5990 0002451 266.4523  93.6356 14.98331390195775
STARLINK-5479
1 55662U 23021AL  26245.52891719 -.00001257  00000+0 -99715-4 0  9994
2 55662  69.9997  78.9786 0002374 268.6217  91.4670 14.97523178195760
STARLINK-5473
1 55663U 23021AM  26245.52833039  .00000884  00000+0  81850-4 0  9990
2 55663  69.9993  78.5687 0003029 268.1450  91.9362 14.98325005195768
STARLINK-5480
1 55664U 23021AN  26245.54501075  .00000071  00000+0  13722-4 0  9996
2 55664  69.9989  78.6256 0002594 266.8963  93.1899 14.98329259195772
STARLINK-5474
1 55665U 23021AP  26245.52414693 -.00000298  00000+0 -17215-4 0  9998
2 55665  69.9991  78.5552 0002300 267.4105  92.6790 14.98328831195762
STARLINK-5456
1 55667U 23021AR  26245.24458302  .00000166  00000+0  21679-4 0  9995
2 55667  69.9990  79.1839 0002341 268.7679  91.3212 14.98331790195722
STARLINK-5455
1 55668U 23021AS  26244.73972078  .00000167  00000+0  21795-4 0  9990
2 55668  69.9989  80.6322 0002705 268.9390  91.1460 14.98329072195645
STARLINK-5459
1 55669U 23021AT  26244.93165202  .00000317  00000+0  34374-4 0  9990
2 55669  69.9989  80.0983 0002721 269.9721  90.1126 14.98330399195675
STARLINK-5423
1 55670U 23021AU  26244.98588996  .00000018  00000+0  92878-5 0  9998
2 55670  69.9990  79.8858 0002822 267.8865  92.1971 14.98332800195695
STARLINK-5460
1 55671U 23021AV  26244.96521336 -.00000840  00000+0 -62647-4 0  9997
2 55671  69.9987  80.2041 0002807 270.3736  89.7102 14.98333614195682
STARLINK-5463
1 55673U 23021AX  26244.98171725  .00000382  00000+0  39811-4 0  9990
2 55673  69.9990  79.8701 0002880 269.3765  90.7064 14.98329137195691
STARLINK-5462
1 55674U 23021AY  26245.50744202 -.00003245  00000+0 -26432-3 0  9993
2 55674  70.0005  78.4934 0002528 266.6203  93.4667 14.98323736195778
STARLINK-5232
1 55675U 23021AZ  26245.49910059  .00000259  00000+0  29483-4 0  9997
2 55675  69.9985  78.4665 0002608 270.6002  89.4858 14.98330696195775
STARLINK-5300
1 55676U 23021BA  26244.91490122  .00001028  00000+0  93957-4 0  9990
2 55676  70.0007  60.1662 0002678 268.6646  91.4206 14.98332198196171
STARLINK-5324
1 55677U 23021BB  26245.23601051  .00000242  00000+0  28090-4 0  9995
2 55677  69.9991  59.2763 0002756 269.6746  90.4098 14.98329853196229
STARLINK-5592
1 55741U 23028A   26245.17876546  .00001177  00000+0  10641-3 0  9990
2 55741  69.9999 159.5823 0002836 272.0790  88.0045 14.98330058192664
STARLINK-5594
1 55742U 23028B   26245.18293879  .00001124  00000+0  10197-3 0  9992
2 55742  69.9999 159.5969 0002822 271.6890  88.3946 14.98330619192472
STARLINK-5602
1 55743U 23028C   26245.18711410  .00000741  00000+0  69854-4 0  9998
2 55743  69.9996 159.6097 0003085 255.5154 104.5663 14.98329389192478
STARLINK-5601
1 55744U 23028D   26245.18310588  .00000812  00000+0  75843-4 0  9994
2 55744  69.9999 159.5966 0002776 267.4782  92.6059 14.98329196192473
STARLINK-5579
1 55746U 23028F   26245.15372006  .00000255  00000+0  29162-4 0  9990
2 55746  70.0006 159.4938 0002780 268.7955  91.2885 14.98329427192475
STARLINK-5539
1 55747U 23028G   26245.17041789  .00000880  00000+0  81518-4 0  9991
2 55747  70.0002 159.5528 0002829 269.0933  90.9902 14.98329667192474
STARLINK-5580
1 55748U 23028H   26245.16624379  .00000334  00000+0  35805-4 0  9995
2 55748  69.9999 159.5358 0003363 249.2587 110.8212 14.98328152192471
STARLINK-5573
1 55750U 23028K   26245.16206991  .00000372  00000+0  38964-4 0  9995
2 55750  70.0002 159.5216 0003064 265.2815  94.7994 14.98328254192475
STARLINK-5577
1 55751U 23028L   26245.17459188  .00000877  00000+0  81281-4 0  9995
2 55751  70.0000 159.5671 0002865 267.4602  92.6229 14.98329627192478
STARLINK-5613
1 55752U 23028M   26245.47082351  .00000425  00000+0  43386-4 0  9996
2 55752  70.0005 158.5925 0002781 272.8815  87.2026 14.98330304192523
STARLINK-5617
1 55753U 23028N   26245.58335648  .00055085  00000+0  45918-2 0  9992
2 55753  70.0016 158.4119 0002891 266.4671 249.5187 14.98299392  5762
STARLINK-5612
1 55754U 23028P   26245.47916865 -.00001706  00000+0 -13517-3 0  9991
2 55754  70.0008 158.6221 0002839 262.3611  97.7225 14.98340343192521
STARLINK-5614
1 55756U 23028R   26245.46247509 -.00001150  00000+0 -88544-4 0  9990
2 55756  70.0001 158.5623 0002804 262.5710  97.5131 14.98338448192522
STARLINK-5544
1 55757U 23028S   26245.14955328 -.00004859  00000+0 -39959-3 0  9995
2 55757  70.0003 159.4770 0002993 270.2840  89.7977 14.98338770192470
STARLINK-5072
1 55758U 23028T   26245.14119743  .00000575  00000+0  55989-4 0  9990
2 55758  70.0005 159.4491 0002974 273.1011  86.9807 14.98329038192472
STARLINK-5532
1 55760U 23028V   26245.45830111 -.00000197  00000+0 -87181-5 0  9998
2 55760  70.0003 158.5489 0002885 271.0546  89.0283 14.98334021192527
STARLINK-5611
1 55761U 23028W   26245.43741516  .00000372  00000+0  38985-4 0  9997
2 55761  69.9996 139.0003 0002914 262.6719  97.4108 14.98322869193003
STARLINK-5603
1 55762U 23028X   26245.09092674  .00002550  00000+0  22149-3 0  9998
2 55762  70.0002 139.7955 0002744 266.4860  93.5985 14.98323754192955
STARLINK-5593
1 55763U 23028Y   26245.13284839  .00000614  00000+0  59223-4 0  9993
2 55763  70.0002 159.4190 0002838 267.0714  93.0120 14.98330190192470
STARLINK-5499
1 55764U 23028Z   26245.09508563  .00000307  00000+0  33549-4 0  9994
2 55764  70.0000 139.8110 0002697 268.0017  92.0833 14.98328511192950
STARLINK-5595
1 55765U 23028AA  26245.43306021  .00000142  00000+0  19716-4 0  9995
2 55765  69.9999 138.9840 0002599 269.7777  90.3084 14.98329104193002
STARLINK-5599
1 55766U 23028AB  26245.14097463  .00001325  00000+0  11880-3 0  9998
2 55766  70.0001 139.5685 0002647 268.1238  91.9618 14.98327893192960
STARLINK-5606
1 55767U 23028AC  26245.43722970 -.00001831  00000+0 -14564-3 0  9995
2 55767  70.0001 138.9997 0002758 260.6183  99.4664 14.98351029192983
STARLINK-5584
1 55769U 23028AE  26245.14932220  .00000650  00000+0  62256-4 0  9994
2 55769  70.0001 139.5982 0002617 271.2629  88.8230 14.98329738192964
STARLINK-5557
1 55770U 23028AF  26245.41219437 -.00000270  00000+0 -14841-4 0  9991
2 55770  69.9999 138.9099 0002424 273.2486  86.8395 14.98324580193006
STARLINK-5591
1 55771U 23028AG  26245.40383980  .00000600  00000+0  58102-4 0  9999
2 55771  70.0001 138.8797 0002722 272.0373  88.0474 14.98330288193005
STARLINK-5835
1 55772U 23028AH  26245.12028737 -.00000387  00000+0 -24664-4 0  9995
2 55772  70.0000 139.4963 0002913 269.9402  90.1424 14.98317932192961
STARLINK-5833
1 55773U 23028AJ  26245.62081538 -.00000265  00000+0 -14423-4 0  9996
2 55773  69.9999 138.4320 0003009 269.2752  90.8062 14.98332774193035
STARLINK-5812
1 55774U 23028AK  26245.13262746  .00001013  00000+0  92649-4 0  9991
2 55774  70.0000 139.5388 0002826 271.6300  88.4535 14.98328516192968
STARLINK-5809
1 55775U 23028AL  26245.12845219  .00000622  00000+0  59960-4 0  9997
2 55775  70.0001 139.5244 0002954 267.1573  92.9248 14.98329156192967
STARLINK-5814
1 55777U 23028AN  26245.12008756  .00002316  00000+0  20173-3 0  9991
2 55777  70.0000 139.4947 0002811 266.3327  93.7511 14.98343117192962
STARLINK-5816
1 55778U 23028AP  26245.44973008 -.00000582  00000+0 -40993-4 0  9996
2 55778  70.0004 138.6387 0002676 270.7510  89.3343 14.98334465193015
STARLINK-5817
1 55779U 23028AQ  26245.08648404  .00001375  00000+0  12303-3 0  9998
2 55779  69.9993 119.4987 0002882 271.0850  88.9979 14.98327946193457
STARLINK-5819
1 55780U 23028AR  26245.11176503  .00001118  00000+0  10150-3 0  9993
2 55780  70.0001 139.4658 0002852 269.4308  90.6524 14.98320436192963
STARLINK-5820
1 55781U 23028AS  26245.12427944  .00000680  00000+0  64761-4 0  9994
2 55781  70.0001 139.5430 0002935 265.1485  94.9339 14.98329316192961
STARLINK-5826
1 55782U 23028AT  26245.08250363 -.00000557  00000+0 -38894-4 0  9992
2 55782  69.9999 119.8924 0002814 261.2706  98.8135 14.98317702193440
STARLINK-5825
1 55783U 23028AU  26245.08234158  .00000657  00000+0  62819-4 0  9990
2 55783  69.9995 119.8895 0002672 267.5847  92.5006 14.98327714193443
STARLINK-5797
1 55784U 23028AV  26245.59978767 -.00212337  00000+0 -17862-1 0  9995
2 55784  69.9986 118.4847 0009245 225.6748 134.3655 14.99288687193524
STARLINK-5818
1 55785U 23028AW  26245.07816246  .00000683  00000+0  65047-4 0  9990
2 55785  69.9996 119.8756 0003108 266.1083  93.9721 14.98331718193442
STARLINK-5823
1 55786U 23028AX  26245.58335648  .00046901  00000+0  39142-2 0  9997
2 55786  70.0007 118.5252 0002867 263.4660   8.3374 14.98311088  5767
STARLINK-5811
1 55787U 23028AY  26245.07399065  .00000753  00000+0  70922-4 0  9993
2 55787  69.9994 119.8604 0002906 267.4381  92.6446 14.98329610193442
STARLINK-5804
1 55788U 23028AZ  26245.06981798  .00000654  00000+0  62586-4 0  9990
2 55788  69.9995 119.8455 0002881 270.6889  89.3940 14.98328563193447
STARLINK-5815
1 55789U 23028BA  26245.57886793 -.00001653  00000+0 -13082-3 0  9994
2 55789  69.9992 118.4108 0002262 268.6801  91.4099 14.98325877193522
STARLINK-5813
1 55790U 23028BB  26245.04910993  .00000529  00000+0  52117-4 0  9990
2 55790  69.9996 119.7725 0002523 270.6903  89.3967 14.98329397193445
STARLINK-5807
1 55791U 23028BC  26245.06147789  .00000521  00000+0  51438-4 0  9995
2 55791  69.9995 119.8164 0002997 268.4276  91.6540 14.98316747193444
STARLINK-5856
1 55914U 23037A   26245.27125797  .00000218  00000+0  26030-4 0  9993
2 55914  69.9993 219.3821 0003431 263.6751  96.4017 14.98328709190624
STARLINK-5859
1 55915U 23037B   26245.32133844  .00001988  00000+0  17434-3 0  9994
2 55915  69.9983 219.1532 0003222 267.8115  92.2675 14.98325906190629
STARLINK-5796
1 55916U 23037C   26245.33385885  .00000318  00000+0  34476-4 0  9992
2 55916  69.9990 219.1981 0003640 263.9602  96.1142 14.98332333189945
STARLINK-5867
1 55918U 23037E   26245.32967099  .00000135  00000+0  19110-4 0  9991
2 55918  69.9988 219.1836 0002895 268.3298  91.7529 14.98329488189941
STARLINK-5871
1 55919U 23037F   26245.32148112 -.00001603  00000+0 -12658-3 0  9991
2 55919  69.9987 219.1537 0003516 273.5367  86.5390 14.98321414189944
STARLINK-5862
1 55920U 23037G   26245.25851137 -.00000200  00000+0 -89880-5 0  9998
2 55920  69.9993 199.4593 0002837 262.8169  97.2667 14.98331114190420
STARLINK-5861
1 55921U 23037H   26245.30463104  .00000387  00000+0  40255-4 0  9994
2 55921  69.9987 219.0947 0003336 264.0384  96.0395 14.98329989189941
STARLINK-5863
1 55922U 23037J   26245.30879652  .00000444  00000+0  45032-4 0  9996
2 55922  69.9986 219.1098 0003431 269.4590  90.6176 14.98330941189940
STARLINK-5854
1 55923U 23037K   26245.31297195 -.00000120  00000+0 -22633-5 0  9990
2 55923  69.9988 219.1234 0003564 264.8653  95.2099 14.98328665189946
STARLINK-5849
1 55924U 23037L   26245.25433652  .00000325  00000+0  34998-4 0  9995
2 55924  69.9992 199.4426 0003086 267.9969  92.0837 14.98330320190429
STARLINK-5922
1 55925U 23037M   26245.30044772  .00000418  00000+0  42792-4 0  9997
2 55925  69.9988 219.0802 0003447 267.0363  93.0402 14.98331505189942
STARLINK-5921
1 55926U 23037N   26245.24598856 -.00000065  00000+0  23124-5 0  9996
2 55926  69.9994 199.4146 0003128 270.5312  89.5488 14.98330338190423
STARLINK-5919
1 55927U 23037P   26245.29228855  .00001548  00000+0  13751-3 0  9990
2 55927  69.9989 219.0520 0002830 266.5736  93.5100 14.98325672189932
STARLINK-5930
1 55928U 23037Q   26245.28792730  .00000055  00000+0  12390-4 0  9999
2 55928  69.9992 219.0345 0003451 267.8184  92.2579 14.98330769189943
STARLINK-5896
1 55930U 23037S   26245.28353068  .00004482  00000+0  38319-3 0  9995
2 55930  70.0008 199.1456 0003160 271.1618  88.9179 14.98329910190435
STARLINK-5897
1 55931U 23037T   26245.28375351 -.00000017  00000+0  63833-5 0  9997
2 55931  69.9993 219.0204 0003344 263.5808  96.4971 14.98332706189944
STARLINK-5848
1 55932U 23037U   26245.24156527  .00000291  00000+0  32144-4 0  9999
2 55932  69.9998 179.1156 0003067 266.0483  94.0326 14.98328729190929
STARLINK-5852
1 55933U 23037V   26245.30859761 -.00002088  00000+0 -16728-3 0  9994
2 55933  69.9969 199.2330 0004167 251.8988 108.1717 14.98312881190438
STARLINK-5927
1 55934U 23037W   26245.61750440  .00000631  00000+0  60700-4 0  9993
2 55934  69.9993 198.3008 0003340 263.2488  96.8291 14.98337369190485
STARLINK-5920
1 55935U 23037X   26245.30441189  .00000828  00000+0  77204-4 0  9992
2 55935  69.9996 199.2151 0003390 271.9917  88.0853 14.98312447190438
STARLINK-5882
1 55936U 23037Y   26245.24573887  .00000382  00000+0  39819-4 0  9992
2 55936  70.0003 179.1299 0002892 267.0925  92.9903 14.98329529190925
STARLINK-5913
1 55937U 23037Z   26245.30023039  .00000629  00000+0  60477-4 0  9997
2 55937  69.9996 199.1999 0003169 267.7019  92.3777 14.98327751190436
STARLINK-5909
1 55938U 23037AA  26245.29605337 -.00000902  00000+0 -67827-4 0  9995
2 55938  69.9988 199.1867 0003297 270.3492  89.7290 14.98322047190432
STARLINK-5918
1 55939U 23037AB  26245.28770201  .00000377  00000+0  39369-4 0  9992
2 55939  69.9985 199.1552 0003676 263.0503  97.0238 14.98328980190430
STARLINK-5864
1 55940U 23037AC  26245.29187763 -.00000181  00000+0 -73963-5 0  9994
2 55940  69.9994 199.1711 0003728 267.6866  92.3866 14.98338268190434
STARLINK-5914
1 55941U 23037AD  26245.31692225  .00000362  00000+0  38132-4 0  9999
2 55941  69.9993 199.2606 0003350 269.3995  90.6780 14.98330614190434
STARLINK-5917
1 55942U 23037AE  26245.26685204 -.00000844  00000+0 -62987-4 0  9995
2 55942  69.9995 199.0858 0003464 270.9404  89.1358 14.98309399190433
STARLINK-5932
1 55943U 23037AF  26245.27520283  .00000972  00000+0  89295-4 0  9993
2 55943  69.9992 199.1041 0003073 271.3172  88.7635 14.98325289190438
STARLINK-5926
1 55944U 23037AG  26245.60480856  .00000481  00000+0  48074-4 0  9997
2 55944  69.9995 198.2554 0003408 264.5980  95.4791 14.98325790190484
STARLINK-5925
1 55945U 23037AH  26245.27952115  .00000477  00000+0  47756-4 0  9994
2 55945  69.9992 199.1288 0003366 267.4494  92.6280 14.98328375190430
STARLINK-5857
1 55946U 23037AJ  26245.61316942  .00000455  00000+0  45940-4 0  9994
2 55946  69.9993 198.2850 0003134 268.4432  91.6368 14.98315100190475
STARLINK-5900
1 55948U 23037AL  26245.55869564  .00000206  00000+0  25015-4 0  9997
2 55948  69.9999 178.6204 0002901 270.3542  89.7284 14.98330577190967
STARLINK-5899
1 55949U 23037AM  26245.23325321  .00001003  00000+0  91895-4 0  9996
2 55949  69.9993 179.4904 0002993 266.4300  93.6517 14.98311752190919
STARLINK-5911
1 55950U 23037AN  26245.22072021  .00002119  00000+0  18536-3 0  9992
2 55950  69.9993 179.4460 0003260 255.3318 104.7479 14.98325526190917
STARLINK-5908
1 55951U 23037AP  26245.26265807  .00000276  00000+0  30963-4 0  9994
2 55951  69.9995 199.0681 0002978 268.2714  91.8104 14.98330242190430
STARLINK-5893
1 55952U 23037AQ  26245.55886009  .00000567  00000+0  55286-4 0  9998
2 55952  69.9994 178.6210 0003176 265.4863  94.5933 14.98329452190965
STARLINK-5892
1 55954U 23037AS  26245.19567344  .00000631  00000+0  60634-4 0  9993
2 55954  70.0001 179.3555 0003084 261.8959  98.1851 14.98331342190918
STARLINK-5878
1 55955U 23037AT  26245.21237112 -.00000451  00000+0 -29999-4 0  9995
2 55955  70.0003 179.4179 0002941 268.2672  91.8150 14.98333928190912
STARLINK-5883
1 55956U 23037AU  26245.25408525  .00000001  00000+0  79180-5 0  9995
2 55956  69.9996 179.1578 0003187 259.2759 100.8042 14.98333394190929
STARLINK-5884
1 55957U 23037AV  26244.94950761  .00003074  00000+0  26525-3 0  9991
2 55957  70.0010 180.1040 0003214 265.6096  94.4695 14.98333798190876
STARLINK-5928
1 55958U 23037AW  26245.20820168 -.00000784  00000+0 -57881-4 0  9996
2 55958  69.9993 179.4003 0003094 261.6641  98.4167 14.98335586190912
STARLINK-5929
1 55959U 23037AX  26245.20402204  .00000661  00000+0  63191-4 0  9997
2 55959  69.9993 179.3848 0003161 262.7090  97.3710 14.98331075190915
STARLINK-5938
1 55960U 23037AY  26245.58335648  .00018428  00000+0  15486-2 0  9999
2 55960  70.0013 178.4897 0002945 266.9370 270.2637 14.98317587  5774
STARLINK-5933
1 55961U 23037AZ  26245.52529982  .00000307  00000+0  33486-4 0  9999
2 55961  70.0007 178.5012 0003086 267.8934  92.1872 14.98331093190967
STARLINK-5906
1 55962U 23037BA  26245.56286813  .00000440  00000+0  44711-4 0  9998
2 55962  69.9997 178.6290 0003240 267.2710  92.8079 14.98330014190968
STARLINK-5924
1 55963U 23037BB  26245.19984940  .00000490  00000+0  48880-4 0  9990
2 55963  70.0006 179.3733 0002944 268.1716  91.9106 14.98329510190914
STARLINK-5895
1 55964U 23037BC  26245.19272263  .00016096  00000+0  92222-3 0  9996
2 55964  69.9944 167.2821 0001499 307.6387  52.4643 15.12669417191216
STARLINK-5894
1 55965U 23037BD  26245.24991284  .00000027  00000+0  10085-4 0  9999
2 55965  69.9999 179.1427 0003034 261.3582  98.7233 14.98331389190923
STARLINK-5905
1 55986U 23042A   26245.41221575  .00000110  00000+0  13509-4 0  9993
2 55986  43.0024 141.8376 0001174 265.4148  94.6570 15.27574522190710
STARLINK-5915
1 55987U 23042B   26244.80317868 -.00000338  00000+0 -27463-5 0  9996
2 55987  43.0022 145.0211 0001456 272.5834  87.4851 15.27575126189808
STARLINK-5916
1 55988U 23042C   26245.44256347  .00000317  00000+0  21054-4 0  9996
2 55988  43.0050 145.4999 0001379 270.9209  89.1485 15.27575550189857
STARLINK-5947
1 55989U 23042D   26244.73395079  .00000874  00000+0  41303-4 0  9991
2 55989  43.0030 145.3629 0001460 254.2426 105.8265 15.27578061189797
STARLINK-5946
1 55990U 23042E   26245.44291600  .00002665  00000+0  10636-3 0  9991
2 55990  43.0043 141.2281 0001387 289.8462  70.2240 15.27578931189901
STARLINK-5948
1 55991U 23042F   26244.99726922  .00000287  00000+0  19948-4 0  9995
2 55991  43.0017 140.4867 0001112 246.8441 113.2294 15.27584040189871
STARLINK-5969
1 55993U 23042H   26244.73008253  .00000556  00000+0  29729-4 0  9996
2 55993  43.0028 145.3356 0001505 262.5202  97.5479 15.27577170189794
STARLINK-5956
1 55994U 23042J   26244.93780733  .00000196  00000+0  16635-4 0  9991
2 55994  43.0008 144.3085 0001280 253.5000 106.5711 15.27575848189821
STARLINK-5903
1 55996U 23042L   26244.45697509 -.00000652  00000+0 -14170-4 0  9999
2 55996  43.0048 146.7285 0001483 267.1782  92.8900 15.27580858189743
STARLINK-5902
1 55998U 23042N   26245.44162793 -.00000031  00000+0  83968-5 0  9995
2 55998  43.0049 141.2105 0001667 270.2195  89.8466 15.27572368189902
STARLINK-5901
1 55999U 23042P   26244.94551704  .00001298  00000+0  56674-4 0  9992
2 55999  43.0011 144.3613 0001198 247.2260 112.8465 15.27574780189823
STARLINK-5910
1 56000U 23042Q   26244.73265396  .00001475  00000+0  63135-4 0  9999
2 56000  43.0017 145.3405 0000978 262.9071  97.1669 15.27573745189799
STARLINK-5944
1 56001U 23042R   26245.44641989  .00000819  00000+0  39291-4 0  9992
2 56001  43.0049 145.5171 0001164 269.8491  90.2228 15.27573691189859
STARLINK-5799
1 56002U 23042S   26244.79418229  .00000072  00000+0  12149-4 0  9993
2 56002  43.0053 144.9456 0001693 270.6385  89.4273 15.27576372189807
STARLINK-5789
1 56003U 23042T   26245.41090580  .00003129  00000+0  12313-3 0  9998
2 56003  43.0016 141.8336 0001189 195.7360 164.3455 15.27597374189899
STARLINK-5787
1 56004U 23042U   26244.81039576  .00000200  00000+0  16784-4 0  9994
2 56004  42.9998 148.4788 0001444 262.5695  97.4993 15.27575792189768
STARLINK-5801
1 56005U 23042V   26245.43870417  .00001366  00000+0  59170-4 0  9991
2 56005  43.0041 145.4536 0001239 274.8042  85.2668 15.27576040189853
STARLINK-5794
1 56006U 23042W   26245.45363263  .00000805  00000+0  38768-4 0  9997
2 56006  43.0039 148.9739 0001368 273.5487  86.5209 15.27575792189810
STARLINK-5806
1 56007U 23042X   26244.73650598  .00000168  00000+0  15632-4 0  9995
2 56007  43.0032 145.3716 0001317 262.9339  97.1363 15.27575626189794
STARLINK-5803
1 56008U 23042Y   26244.98777163  .00000357  00000+0  22511-4 0  9995
2 56008  43.0037 143.8120 0001553 272.7966  87.2708 15.27575027189821
STARLINK-5964
1 56009U 23042Z   26244.01933611 -.00000957  00000+0 -25230-4 0  9991
2 56009  43.0039 152.8642 0001725 264.2878  95.7777 15.27582473189645
STARLINK-5968
1 56010U 23042AA  26244.74035991  .00000083  00000+0  12557-4 0  9993
2 56010  43.0014 145.3946 0001296 260.4536  99.6169 15.27577161189798
STARLINK-5936
1 56011U 23042AB  26244.75371283  .00000895  00000+0  42070-4 0  9996
2 56011  43.0033 130.7924 0001643 264.7672  95.2992 15.27575061189960
STARLINK-5940
1 56012U 23042AC  26245.38961486  .00005705  00000+0  21701-3 0  9999
2 56012  43.0063 126.9686 0000826 267.4175  92.6582 15.27528698190069
STARLINK-5941
1 56013U 23042AD  26244.75064130 -.00000926  00000+0 -24115-4 0  9995
2 56013  43.0023 145.4700 0001443 241.5744 118.4962 15.27578467189796
STARLINK-5942
1 56014U 23042AE  26244.69218115  .00000277  00000+0  19588-4 0  9998
2 56014  43.0028 131.1917 0001584 265.5291  94.5379 15.27578306189959
STARLINK-5939
1 56015U 23042AF  26245.39730399 -.00000631  00000+0 -13409-4 0  9992
2 56015  43.0040 127.0272 0001804 269.1947  90.8698 15.27570604190065
STARLINK-5943
1 56016U 23042AG  26244.98328421  .00000195  00000+0  16625-4 0  9992
2 56016  43.0025 129.9238 0000955 246.2396 113.8355 15.27574352189992
STARLINK-5934
1 56017U 23042AH  26245.36018657  .00000088  00000+0  12736-4 0  9993
2 56017  43.0020 127.5978 0001037 250.1597 109.9143 15.27572453190052
STARLINK-5945
1 56018U 23042AJ  26245.37174966 -.00000316  00000+0 -19617-5 0  9993
2 56018  43.0024 127.6803 0001144 250.6451 109.4277 15.27573755190057
STARLINK-5949
1 56019U 23042AK  26244.69989470  .00000109  00000+0  13484-4 0  9995
2 56019  43.0020 131.2440 0001179 258.3960 101.6759 15.27576986189955
STARLINK-5912
1 56020U 23042AL  26245.36790926  .00011090  00000+0  41267-3 0  9998
2 56020  43.0015 127.6569 0001459 218.3734 141.7014 15.27518981190051
STARLINK-5907
1 56021U 23042AM  26245.36403795  .00000321  00000+0  21210-4 0  9996
2 56021  43.0009 127.6257 0001592 212.5465 147.5289 15.27576893190058
STARLINK-5783
1 56022U 23042AN  26244.73443931 -.00000120  00000+0  51533-5 0  9993
2 56022  43.0044 130.6422 0001402 266.6930  93.3762 15.27574385189969
STARLINK-5771
1 56023U 23042AP  26244.72816516 -.00000588  00000+0 -11856-4 0  9998
2 56023  43.0042 131.4515 0000820 245.0685 115.0082 15.27577799189959
STARLINK-5772
1 56024U 23042AQ  26244.94219702 -.00002949  00000+0 -97753-4 0  9990
2 56024  42.9992 129.6148 0002347 302.8763  57.1863 15.27548456189993
STARLINK-5766
1 56025U 23042AR  26244.66149084  .00000430  00000+0  25141-4 0  9998
2 56025  43.0030 131.8069 0000846 261.4770  98.5986 15.27574268189946
STARLINK-5770
1 56026U 23042AS  26245.39215895 -.00000133  00000+0  46797-5 0  9996
2 56026  43.0029 126.9820 0001634 263.0805  96.9861 15.27574772190056
STARLINK-5777
1 56027U 23042AT  26244.73315318  .00000119  00000+0  13866-4 0  9998
2 56027  43.0042 130.6362 0001321 263.0976  96.9726 15.27573866189968
STARLINK-5779
1 56028U 23042AU  26244.75628252  .00000320  00000+0  21172-4 0  9998
2 56028  43.0024 130.7998 0001595 261.0517  99.0154 15.27574640189967
STARLINK-5774
1 56029U 23042AV  26244.93831189 -.00000521  00000+0 -94025-5 0  9997
2 56029  43.0041 129.5892 0001695 269.7500  90.3158 15.27569857189999
STARLINK-5781
1 56030U 23042AW  26244.76013413  .00000864  00000+0  40923-4 0  9997
2 56030  43.0025 130.8262 0001471 265.8545  94.2138 15.27576272189964
STARLINK-5785
1 56031U 23042AX  26244.94473472  .00000046  00000+0  11219-4 0  9991
2 56031  43.0037 129.6385 0001646 266.3520  93.7144 15.27572214189999
STARLINK-5786
1 56032U 23042AY  26244.97043620  .00001003  00000+0  45981-4 0  9990
2 56032  43.0021 129.8254 0001408 247.3007 112.7696 15.27581772189998
STARLINK-5782
1 56034U 23042BA  26244.97815509  .00001295  00000+0  56589-4 0  9994
2 56034  43.0022 129.8826 0001271 264.4125  95.6582 15.27582529189999
STARLINK-5792
1 56035U 23042BB  26244.76399393  .00000123  00000+0  14001-4 0  9992
2 56035  43.0020 130.8546 0001224 264.0222  96.0491 15.27581909189963
STARLINK-5790
1 56036U 23042BC  26244.77298740 -.00000110  00000+0  55103-5 0  9994
2 56036  43.0019 130.9067 0001084 259.1399 100.9331 15.27575492189963
STARLINK-5758
1 56037U 23042BD  26244.91582025  .00000490  00000+0  27343-4 0  9997
2 56037  43.0032 115.5179 0001660 270.9859  89.0803 15.27574622190152
STARLINK-5793
1 56038U 23042BE  26244.72430658  .00001128  00000+0  50506-4 0  9997
2 56038  43.0024 131.4119 0001152 264.8635  95.2085 15.27573517189954
STARLINK-5795
1 56039U 23042BF  26244.67227542  .00001376  00000+0  59559-4 0  9990
2 56039  43.0037 117.1210 0001934 252.8201 107.2439 15.27567009190112
STARLINK-5798
1 56040U 23042BG  26245.52614512 -.00000784  00000+0 -18990-4 0  9992
2 56040  43.0012 112.3454 0001000 242.7951 117.2799 15.27577663190249
STARLINK-5800
1 56041U 23042BH  26244.96914727 -.00000424  00000+0 -58731-5 0  9990
2 56041  43.0043 118.4519 0001473 263.9259  96.1425 15.27575127190124
STARLINK-6109
1 56094U 23046B   26245.29818462  .00000180  00000+0  16065-4 0  9998
2 56094  42.9999 243.9877 0000854 268.8228  91.2526 15.27572570189049
STARLINK-6090
1 56095U 23046C   26244.70200186  .00001012  00000+0  46276-4 0  9994
2 56095  43.0003 247.2562 0000606 251.8892 108.1893 15.27575277188951
STARLINK-6089
1 56096U 23046D   26244.45201497  .00000072  00000+0  12145-4 0  9996
2 56096  43.0020 248.8157 0000834 295.2920  64.7845 15.27573396188915
STARLINK-6077
1 56097U 23046E   26245.15538911 -.00000318  00000+0 -20549-5 0  9992
2 56097  43.0003 197.6966 0000648 220.4679 139.6124 15.27577401189565
STARLINK-6088
1 56098U 23046F   26245.29434902 -.00002482  00000+0 -80751-4 0  9997
2 56098  42.9996 243.9612 0000997 264.7260  95.3478 15.27561358189038
STARLINK-6076
1 56100U 23046H   26244.69685954  .00000729  00000+0  36010-4 0  9998
2 56100  42.9998 247.2188 0000840 277.9316  82.1441 15.27574515188957
STARLINK-6095
1 56101U 23046J   26244.43916458 -.00001062  00000+0 -29077-4 0  9995
2 56101  43.0017 248.7162 0001415 269.7360  90.3329 15.27578083188913
STARLINK-6075
1 56102U 23046K   26243.99694389 -.00002360  00000+0 -76542-4 0  9993
2 56102  43.0072 251.4101 0001059 143.5280 216.5644 15.27470293188841
STARLINK-6096
1 56103U 23046L   26244.44688223 -.00000118  00000+0  52151-5 0  9994
2 56103  43.0006 248.7759 0000953 279.7806  80.2938 15.27574834188911
STARLINK-6062
1 56104U 23046M   26244.50840707 -.00000329  00000+0 -24217-5 0  9996
2 56104  42.9997 248.3767 0000965 273.1114  86.9627 15.27578955188924
STARLINK-6066
1 56105U 23046N   26245.00208745  .00010538  00000+0  39166-3 0  9991
2 56105  42.9980 246.0471 0000413 252.5644 107.5163 15.27600162188999
STARLINK-6030
1 56107U 23046Q   26245.00979766  .00000227  00000+0  17787-4 0  9991
2 56107  43.0016 246.1066 0001442 264.9063  95.1624 15.27579658188998
STARLINK-6081
1 56108U 23046R   26244.71870467  .00000678  00000+0  34171-4 0  9993
2 56108  43.0020 247.3630 0001084 272.8192  87.2536 15.27567129188957
STARLINK-6083
1 56109U 23046S   26245.00594310  .00000345  00000+0  22073-4 0  9996
2 56109  43.0027 246.0826 0001605 270.1496  89.9171 15.27578600188999
STARLINK-6082
1 56110U 23046T   26244.99950793  .00000938  00000+0  43578-4 0  9997
2 56110  42.9955 246.0316 0000957  52.1917 307.9021 15.27585642188999
STARLINK-6084
1 56111U 23046U   26244.49826875  .00000714  00000+0  35456-4 0  9994
2 56111  43.0004 249.1422 0001312 266.4801  93.5901 15.27574434188911
STARLINK-6080
1 56112U 23046V   26245.27519293  .00001715  00000+0  71812-4 0  9993
2 56112  43.0011 244.6629 0001472 265.1758  94.8926 15.27585443189030
STARLINK-6113
1 56113U 23046W   26244.43661786 -.00001972  00000+0 -62208-4 0  9992
2 56113  43.0011 248.6918 0001868 272.1159  87.9479 15.27551470188913
STARLINK-6101
1 56115U 23046Y   26245.00130407  .00001106  00000+0  49711-4 0  9990
2 56115  43.0023 242.6379 0001481 267.5510  92.5172 15.27575254189035
STARLINK-6114
1 56116U 23046Z   26244.49441812  .00000508  00000+0  27974-4 0  9990
2 56116  43.0009 249.1215 0001372 263.2172  96.8523 15.27574110188910
STARLINK-6107
1 56117U 23046AA  26245.26543227 -.00001219  00000+0 -34779-4 0  9993
2 56117  43.0022 229.9174 0001151 260.4741  99.5980 15.27572411189204
STARLINK-6091
1 56119U 23046AC  26244.42953830  .00000016  00000+0  10134-4 0  9998
2 56119  43.0062 234.8169 0001870 289.3235  70.7414 15.27576267189076
STARLINK-6079
1 56120U 23046AD  26244.94878144 -.00000857  00000+0 -21619-4 0  9996
2 56120  43.0063 231.8363 0001503 292.6941  67.3752 15.27573540189153
STARLINK-6092
1 56121U 23046AE  26245.27185403 -.00000010  00000+0  91555-5 0  9990
2 56121  43.0035 229.9587 0001129 277.4959  82.5765 15.27574594189202
STARLINK-6094
1 56122U 23046AF  26245.00515166  .00000319  00000+0  21128-4 0  9994
2 56122  43.0017 242.6605 0001562 270.0810  89.9862 15.27577950189031
STARLINK-6115
1 56123U 23046AH  26244.96676439  .00000743  00000+0  36523-4 0  9996
2 56123  43.0022 231.9669 0001709 275.5244  84.5413 15.27575941189157
STARLINK-6126
1 56124U 23046AJ  26245.26800145 -.00000164  00000+0  35590-5 0  9996
2 56124  43.0044 229.9336 0000815 299.8763  60.2007 15.27573562189205
STARLINK-6119
1 56125U 23046AK  26244.96292493  .00000163  00000+0  15473-4 0  9999
2 56125  43.0060 231.9417 0003072 282.1053  77.9454 15.27566102189159
STARLINK-6124
1 56126U 23046AL  26245.25515267  .00000213  00000+0  17249-4 0  9999
2 56126  43.0005 229.8352 0000826 260.9967  99.0791 15.27576464189202
STARLINK-6104
1 56127U 23046AM  26245.24694519  .00000919  00000+0  42921-4 0  9995
2 56127  43.0008 233.1806 0001274 263.8607  96.2100 15.27577336189166
STARLINK-6122
1 56128U 23046AN  26244.95905591  .00000453  00000+0  25979-4 0  9995
2 56128  43.0021 231.9045 0001327 284.2031  75.8673 15.27578252189155
STARLINK-6121
1 56129U 23046AP  26245.11144155  .00001142  00000+0  51034-4 0  9993
2 56129  43.0009 179.4225 0001017 267.8480  92.2255 15.27575085189777
STARLINK-6117
1 56130U 23046AQ  26244.99103776  .00001020  00000+0  46596-4 0  9996
2 56130  43.0008 231.2917 0001092 268.6664  91.4063 15.27571261189162
STARLINK-6120
1 56131U 23046AR  26245.26030003 -.00000977  00000+0 -26013-4 0  9994
2 56131  42.9992 229.8624 0000705 253.5329 106.5445 15.27568780189201
STARLINK-6071
1 56132U 23046AS  26244.96919225  .00000625  00000+0  32226-4 0  9994
2 56132  43.0029 231.1307 0001817 266.2133  93.8511 15.27577906189165
STARLINK-5566
1 56133U 23046AT  26244.45124871  .00001796  00000+0  74814-4 0  9993
2 56133  43.0011 234.1194 0001335 257.3240 102.7463 15.27560906189088
STARLINK-5564
1 56134U 23046AU  26244.44995606  .00000471  00000+0  26641-4 0  9999
2 56134  43.0009 234.1096 0001195 266.5736  93.4979 15.27572306189077
STARLINK-5489
1 56136U 23046AW  26244.45637988  .00000221  00000+0  17571-4 0  9993
2 56136  43.0012 234.1580 0001321 271.5460  88.5240 15.27575489189084
STARLINK-5090
1 56137U 23046AX  26244.98846539  .00000964  00000+0  44556-4 0  9993
2 56137  43.0005 231.2642 0001191 270.4639  89.6076 15.27570988189162
STARLINK-4774
1 56138U 23046AY  26245.27057000  .00004785  00000+0  18349-3 0  9999
2 56138  43.0041 229.9442 0000868 268.8653  91.2099 15.27547621189209
STARLINK-5375
1 56140U 23046BA  26244.95776951  .00000175  00000+0  15877-4 0  9992
2 56140  43.0033 231.8900 0001668 270.9483  89.1178 15.27576112189153
STARLINK-5377
1 56141U 23046BB  26244.27307578 -.00000469  00000+0 -75331-5 0  9993
2 56141  43.0006 235.3559 0000669 258.5495 101.5282 15.27568960189054
STARLINK-5376
1 56142U 23046BC  26244.44738291  .00000037  00000+0  10885-4 0  9994
2 56142  43.0017 234.0901 0001451 269.3000  90.7685 15.27577311189085
STARLINK-5016
1 56143U 23046BD  26244.46638903  .00027482  00000+0  12528-2 0  9993
2 56143  43.0019 249.5819 0002966  57.6295 302.4841 15.20149795188904
STARLINK-5374
1 56144U 23046BE  26244.39612941  .00000494  00000+0  27482-4 0  9991
2 56144  43.0006 234.5577 0001379 266.7102  93.3592 15.27573276189073
STARLINK-5111
1 56146U 23046BG  26245.25772071 -.00000647  00000+0 -14005-4 0  9999
2 56146  43.0013 229.8461 0000717 269.7290  90.3479 15.27573564189204
STARLINK-5089
1 56148U 23046BJ  26244.98141720  .00000508  00000+0  27992-4 0  9994
2 56148  43.0040 194.6883 0001417 256.4205 103.6489 15.27574214189583
STARLINK-30107
1 56287U 23056B   26244.54722200  .00000193  00000+0  16531-4 0  9996
2 56287  43.0026 278.0040 0000847 272.6911  87.3844 15.27570470187191
STARLINK-30106
1 56288U 23056C   26245.45131861  .00000257  00000+0  18850-4 0  9992
2 56288  43.0019 290.6522 0000995 302.5447  57.5308 15.27578248187072
STARLINK-30095
1 56289U 23056D   26245.47364641  .00001210  00000+0  53501-4 0  9991
2 56289  43.0018 264.6540 0001533 274.0104  86.0572 15.27575557187378
STARLINK-30103
1 56290U 23056E   26244.86669070  .00001546  00000+0  65734-4 0  9992
2 56290  43.0060 293.9966 0002000 262.4024  97.6601 15.27573598186986
STARLINK-30113
1 56291U 23056F   26244.59743434  .00001114  00000+0  50029-4 0  9992
2 56291  43.0058 295.4105 0001859 257.5466 102.5177 15.27571123186944
STARLINK-30098
1 56292U 23056G   26245.39363139  .00000549  00000+0  29466-4 0  9994
2 56292  43.0043 291.0609 0001306 284.5664  75.5043 15.27580026187064
STARLINK-30049
1 56294U 23056J   26245.47314812  .00000859  00000+0  40754-4 0  9996
2 56294  43.0017 290.7323 0001444 273.0619  87.0068 15.27574680187077
STARLINK-30083
1 56295U 23056K   26245.33018696  .00002602  00000+0  10407-3 0  9992
2 56295  43.0016 266.1443 0001454 273.2632  86.8054 15.27570556187334
STARLINK-30089
1 56296U 23056L   26244.75503732  .00000549  00000+0  29473-4 0  9990
2 56296  43.0050 254.8139 0001517 266.3219  93.7459 15.27579591187427
STARLINK-30086
1 56297U 23056M   26245.53340543  .00017584  00000+0  64853-3 0  9994
2 56297  43.0010 290.3249 0001471 250.4596 109.6097 15.27500682187084
STARLINK-30109
1 56298U 23056N   26245.50768850 -.00000375  00000+0 -40887-5 0  9992
2 56298  43.0032 290.1324 0001133 264.4753  95.5970 15.27575826187148
STARLINK-30108
1 56299U 23056P   26245.46416657 -.00000386  00000+0 -44960-5 0  9991
2 56299  43.0032 279.3804 0001623 272.4447  87.6219 15.27574914187262
STARLINK-30104
1 56300U 23056Q   26245.53082761  .00000835  00000+0  39858-4 0  9993
2 56300  43.0017 290.3856 0001382 271.9388  88.1306 15.27582037187143
STARLINK-30101
1 56301U 23056R   26245.50956944  .00009279  00000+0  31302-3 0  9990
2 56301  43.0034 288.4885 0000595 344.0413  16.0422 15.30890146187167
STARLINK-30111
1 56302U 23056S   26245.49869893  .00000395  00000+0  23873-4 0  9990
2 56302  43.0016 290.0647 0001012 280.0382  80.0355 15.27573063187148
STARLINK-30099
1 56304U 23056U   26245.43716475  .00000699  00000+0  34914-4 0  9998
2 56304  43.0015 290.4493 0001530 260.4297  99.6382 15.27578430187132
STARLINK-30094
1 56305U 23056V   26244.85510766  .00000854  00000+0  40552-4 0  9997
2 56305  43.0044 293.8081 0001313 276.1591  83.9111 15.27573080187047
STARLINK-30112
1 56306U 23056W   26245.49483945 -.00000067  00000+0  70871-5 0  9992
2 56306  43.0007 290.0340 0001200 270.6351  89.4363 15.27575808187143
STARLINK-6038
1 56317U 23058A   26244.96202366 -.00001998  00000+0 -59632-4 0  9999
2 56317  97.2850 241.9713 0001556  90.3496 269.7925 15.33411228184441
STARLINK-5954
1 56318U 23058B   26244.96473099  .00000834  00000+0  28155-4 0  9995
2 56318  97.2841 241.9707 0001621 106.8239 253.3182 15.33433058184445
STARLINK-6039
1 56319U 23058C   26244.97103478 -.00000225  00000+0 -11712-4 0  9995
2 56319  97.2838 239.8616 0002223  86.5692 273.5790 15.05651665184302
STARLINK-5988
1 56320U 23058D   26244.95995035  .00000031  00000+0  60590-5 0  9995
2 56320  97.2840 239.7244 0002143  86.6791 273.4682 15.05653278184306
STARLINK-5876
1 56321U 23058E   26245.58335648 -.00837590  00000+0 -27448-1 0  9995
2 56321  97.2858 242.5634 0001239  85.5070  41.8709 15.34163152  5807
STARLINK-6033
1 56322U 23058F   26245.25901602  .00000338  00000+0  27300-4 0  9999
2 56322  97.2848 240.0807 0002204  90.5881 269.5599 15.05653605184349
STARLINK-6035
1 56323U 23058G   26244.98764535  .00000732  00000+0  54652-4 0  9999
2 56323  97.2846 239.8389 0001757  79.8518 280.2908 15.05650974184292
STARLINK-6034
1 56324U 23058H   26244.98375420 -.00000230  00000+0 -47922-5 0  9999
2 56324  97.2848 241.9457 0001708  90.7476 269.3963 15.33440209184441
STARLINK-5981
1 56325U 23058J   26244.94333491  .00000252  00000+0  21334-4 0  9998
2 56325  97.2844 239.7432 0001894  91.8040 268.3405 15.05656161184648
STARLINK-5980
1 56326U 23058K   26244.96273548  .00002887  00000+0  20394-3 0  9997
2 56326  97.2846 239.7180 0002399  78.5296 281.6201 15.05641581184290
STARLINK-5997
1 56327U 23058L   26245.00702461  .00000265  00000+0  22296-4 0  9997
2 56327  97.2842 239.8112 0002196  98.6401 261.5076 15.05654855184654
STARLINK-5992
1 56328U 23058M   26245.23933218  .00000396  00000+0  14589-4 0  9990
2 56328  97.2850 242.2083 0001575  97.8954 262.2468 15.33435119184837
STARLINK-5984
1 56329U 23058N   26245.26651307  .00002482  00000+0  79160-4 0  9994
2 56329  97.2851 242.3229 0001775 102.3809 257.7633 15.33452440184845
STARLINK-5991
1 56331U 23058Q   26244.95718026  .00000157  00000+0  14771-4 0  9998
2 56331  97.2850 239.7257 0001984  87.2153 272.9302 15.05654792184646
STARLINK-5093
1 56332U 23058R   26245.26732189  .00000616  00000+0  46619-4 0  9996
2 56332  97.2849 240.0703 0001996  91.8707 268.2749 15.05652772184699
STARLINK-5553
1 56333U 23058S   26244.94568661  .00000221  00000+0  91844-5 0  9996
2 56333  97.2853 241.9925 0001710  89.8520 270.2918 15.33433148184792
STARLINK-5548
1 56334U 23058T   26245.24749641  .00035515  00000+0  10958-2 0  9998
2 56334  97.2858 242.2009 0002374  93.5902 266.5612 15.33486125184835
STARLINK-5559
1 56335U 23058U   26244.95383882  .00001009  00000+0  33575-4 0  9990
2 56335  97.2851 241.9842 0001366  93.1263 267.0136 15.33436649184794
STARLINK-5562
1 56336U 23058V   26245.26178409  .00000330  00000+0  26762-4 0  9999
2 56336  97.2847 240.0790 0002109  92.0742 268.0727 15.05654038184697
STARLINK-5561
1 56337U 23058W   26244.94610320  .00000175  00000+0  16051-4 0  9994
2 56337  97.2840 239.7425 0001741  88.9981 271.1446 15.05655309184641
STARLINK-5554
1 56338U 23058X   26245.58300186 -.00002749  00000+0 -18669-3 0  9999
2 56338  97.2837 240.4094 0001942  93.4025 266.7425 15.05651851184748
STARLINK-5552
1 56339U 23058Y   26245.23963624 -.00000259  00000+0 -14016-4 0  9991
2 56339  97.2840 240.1111 0002202  86.6645 273.4834 15.05653886184695
STARLINK-5540
1 56340U 23058Z   26244.99734498 -.00000764  00000+0 -21340-4 0  9999
2 56340  97.2849 242.0759 0001703  72.3632 287.7797 15.33440185184804
STARLINK-5543
1 56341U 23058AA  26245.27009176  .00000812  00000+0  60175-4 0  9991
2 56341  97.2847 240.0677 0002013  88.4534 271.6924 15.05654114184682
STARLINK-5955
1 56342U 23058AB  26245.47045886  .00001440  00000+0  46927-4 0  9999
2 56342  97.2845 242.5062 0001622  90.4530 269.6899 15.33437227184874
STARLINK-5976
1 56343U 23058AC  26244.95656318 -.00001185  00000+0 -34396-4 0  9995
2 56343  97.2850 241.9800 0001990  89.1219 271.0251 15.33440302184799
STARLINK-5974
1 56344U 23058AD  26244.96743135  .00000717  00000+0  24527-4 0  9994
2 56344  97.2849 241.9687 0001481  88.9197 271.2216 15.33440345184798
STARLINK-5979
1 56345U 23058AE  26244.95441074  .00000494  00000+0  38160-4 0  9991
2 56345  97.2837 239.7328 0001955  99.4394 260.7055 15.05654855184645
STARLINK-5837
1 56346U 23058AF  26245.24240252 -.00000576  00000+0 -36024-4 0  9990
2 56346  97.2841 240.1082 0002220  84.4393 275.7087 15.05662163184690
STARLINK-5829
1 56347U 23058AG  26245.26110994 -.00000678  00000+0 -18686-4 0  9999
2 56347  97.2848 242.3314 0001768  83.4422 276.7021 15.33420728184844
STARLINK-5888
1 56348U 23058AH  26244.96825511 -.00000415  00000+0 -24851-4 0  9994
2 56348  97.2841 239.7154 0002203  88.1638 271.9842 15.05652498184642
STARLINK-5887
1 56349U 23058AJ  26245.24794207 -.00000170  00000+0 -78784-5 0  9997
2 56349  97.2843 240.1008 0002135  92.2291 267.9181 15.05652099184697
STARLINK-5886
1 56350U 23058AK  26244.95112243  .00002673  00000+0  85124-4 0  9993
2 56350  97.2849 241.9886 0001675  90.3084 269.8351 15.33436726184794
STARLINK-5891
1 56351U 23058AL  26244.97015911  .00000825  00000+0  27880-4 0  9992
2 56351  97.2853 241.9658 0001595  88.1230 272.0196 15.33428430184792
STARLINK-5885
1 56352U 23058AM  26245.61345640  .00000139  00000+0  13544-4 0  9990
2 56352  97.2848 240.3655 0001827  86.8334 273.3103 15.05656313184744
STARLINK-5874
1 56353U 23058AN  26244.95163839  .00000157  00000+0  14762-4 0  9998
2 56353  97.2838 239.7376 0002062  83.8144 276.3319 15.05658594184648
STARLINK-5877
1 56354U 23058AP  26245.00278395  .00000427  00000+0  15562-4 0  9999
2 56354  97.2848 242.0688 0001572  87.7398 272.4025 15.33433661184808
STARLINK-5535
1 56356U 23058AR  26244.97559511  .00000975  00000+0  32535-4 0  9995
2 56356  97.2848 241.9563 0001576  89.5497 270.5927 15.33432088184794
STARLINK-5538
1 56357U 23058AS  26245.24205360  .00000021  00000+0  29812-5 0  9994
2 56357  97.2851 242.2092 0001288  93.6270 266.5120 15.33432287184831
STARLINK-5482
1 56358U 23058AT  26245.24517399  .00000061  00000+0  81476-5 0  9991
2 56358  97.2843 240.1050 0002313  89.4218 270.7274 15.05652929184696
STARLINK-5551
1 56359U 23058AU  26244.96549105  .00000023  00000+0  55219-5 0  9994
2 56359  97.2839 239.7204 0001842  87.7361 272.4078 15.05635940184643
STARLINK-5549
1 56360U 23058AV  26245.46501891  .00001917  00000+0  61723-4 0  9991
2 56360  97.2849 242.5145 0001721  80.6544 279.4893 15.33428462184870
STARLINK-5550
1 56361U 23058AW  26244.99041481  .00000396  00000+0  31318-4 0  9990
2 56361  97.2845 239.8390 0002108  92.2938 267.8531 15.05651987184659
STARLINK-5972
1 56362U 23058AX  26244.95925717  .00003673  00000+0  11600-3 0  9992
2 56362  97.2850 241.9789 0001419  90.2693 269.8713 15.33455055184790
STARLINK-6156
1 56374U 23061A   26245.48734549  .00000058  00000+0  11631-4 0  9998
2 56374  43.0043 279.8693 0001915 301.4907  58.5757 15.27575857184883
STARLINK-6158
1 56375U 23061B   26245.44092357  .00038062  00000+0  13790-2 0  9991
2 56375  43.0020 279.5207 0001866 300.1017  59.9649 15.27735026183789
STARLINK-6188
1 56376U 23061C   26245.49619356  .00000111  00000+0  13565-4 0  9997
2 56376  43.0025 279.0773 0001752 274.8271  85.2380 15.27574267183794
STARLINK-6189
1 56377U 23061D   26245.49378810  .00001224  00000+0  54024-4 0  9996
2 56377  43.0040 279.9121 0001490 280.0550  80.0134 15.27574716183784
STARLINK-6191
1 56378U 23061E   26245.50261854  .00000354  00000+0  22392-4 0  9994
2 56378  43.0020 279.1207 0001462 273.4605  86.6080 15.27576723183799
STARLINK-6157
1 56379U 23061F   26245.37827890  .00000091  00000+0  12819-4 0  9999
2 56379  43.0003 279.9138 0001262 258.3402 101.7308 15.27576045184876
STARLINK-6159
1 56381U 23061H   26245.47834922 -.00000022  00000+0  87275-5 0  9991
2 56381  43.0034 279.7953 0001351 297.1631  62.9082 15.27574449183782
STARLINK-6160
1 56382U 23061J   26245.47321323 -.00000017  00000+0  89060-5 0  9996
2 56382  43.0024 279.7549 0001179 290.0142  70.0582 15.27576500183785
STARLINK-6166
1 56383U 23061K   26245.46935145 -.00000599  00000+0 -12260-4 0  9992
2 56383  43.0026 279.7293 0001334 267.0932  92.9767 15.27577699183786
STARLINK-6153
1 56384U 23061L   26245.46680415  .00000790  00000+0  38224-4 0  9999
2 56384  43.0030 279.7082 0001270 285.2950  74.7761 15.27570487183789
STARLINK-6173
1 56385U 23061M   26245.39497601 -.00000879  00000+0 -22425-4 0  9991
2 56385  43.0027 280.0296 0000895 278.5263  81.5488 15.27582099183775
STARLINK-5836
1 56386U 23061N   26245.47449477  .00000461  00000+0  26291-4 0  9999
2 56386  43.0023 279.7652 0001165 291.1898  68.8830 15.27568562183788
STARLINK-6178
1 56387U 23061P   26244.58850234  .00003618  00000+0  14095-3 0  9993
2 56387  42.9998 284.3017 0001090 337.8776  22.2028 15.27572042183652
STARLINK-6176
1 56388U 23061Q   26245.48477619 -.00000022  00000+0  87159-5 0  9996
2 56388  43.0041 279.8286 0001229 280.7816  79.2897 15.27576815183788
STARLINK-6145
1 56389U 23061R   26244.81677540 -.00000284  00000+0 -80560-6 0  9999
2 56389  43.0021 283.4259 0000900 289.7150  70.3605 15.27575430183683
STARLINK-6298
1 56391U 23061T   26245.50005071  .00000473  00000+0  26724-4 0  9991
2 56391  43.0024 279.0989 0001451 271.7692  88.2993 15.27571677183793
STARLINK-6301
1 56392U 23061U   26244.52069473  .00004962  00000+0  18989-3 0  9999
2 56392  43.0006 274.2219 0001234 260.6566  99.4146 15.27549315183768
STARLINK-6303
1 56393U 23061V   26245.39111973  .00000369  00000+0  22952-4 0  9992
2 56393  43.0010 280.0008 0001317 262.7132  97.3570 15.27577248183774
STARLINK-6305
1 56394U 23061W   26244.54753395  .00000684  00000+0  34396-4 0  9994
2 56394  43.0024 273.5615 0001708 282.9486  77.1175 15.27575200183774
STARLINK-6273
1 56395U 23061X   26244.53868726 -.00000249  00000+0  46390-6 0  9996
2 56395  43.0048 274.3486 0001327 297.3000  62.7716 15.27574391184474
STARLINK-6302
1 56396U 23061Y   26245.34373642  .00000930  00000+0  43311-4 0  9999
2 56396  43.0019 269.2169 0001477 266.0864  93.9819 15.27575239179028
STARLINK-6271
1 56397U 23061Z   26245.38099864 -.00000439  00000+0 -64274-5 0  9993
2 56397  43.0034 269.4906 0001340 299.7658  60.3060 15.27573131183895
STARLINK-6288
1 56398U 23061AA  26245.41297523  .00000075  00000+0  12247-4 0  9996
2 56398  43.0008 268.8723 0001348 273.9651  86.1046 15.27576344183903
STARLINK-6277
1 56399U 23061AB  26245.33988034  .00001164  00000+0  51812-4 0  9993
2 56399  43.0015 269.1929 0001478 269.8006  90.2676 15.27576783183896
STARLINK-6267
1 56400U 23061AC  26245.15528446  .00000341  00000+0  21912-4 0  9997
2 56400  43.0018 270.3815 0001320 268.6126  91.4575 15.27579114183865
STARLINK-6287
1 56404U 23061AG  26245.37329487  .00000446  00000+0  25748-4 0  9996
2 56404  43.0021 269.4258 0000759 279.8406  80.2360 15.27558698183898
STARLINK-6285
1 56405U 23061AH  26244.56937593  .00000836  00000+0  39914-4 0  9993
2 56405  43.0016 273.7215 0001336 268.0953  91.9746 15.27576574183770
STARLINK-6283
1 56406U 23061AJ  26244.47201503  .00000697  00000+0  34861-4 0  9990
2 56406  43.0028 274.6996 0001405 298.1457  61.9253 15.27569743183758
STARLINK-6282
1 56407U 23061AK  26244.58480176 -.00000106  00000+0  56512-5 0  9992
2 56407  43.0005 273.8340 0001045 269.1739  90.8993 15.27569543183771
STARLINK-6289
1 56408U 23061AL  26244.54881549  .00000532  00000+0  28871-4 0  9996
2 56408  43.0037 273.5540 0001497 276.2263  83.8418 15.27573550183775
STARLINK-6241
1 56409U 23061AM  26244.52583705 -.00000248  00000+0  52579-6 0  9997
2 56409  43.0026 274.2509 0001056 282.9240  77.1494 15.27572590183769
STARLINK-6281
1 56410U 23061AN  26244.80393641  .00000466  00000+0  26468-4 0  9995
2 56410  43.0074 272.0325 0002043 274.1969  85.8650 15.27575971183816
STARLINK-6279
1 56411U 23061AP  26244.52968970 -.00000456  00000+0 -70404-5 0  9999
2 56411  43.0029 274.2769 0000959 278.6310  81.4433 15.27581262183761
STARLINK-6278
1 56412U 23061AQ  26245.47196507 -.00002381  00000+0 -77087-4 0  9996
2 56412  43.0006 268.4539 0001611 263.1183  96.9485 15.27557249183913
STARLINK-6258
1 56413U 23061AR  26245.39127596 -.00000183  00000+0  28915-5 0  9994
2 56413  43.0038 269.5576 0001791 283.2803  76.7849 15.27575457183891
STARLINK-5136
1 56414U 23061AS  26245.36302031 -.00001140  00000+0 -31942-4 0  9999
2 56414  42.9994 269.3471 0000772 265.8258  94.2506 15.27563215183895
STARLINK-6260
1 56416U 23061AU  26244.56004731 -.00000358  00000+0 -35045-5 0  9997
2 56416  43.0009 266.6050 0001189 273.1321  86.9395 15.27574816183854
STARLINK-6261
1 56417U 23061AV  26245.41425763 -.00012141  00000+0 -43168-3 0  9991
2 56417  43.0013 268.8757 0002823 274.1599  85.8930 15.27627317183906
STARLINK-5356
1 56418U 23061AW  26244.52792011  .00000979  00000+0  45120-4 0  9991
2 56418  43.0035 266.3590 0001688 275.3949  84.6710 15.27572796183856
STARLINK-5350
1 56419U 23061AX  26244.58222201  .00000267  00000+0  19235-4 0  9995
2 56419  43.0008 273.8094 0000694 271.4501  88.6271 15.27575422183772
STARLINK-6272
1 56420U 23061AY  26245.32028116  .00001107  00000+0  49783-4 0  9994
2 56420  43.0020 261.9857 0001901 268.1742  91.8892 15.27569762183972
STARLINK-6270
1 56421U 23061AZ  26245.46725158  .00000774  00000+0  37664-4 0  9994
2 56421  43.0014 264.7868 0001392 271.9827  88.0865 15.27576824183952
STARLINK-6236
1 56422U 23061BA  26244.61129090 -.00001500  00000+0 -44989-4 0  9992
2 56422  43.0017 266.1255 0001377 265.8237  94.2457 15.27588919183866
STARLINK-6239
1 56423U 23061BB  26244.40871700  .00001224  00000+0  53975-4 0  9998
2 56423  43.0032 267.1916 0001238 272.6846  87.3864 15.27584351183835
STARLINK-6242
1 56424U 23061BC  26245.33825750 -.00000084  00000+0  64807-5 0  9997
2 56424  43.0009 262.1222 0001290 272.8599  87.2105 15.27572583183976
STARLINK-6224
1 56425U 23061BD  26245.46517348  .00000652  00000+0  33212-4 0  9998
2 56425  43.0006 261.3535 0001352 270.8955  89.1742 15.27576012183996
STARLINK-5352
1 56426U 23061BE  26245.34982001 -.00000343  00000+0 -29515-5 0  9999
2 56426  43.0011 262.1945 0001077 273.1711  86.9017 15.27573985183971
STARLINK-5724
1 56427U 23061BF  26245.35238916 -.00000169  00000+0  33818-5 0  9996
2 56427  43.0015 262.2138 0001037 274.2754  85.7979 15.27575430183977
STARLINK-6238
1 56428U 23061BG  26245.47288182  .00000723  00000+0  35779-4 0  9992
2 56428  43.0011 261.4095 0001182 272.6606  87.4111 15.27576898183994
STARLINK-6264
1 56429U 23061BH  26245.34596598  .00000466  00000+0  26456-4 0  9998
2 56429  43.0013 262.1717 0001092 270.4606  89.6120 15.27576947183979
STARLINK-5990
1 56448U 23064A   26244.93158774 -.00002532  00000+0 -20439-3 0  9998
2 56448  69.9996  60.1596 0002597 262.4746  97.6118 14.98342652181644
STARLINK-5993
1 56449U 23064B   26245.48637839  .00000296  00000+0  32599-4 0  9998
2 56449  69.9998  58.8857 0003007 269.9201  90.1614 14.98333220181725
STARLINK-5970
1 56450U 23064C   26244.86065715  .00000397  00000+0  41096-4 0  9993
2 56450  69.9994  60.3135 0002390 273.2175  86.8711 14.98329891181631
STARLINK-5985
1 56451U 23064D   26244.74783941 -.00001242  00000+0 -96296-4 0  9993
2 56451  69.9998  60.7228 0002939 269.1947  90.8875 14.98322459181610
STARLINK-5986
1 56452U 23064E   26245.21100059 -.00001462  00000+0 -11483-3 0  9998
2 56452  70.0001  59.5277 0001937 280.6379  79.4562 14.98320138181688
STARLINK-5935
1 56453U 23064F   26244.87301423 -.00000049  00000+0  37121-5 0  9996
2 56453  69.9997  60.3563 0002973 266.5675  93.5144 14.98328578181635
STARLINK-5959
1 56454U 23064G   26244.91890308  .00000995  00000+0  91167-4 0  9995
2 56454  69.9992  60.1132 0002858 269.8482  90.2349 14.98326661181648
STARLINK-5987
1 56455U 23064H   26244.91473259 -.00000003  00000+0  75196-5 0  9994
2 56455  69.9992  60.0979 0002594 264.7417  95.3446 14.98329125181648
STARLINK-5995
1 56456U 23064J   26244.92725694 -.00000567  00000+0 -39714-4 0  9990
2 56456  69.9996  60.1436 0002782 268.1468  91.9373 14.98327671181640
STARLINK-5994
1 56457U 23064K   26244.72279650  .00000038  00000+0  10973-4 0  9992
2 56457  69.9993  60.6325 0002916 268.6374  91.4450 14.98331701181617
STARLINK-6050
1 56458U 23064L   26244.93142662  .00000513  00000+0  50813-4 0  9993
2 56458  69.9996  60.1571 0002411 264.5905  95.4979 14.98331618181644
STARLINK-6048
1 56459U 23064M   26245.49904020  .00000332  00000+0  35595-4 0  9999
2 56459  69.9992  58.5249 0002754 269.1449  90.9395 14.98327959181722
STARLINK-6047
1 56460U 23064N   26244.91055639  .00000007  00000+0  83592-5 0  9990
2 56460  69.9996  60.0846 0002523 279.0393  81.0480 14.98334864181641
STARLINK-6037
1 56461U 23064P   26245.49469820  .00000246  00000+0  28398-4 0  9993
2 56461  69.9992  58.5095 0002785 268.6034  91.4806 14.98330178181733
STARLINK-6045
1 56462U 23064Q   26244.78089947  .00000153  00000+0  20637-4 0  9998
2 56462  70.0011  20.2644 0003129 266.0927  93.9874 14.98328514182612
STARLINK-6051
1 56463U 23064R   26244.86885252  .00000382  00000+0  39799-4 0  9994
2 56463  69.9995  60.3336 0002738 269.2802  90.8043 14.98327686181630
STARLINK-6043
1 56464U 23064S   26244.90638029  .00000326  00000+0  35124-4 0  9994
2 56464  69.9993  60.0683 0003222 270.3132  89.7658 14.98329603181640
STARLINK-6054
1 56465U 23064T   26244.78908188  .00000241  00000+0  27966-4 0  9998
2 56465  70.0011  20.2893 0003129 267.5971  92.4830 14.98329191182614
STARLINK-6053
1 56466U 23064U   26245.23183247  .00000310  00000+0  33771-4 0  9999
2 56466  69.9992  59.1970 0002744 270.1540  89.9304 14.98329284181687
STARLINK-6055
1 56467U 23064V   26244.85192104  .00000274  00000+0  30724-4 0  9993
2 56467  70.0000  40.4106 0002556 270.7311  89.3555 14.98329311182121
STARLINK-5998
1 56468U 23064W   26245.49052770  .00000246  00000+0  28382-4 0  9995
2 56468  69.9996  58.4953 0002735 271.8720  88.2126 14.98325692181733
STARLINK-5518
1 56469U 23064X   26244.86444929 -.00000782  00000+0 -57734-4 0  9997
2 56469  70.0003  40.4560 0003003 265.3088  94.7728 14.98322625182122
STARLINK-5523
1 56470U 23064Y   26244.85609707  .00000199  00000+0  24438-4 0  9990
2 56470  70.0003  40.4267 0002849 268.9673  91.1160 14.98328600182124
STARLINK-5521
1 56471U 23064Z   26245.18155477  .00000443  00000+0  44910-4 0  9997
2 56471  70.0003  39.5550 0002592 268.6592  91.4270 14.98321152182176
STARLINK-5038
1 56472U 23064AA  26245.17319810  .00000303  00000+0  33156-4 0  9995
2 56472  70.0005  39.5284 0002653 269.7767  90.3088 14.98329577182171
STARLINK-5524
1 56474U 23064AC  26244.86026918  .00000129  00000+0  18632-4 0  9994
2 56474  70.0003  40.4415 0002883 266.1673  93.9156 14.98328975182121
STARLINK-5541
1 56475U 23064AD  26244.83522691  .00000165  00000+0  21619-4 0  9990
2 56475  70.0005  40.3529 0002982 268.7813  91.3004 14.98326591182129
STARLINK-5545
1 56476U 23064AE  26245.17734892  .00003956  00000+0  33904-3 0  9997
2 56476  70.0006  39.5407 0003140 272.8547  87.2252 14.98340621182177
STARLINK-5534
1 56477U 23064AF  26244.81869342  .00000155  00000+0  20759-4 0  9990
2 56477  70.0003  40.2960 0002566 265.9360  94.1506 14.98332677182121
STARLINK-6041
1 56478U 23064AG  26244.83106693  .00000262  00000+0  29793-4 0  9992
2 56478  70.0003  40.3400 0003164 266.1986  93.8811 14.98326726182127
STARLINK-6044
1 56479U 23064AH  26244.87276685 -.00002964  00000+0 -24066-3 0  9996
2 56479  70.0010  40.0814 0003152 270.1716  89.9082 14.98335240182133
STARLINK-6214
1 56480U 23064AJ  26245.52803831  .00051680  00000+0  90060-3 0  9994
2 56480  69.9926 341.0565 0003960 284.8489  75.2258 15.50468647183660
STARLINK-6222
1 56481U 23064AK  26244.81435059 -.00002223  00000+0 -17853-3 0  9999
2 56481  70.0007  40.2803 0003001 263.2361  96.8456 14.98339807182128
STARLINK-6220
1 56482U 23064AL  26244.82689167  .00000389  00000+0  40389-4 0  9992
2 56482  70.0004  40.3253 0002579 265.3525  94.7340 14.98330789182129
STARLINK-5868
1 56483U 23064AM  26245.15651173  .00000499  00000+0  49603-4 0  9996
2 56483  70.0004  39.4644 0003467 264.4572  95.6191 14.98336884182173
STARLINK-6221
1 56484U 23064AN  26244.88528697  .00000127  00000+0  18477-4 0  9993
2 56484  70.0005  40.1266 0002882 267.6357  92.4472 14.98329830182125
STARLINK-6210
1 56485U 23064AP  26244.86859115 -.00000451  00000+0 -29975-4 0  9991
2 56485  70.0003  40.0660 0002734 267.5434  92.5412 14.98332826182137
STARLINK-6196
1 56487U 23064AR  26244.78491234  .00000725  00000+0  68517-4 0  9995
2 56487  70.0011  20.3110 0002811 269.8898  90.1939 14.98340652182611
STARLINK-6204
1 56488U 23064AS  26245.62777280 -.00001018  00000+0 -77500-4 0  9998
2 56488  70.0016  18.4327 0002924 268.1158  91.9667 14.98335445182735
STARLINK-5923
1 56489U 23064AT  26245.08117497  .00000757  00000+0  71249-4 0  9998
2 56489  70.0011  19.7351 0003102 279.7082  80.3726 14.98341059182652
STARLINK-5873
1 56490U 23064AU  26245.63611854 -.00000027  00000+0  54897-5 0  9999
2 56490  70.0012  18.4602 0002829 269.7268  90.3567 14.98330988182732
STARLINK-5842
1 56491U 23064AV  26245.07700458  .00003076  00000+0  26543-3 0  9998
2 56491  70.0008  19.7204 0003447 263.2762  96.8005 14.98333774182650
STARLINK-5846
1 56492U 23064AW  26244.80577997 -.00000015  00000+0  65295-5 0  9999
2 56492  70.0013  20.3789 0003034 269.9405  90.1406 14.98331934182616
STARLINK-5841
1 56493U 23064AX  26244.72627450 -.00000570  00000+0 -39942-4 0  9997
2 56493  70.0007   0.6212 0003109 269.4845  90.5958 14.98334347183098
STARLINK-5530
1 56494U 23064AY  26244.80594622 -.00000682  00000+0 -49369-4 0  9999
2 56494  70.0015  20.3795 0002867 271.0629  89.0201 14.98333301182601
STARLINK-5529
1 56495U 23064AZ  26244.79743205  .00000348  00000+0  36938-4 0  9996
2 56495  70.0008  20.3508 0003015 267.6887  92.3926 14.98330204182610
STARLINK-5526
1 56496U 23064BA  26244.79323714  .00002603  00000+0  22571-3 0  9999
2 56496  70.0011  20.3360 0003238 256.5524 103.5275 14.98360634182615
STARLINK-5527
1 56497U 23064BB  26244.78925065  .00000309  00000+0  33648-4 0  9995
2 56497  70.0011  20.3222 0003079 268.5987  91.4819 14.98329230182618
STARLINK-5522
1 56498U 23064BC  26244.80161505  .00000710  00000+0  67309-4 0  9997
2 56498  70.0009  20.3640 0002895 267.0682  93.0145 14.98339112182611
STARLINK-5775
1 56503U 23065A   26245.43927781 -.00000048  00000+0  77750-5 0  9998
2 56503  43.0033 294.1024 0001163 290.3339  69.7388 15.27575760183633
STARLINK-5716
1 56504U 23065B   26245.51880030 -.00000081  00000+0  65833-5 0  9999
2 56504  43.0035 293.8359 0001179 276.9371  83.1346 15.27575354183640
STARLINK-5763
1 56505U 23065C   26245.54449668  .00000545  00000+0  29318-4 0  9992
2 56505  43.0013 294.0272 0001308 272.0244  88.0458 15.27575375183645
STARLINK-5340
1 56506U 23065D   26245.39575245  .00000632  00000+0  32494-4 0  9993
2 56506  43.0028 283.3201 0001347 281.0218  79.0482 15.27568728183752
STARLINK-5333
1 56507U 23065E   26245.34851164 -.00000269  00000+0 -23849-6 0  9990
2 56507  42.9999 262.0520 0001294 267.4285  92.6419 15.27577608183993
STARLINK-5335
1 56508U 23065F   26245.49053203  .00000833  00000+0  39789-4 0  9998
2 56508  43.0019 293.6232 0001265 270.7492  89.3215 15.27575228183649
STARLINK-5334
1 56509U 23065G   26245.50209996  .00000057  00000+0  11575-4 0  9994
2 56509  43.0022 293.7064 0000930 272.9391  87.1354 15.27587376183645
STARLINK-5339
1 56510U 23065H   26245.49438557 -.00000221  00000+0  15044-5 0  9991
2 56510  43.0026 293.6555 0001386 270.5517  89.5176 15.27575906183649
STARLINK-5351
1 56511U 23065J   26245.50851519  .00000320  00000+0  21141-4 0  9994
2 56511  43.0023 293.7496 0001104 274.9690  85.1035 15.27576943183648
STARLINK-5349
1 56512U 23065K   26245.49823751  .00000121  00000+0  13927-4 0  9992
2 56512  43.0022 293.6726 0001217 274.6439  85.4274 15.27573851183649
STARLINK-5329
1 56513U 23065L   26245.44698552  .00000014  00000+0  10040-4 0  9991
2 56513  43.0032 294.1512 0001070 274.4215  85.6514 15.27574151183639
STARLINK-5348
1 56515U 23065N   26244.60081761  .00000425  00000+0  24980-4 0  9992
2 56515  43.0030 298.9789 0001348 283.1161  76.9540 15.27572651183503
STARLINK-5342
1 56516U 23065P   26245.44057760  .00000711  00000+0  35339-4 0  9996
2 56516  43.0024 294.1064 0001080 287.4669  72.6065 15.27580697183632
STARLINK-5345
1 56517U 23065Q   26244.87392605  .00000106  00000+0  13401-4 0  9997
2 56517  43.0059 297.5815 0001914 286.5027  73.5614 15.27574542183548
STARLINK-5346
1 56518U 23065R   26245.52008406 -.00001022  00000+0 -27642-4 0  9996
2 56518  43.0026 293.8369 0000876 277.1322  82.9430 15.27579199183640
STARLINK-6313
1 56519U 23065S   26244.88035342 -.00001343  00000+0 -39284-4 0  9995
2 56519  43.0049 297.6273 0001334 269.8105  90.2594 15.27573557183543
STARLINK-6344
1 56520U 23065T   26245.52393655  .00000028  00000+0  10546-4 0  9990
2 56520  43.0046 293.8631 0001627 289.0707  70.9969 15.27577664183640
STARLINK-6333
1 56521U 23065U   26244.62088018  .00000719  00000+0  35647-4 0  9991
2 56521  43.0047 302.5258 0001759 298.6027  61.4647 15.27574211183465
STARLINK-6327
1 56522U 23065V   26245.46497291  .00000121  00000+0  13925-4 0  9994
2 56522  43.0047 294.2684 0001883 277.2694  82.7943 15.27577598183632
STARLINK-6328
1 56523U 23065W   26245.48682010  .00000742  00000+0  36484-4 0  9996
2 56523  43.0024 294.4407 0001336 264.2769  95.7931 15.27578747183633
STARLINK-6323
1 56524U 23065X   26245.54578106  .00000477  00000+0  26857-4 0  9992
2 56524  43.0025 294.0226 0001671 280.4291  79.6372 15.27579301183640
STARLINK-6329
1 56525U 23065Y   26245.51488733  .00000005  00000+0  97128-5 0  9993
2 56525  43.0011 304.8549 0001187 268.7162  91.3554 15.27580228183511
STARLINK-6317
1 56526U 23065Z   26245.41886353  .00000502  00000+0  27775-4 0  9995
2 56526  43.0019 294.7915 0001423 264.1426  95.9264 15.27577832183627
STARLINK-6335
1 56527U 23065AA  26244.88371485  .00000777  00000+0  37781-4 0  9993
2 56527  43.0051 301.0510 0001778 278.1143  81.9507 15.27570613183503
STARLINK-6337
1 56528U 23065AB  26245.46449223  .00000668  00000+0  33807-4 0  9999
2 56528  43.0039 297.6724 0001249 294.4113  65.6609 15.27576582183590
STARLINK-6307
1 56529U 23065AC  26245.47527299 -.00000335  00000+0 -26411-5 0  9998
2 56529  43.0021 283.0516 0001256 269.8902  90.1806 15.27572265183765
STARLINK-6318
1 56530U 23065AD  26244.58091297  .00000113  00000+0  13642-4 0  9998
2 56530  43.0014 273.6513 0000926 276.3160  83.7586 15.27576125183798
STARLINK-6280
1 56531U 23065AE  26245.49888937  .00001055  00000+0  47844-4 0  9992
2 56531  43.0028 279.8215 0001501 267.1762  92.8917 15.27578909183800
STARLINK-6319
1 56532U 23065AF  26244.57577722 -.00000623  00000+0 -13099-4 0  9995
2 56532  43.0041 284.9282 0001584 295.4011  64.6677 15.27568077183668
STARLINK-6310
1 56533U 23065AG  26245.47704162 -.00000289  00000+0 -95289-6 0  9997
2 56533  43.0058 279.6511 0001917 295.9338  64.1316 15.27573044183801
STARLINK-6308
1 56534U 23065AH  26245.49502386 -.00002061  00000+0 -65397-4 0  9999
2 56534  43.0041 279.7868 0001972 281.0026  79.0604 15.27577263183803
STARLINK-6309
1 56535U 23065AJ  26245.54258054  .00000580  00000+0  30635-4 0  9995
2 56535  43.0023 307.8757 0001440 277.0211  83.0477 15.27559222183487
STARLINK-6312
1 56536U 23065AK  26244.57590644 -.00000631  00000+0 -13412-4 0  9995
2 56536  43.0046 313.5193 0001006 272.0808  87.9929 15.27572352183334
STARLINK-6311
1 56537U 23065AL  26245.54642016  .00000559  00000+0  29829-4 0  9991
2 56537  43.0021 307.9049 0001210 275.1758  84.8956 15.27575220183489
STARLINK-6314
1 56538U 23065AM  26244.56548950  .00000781  00000+0  37937-4 0  9991
2 56538  43.0048 284.8473 0001581 287.3812  72.6867 15.27569553183668
STARLINK-6135
1 56539U 23065AN  26245.56442546  .00001639  00000+0  69117-4 0  9995
2 56539  43.0039 308.0366 0001798 292.0768  67.9892 15.27569783183482
STARLINK-6136
1 56540U 23065AP  26245.56826371 -.00000116  00000+0  53143-5 0  9992
2 56540  43.0049 308.0628 0001770 286.9246  73.1412 15.27576000183486
STARLINK-6249
1 56541U 23065AQ  26245.58929163  .00004755  00000+0  18210-3 0  9994
2 56541  43.0020 304.8096 0001623 257.6733 102.3937 15.27599901183529
STARLINK-6266
1 56542U 23065AR  26245.56055247 -.00000504  00000+0 -87723-5 0  9993
2 56542  43.0038 308.0032 0001534 295.7737  64.2956 15.27576191183481
STARLINK-6226
1 56544U 23065AT  26244.88791951  .00000576  00000+0  30480-4 0  9992
2 56544  43.0034 308.1582 0001060 267.8504  92.2226 15.27559821183422
STARLINK-6086
1 56545U 23065AU  26244.66234067  .00000443  00000+0  25626-4 0  9998
2 56545  43.0021 309.8973 0001427 274.8584  85.2105 15.27577919183385
STARLINK-6187
1 56546U 23065AV  26245.45468806  .00007888  00000+0  29572-3 0  9990
2 56546  42.9971 305.5223 0000847 268.9324  91.1430 15.27592984183500
STARLINK-6291
1 56547U 23065AW  26244.64820385 -.00004588  00000+0 -15722-3 0  9993
2 56547  43.0073 309.7862 0002330 284.7729  75.2865 15.27589231183387
STARLINK-6244
1 56548U 23065AX  26245.52521236 -.00000019  00000+0  88420-5 0  9996
2 56548  43.0025 305.1862 0001285 271.1876  88.8828 15.27574099183516
STARLINK-6263
1 56549U 23065AY  26245.56746918  .00000762  00000+0  37221-4 0  9993
2 56549  43.0038 304.6421 0001597 271.2739  88.7929 15.27575604183526
STARLINK-6255
1 56550U 23065AZ  26245.52650049 -.00000535  00000+0 -99080-5 0  9992
2 56550  43.0008 305.1987 0001293 263.1287  96.9418 15.27573376183516
STARLINK-6199
1 56551U 23065BA  26245.44440376  .00000391  00000+0  23719-4 0  9997
2 56551  43.0029 305.4393 0001393 269.8379  90.2313 15.27579636183505
STARLINK-5802
1 56552U 23065BB  26245.51750565  .00000648  00000+0  33081-4 0  9998
2 56552  43.0025 305.1244 0001289 264.5892  95.4813 15.27578614183518
STARLINK-6074
1 56553U 23065BC  26245.55591629  .00000956  00000+0  44270-4 0  9991
2 56553  43.0051 304.5553 0002007 296.4744  63.5902 15.27578725183522
STARLINK-6295
1 56554U 23065BD  26245.52140309 -.00005359  00000+0 -18558-3 0  9997
2 56554  43.0004 305.1586 0001094 273.3906  86.6821 15.27540435183515
STARLINK-6252
1 56555U 23065BE  26245.54562819 -.00000497  00000+0 -85346-5 0  9993
2 56555  43.0033 304.4820 0001237 295.3213  64.7510 15.27575481183527
STARLINK-5302
1 56556U 23065BF  26244.64435199  .00000718  00000+0  35609-4 0  9994
2 56556  43.0038 309.7560 0001621 301.5214  58.5479 15.27576059183381
STARLINK-6265
1 56557U 23065BG  26245.50593581  .00000278  00000+0  19640-4 0  9999
2 56557  43.0045 305.0430 0001623 277.3071  82.7596 15.27578615183512
STARLINK-6286
1 56558U 23065BH  26244.65670657  .00000814  00000+0  39108-4 0  9992
2 56558  43.0042 313.2433 0001449 271.8068  88.2618 15.27574984183347
STARLINK-30122
1 56688U 23067A   26245.60041457  .00019420  00000+0  71532-3 0  9993
2 56688  43.0029 358.9706 0001265 245.7425 114.3295 15.27489522182746
STARLINK-30129
1 56689U 23067B   26244.73189787  .00001885  00000+0  78016-4 0  9997
2 56689  43.0036   7.0473 0001288 278.8666  81.2040 15.27581338182509
STARLINK-30124
1 56690U 23067C   26244.80372609  .00001598  00000+0  67607-4 0  9999
2 56690  43.0037   6.7312 0001808 259.8138 100.2510 15.27564812182514
STARLINK-30036
1 56692U 23067E   26245.05629702  .00013887  00000+0  51435-3 0  9993
2 56692  43.0011   5.2056 0000986 259.9455 100.1286 15.27507889181425
STARLINK-30067
1 56693U 23067F   26245.06270803  .00003452  00000+0  13500-3 0  9997
2 56693  43.0036   5.2515 0001471 256.6077 103.4611 15.27556367182555
STARLINK-30126
1 56694U 23067G   26244.78543873  .00001300  00000+0  56789-4 0  9993
2 56694  43.0047 359.8015 0001953 255.1741 104.8894 15.27568963182595
STARLINK-30121
1 56695U 23067H   26244.80500210  .00000658  00000+0  33449-4 0  9998
2 56695  43.0061   6.7364 0001616 273.2094  86.8573 15.27578645182518
STARLINK-30130
1 56697U 23067K   26244.71540426  .00002534  00000+0  10163-3 0  9995
2 56697  43.0027 356.7203 0001481 259.0959 100.9726 15.27563261182363
STARLINK-30068
1 56698U 23067L   26244.74239859 -.00000603  00000+0 -12357-4 0  9999
2 56698  43.0067 345.6372 0002692 252.7910 107.2647 15.27568622182496
STARLINK-30127
1 56699U 23067M   26244.61656489  .00000253  00000+0  18754-4 0  9994
2 56699  43.0044   7.9197 0001948 271.5007  88.5621 15.27566428182488
STARLINK-30053
1 56700U 23067N   26244.80263913 -.00000261  00000+0  40092-7 0  9997
2 56700  43.0048 356.5224 0001751 271.8617  88.2035 15.27571542182637
STARLINK-30125
1 56701U 23067P   26244.73467554 -.00001936  00000+0 -60849-4 0  9997
2 56701  43.0021 356.8773 0002447 266.6873  93.3699 15.27565553182627
STARLINK-30117
1 56702U 23067Q   26245.01450542 -.00000870  00000+0 -22112-4 0  9996
2 56702  43.0010   2.2810 0000372 279.2425  80.8384 15.27568327182587
STARLINK-30132
1 56703U 23067R   26245.02770173 -.00000012  00000+0  90869-5 0  9995
2 56703  43.0048 358.1767 0001201 266.7200  93.3514 15.27577772182631
STARLINK-30066
1 56704U 23067S   26245.30773083  .00000907  00000+0  42473-4 0  9999
2 56704  42.9994 353.4147 0000461 293.0490  67.0313 15.27581395182711
STARLINK-30080
1 56705U 23067T   26244.72007121  .00004173  00000+0  16109-3 0  9993
2 56705  43.0051 348.9304 0000725 333.6060  26.4755 15.27575395182711
STARLINK-30079
1 56706U 23067U   26244.80630141  .00000849  00000+0  40416-4 0  9992
2 56706  43.0050   6.7722 0001883 261.2739  98.7899 15.27564944182516
STARLINK-30070
1 56707U 23067V   26245.58855859  .00001620  00000+0  68387-4 0  9999
2 56707  43.0029 352.0975 0001571 266.3595  93.7077 15.27579783182756
STARLINK-30071
1 56708U 23067W   26245.59834395  .00001759  00000+0  73427-4 0  9997
2 56708  43.0014 355.5765 0001629 265.7550  94.3116 15.27578153182711
STARLINK-30085
1 56709U 23067X   26245.03847892  .00000598  00000+0  31255-4 0  9996
2 56709  43.0057 354.8474 0001756 278.5885  81.4768 15.27574404182414
STARLINK-6197
1 56767U 23078A   26245.15223948  .00021393  00000+0  88737-3 0  9997
2 56767  69.9867 249.1381 0007177 252.4700 107.5688 15.23826678179378
STARLINK-6198
1 56768U 23078B   26245.31319685 -.00000170  00000+0 -64389-5 0  9991
2 56768  69.9985 238.9870 0003533 268.8332  91.2422 14.98333229179633
STARLINK-6342
1 56770U 23078D   26245.31383324  .00000392  00000+0  40694-4 0  9991
2 56770  69.9979 279.1276 0003812 269.0867  90.9856 14.98328948178641
STARLINK-6275
1 56772U 23078F   26245.50977182 -.00002530  00000+0 -20428-3 0  9995
2 56772  69.9982 278.6065 0003926 264.4121  95.6591 14.98336304178671
STARLINK-6296
1 56773U 23078G   26245.27960916  .00000386  00000+0  40152-4 0  9999
2 56773  69.9990 219.3751 0003678 265.1418  94.9322 14.98325980180110
STARLINK-6190
1 56774U 23078H   26245.33036453  .00000049  00000+0  11948-4 0  9994
2 56774  69.9982 279.1804 0003750 271.8401  88.2329 14.98338304178644
STARLINK-6292
1 56775U 23078J   26245.27543198  .00000341  00000+0  36372-4 0  9990
2 56775  69.9993 219.3619 0003527 269.8805  90.1950 14.98327384180117
STARLINK-6274
1 56776U 23078K   26245.30070539  .00000372  00000+0  39013-4 0  9998
2 56776  69.9977 239.3372 0004007 283.8060  76.2653 14.98337044179624
STARLINK-5582
1 56777U 23078L   26245.32598122  .00000221  00000+0  26306-4 0  9998
2 56777  69.9978 259.2940 0003727 270.5515  89.5216 14.98331774179136
STARLINK-6304
1 56778U 23078M   26245.29654144  .00000522  00000+0  51516-4 0  9997
2 56778  69.9973 239.3220 0003826 262.7009  97.3715 14.98325329179627
STARLINK-6231
1 56779U 23078N   26245.27148292  .00000426  00000+0  43506-4 0  9991
2 56779  69.9984 239.2324 0003777 268.1769  91.8958 14.98327335179618
STARLINK-5963
1 56780U 23078P   26245.32193446  .00000311  00000+0  33862-4 0  9997
2 56780  69.9977 258.8999 0003746 269.5010  90.5720 14.98319917179145
STARLINK-5989
1 56781U 23078Q   26245.30510297 -.00000858  00000+0 -64122-4 0  9994
2 56781  69.9979 259.2191 0003701 267.3449  92.7286 14.98319581179137
STARLINK-6352
1 56782U 23078R   26245.29235032 -.00000663  00000+0 -47770-4 0  9998
2 56782  69.9986 239.3073 0003674 271.0609  89.0129 14.98334680179629
STARLINK-6357
1 56783U 23078S   26245.28400371 -.00000292  00000+0 -16708-4 0  9993
2 56783  69.9991 239.2777 0003308 270.6276  89.4504 14.98326196179629
STARLINK-6354
1 56784U 23078T   26245.28817373  .00000171  00000+0  22134-4 0  9992
2 56784  69.9982 239.2919 0003691 265.3044  94.7694 14.98329462179625
STARLINK-5931
1 56785U 23078U   26245.31345613 -.00000616  00000+0 -43859-4 0  9993
2 56785  69.9975 259.2494 0004064 267.3477  92.7217 14.98322004179821
STARLINK-6341
1 56786U 23078V   26245.27982736  .00000258  00000+0  29439-4 0  9990
2 56786  69.9983 239.2632 0003709 268.3113  91.7621 14.98330081179626
STARLINK-6326
1 56787U 23078W   26245.32154160  .00000394  00000+0  40817-4 0  9993
2 56787  69.9979 239.0084 0003786 267.1651  92.9075 14.98329204179632
STARLINK-6336
1 56788U 23078X   26245.27565377  .00000227  00000+0  26788-4 0  9990
2 56788  69.9984 239.2484 0003694 268.4442  91.6293 14.98329293179620
STARLINK-6345
1 56790U 23078Z   26245.32549447  .00000342  00000+0  36444-4 0  9997
2 56790  69.9987 219.1376 0003635 265.3600  94.7144 14.98326739180128
STARLINK-5977
1 56791U 23078AA  26245.27587351  .00000470  00000+0  47148-4 0  9993
2 56791  69.9979 259.1204 0003773 268.4224  91.6503 14.98331484179130
STARLINK-6046
1 56792U 23078AB  26245.31762293 -.00000720  00000+0 -52540-4 0  9991
2 56792  69.9974 259.2648 0003589 274.3955  85.6794 14.98329273179139
STARLINK-6052
1 56793U 23078AC  26245.49285365 -.00000940  00000+0 -70948-4 0  9997
2 56793  69.9978 258.6706 0003520 262.1934  97.8826 14.98331707179168
STARLINK-6060
1 56794U 23078AD  26245.33406749  .00000449  00000+0  45446-4 0  9999
2 56794  69.9984 239.0494 0003722 269.0506  91.0227 14.98327834179637
STARLINK-6061
1 56795U 23078AE  26245.37594576  .00000144  00000+0  19876-4 0  9990
2 56795  69.9984 238.7949 0003642 274.7665  85.3078 14.98321261179648
STARLINK-6049
1 56796U 23078AF  26245.30927955  .00000413  00000+0  42440-4 0  9997
2 56796  69.9975 259.2343 0003916 267.0400  93.0311 14.98336603179137
STARLINK-6058
1 56797U 23078AG  26245.32179587 -.00003083  00000+0 -25069-3 0  9995
2 56797  69.9971 259.2704 0003881 269.4861  90.5854 14.98331576179131
STARLINK-5953
1 56799U 23078AJ  26245.29675560  .00000243  00000+0  28190-4 0  9997
2 56799  69.9979 259.1868 0003331 266.3780  93.6998 14.98324410179139
STARLINK-6036
1 56800U 23078AK  26245.30092188  .00000302  00000+0  33134-4 0  9991
2 56800  69.9980 259.2042 0003730 265.4219  94.6514 14.98333707179133
STARLINK-6087
1 56801U 23078AL  26245.31736652 -.00001358  00000+0 -10609-3 0  9999
2 56801  69.9979 238.9913 0003896 270.9865  89.0848 14.98319496179636
STARLINK-6029
1 56803U 23078AN  26245.48869036  .00000347  00000+0  36866-4 0  9991
2 56803  69.9978 258.6553 0003839 271.3916  88.6803 14.98327672179164
STARLINK-6069
1 56804U 23078AP  26245.32571788  .00000237  00000+0  27677-4 0  9997
2 56804  69.9982 239.0206 0003645 268.3689  91.7053 14.98327720180300
STARLINK-6064
1 56805U 23078AQ  26245.32989348  .00000381  00000+0  39728-4 0  9993
2 56805  69.9983 239.0336 0003589 268.8218  91.2530 14.98326810179634
STARLINK-6072
1 56806U 23078AR  26245.29207664  .00002945  00000+0  25432-3 0  9998
2 56806  69.9990 219.0206 0002798 278.7938  81.2904 14.98353301180098
STARLINK-6073
1 56807U 23078AS  26245.30901261 -.00009295  00000+0 -77246-3 0  9992
2 56807  70.0002 238.9609 0003460 270.7630  89.3133 14.98318330179624
STARLINK-6042
1 56808U 23078AT  26245.24795707  .00000457  00000+0  46059-4 0  9990
2 56808  69.9994 189.3705 0003293 266.8669  93.2113 14.98328629180862
STARLINK-6040
1 56809U 23078AU  26245.33428661  .00000211  00000+0  25517-4 0  9997
2 56809  69.9976 258.9199 0003768 267.2319  92.8408 14.98330468179142
STARLINK-6031
1 56810U 23078AV  26245.48450137  .00000043  00000+0  11392-4 0  9997
2 56810  69.9981 258.6408 0003754 265.0494  95.0236 14.98329231179167
STARLINK-6065
1 56812U 23078AX  26245.31753504 -.00000137  00000+0 -36418-5 0  9998
2 56812  69.9983 238.9978 0003629 266.4160  93.6584 14.98327616179637
STARLINK-6056
1 56813U 23078AY  26245.46379779  .00000288  00000+0  31976-4 0  9991
2 56813  69.9975 258.5687 0003738 266.1874  93.8858 14.98330604179169
STARLINK-6059
1 56814U 23078AZ  26245.33846140  .00000025  00000+0  99362-5 0  9992
2 56814  69.9979 258.9338 0003603 269.6654  90.4092 14.98330643179140
STARLINK-6067
1 56816U 23078BB  26245.30483124  .00001491  00000+0  13268-3 0  9997
2 56816  69.9982 238.9476 0003529 262.9087  97.1671 14.98350138179632
STARLINK-6028
1 56818U 23078BD  26245.46363313  .00002108  00000+0  18441-3 0  9997
2 56818  69.9995 258.5670 0003699 269.7205  90.3530 14.98331410179852
STARLINK-30119
1 56823U 23079A   26244.89351450  .00000435  00000+0  25346-4 0  9993
2 56823  43.0029 192.1773 0001132 271.2021  88.8701 15.27572524180265
STARLINK-30120
1 56824U 23079B   26244.97303745  .00000716  00000+0  35572-4 0  9991
2 56824  43.0045 191.9239 0002042 302.6070  57.4585 15.27571378180169
STARLINK-30084
1 56825U 23079C   26244.84725725  .00001540  00000+0  65476-4 0  9996
2 56825  43.0021 191.8409 0000923 251.6446 108.4306 15.27570762179834
STARLINK-30114
1 56826U 23079D   26245.14731866  .00000961  00000+0  44465-4 0  9995
2 56826  43.0019 190.4562 0001055 271.3259  88.7472 15.27569908180189
STARLINK-30151
1 56827U 23079E   26244.87680592 -.00004233  00000+0 -14436-3 0  9996
2 56827  42.9988 192.0458 0001957 300.6513  59.4145 15.27583288179834
STARLINK-30152
1 56828U 23079F   26245.14220790  .00001048  00000+0  47612-4 0  9990
2 56828  42.9994 190.6050 0001418 273.7297  86.3392 15.27571134179879
STARLINK-30128
1 56832U 23079K   26245.05300338  .00000660  00000+0  33528-4 0  9992
2 56832  43.0016 165.2292 0001276 259.0189 101.0519 15.27573463173750
STARLINK-30131
1 56833U 23079L   26245.07132920  .00012362  00000+0  47662-3 0  9990
2 56833  43.0083 170.7018 0003405 164.8157 195.2798 15.26257410180095
STARLINK-30069
1 56834U 23079M   26244.55036503  .00000083  00000+0  12539-4 0  9996
2 56834  43.0014 190.4886 0001283 262.2359  97.8347 15.27575994179828
STARLINK-30144
1 56835U 23079N   26245.58335648  .00064950  00000+0  10407-2 0  9996
2 56835  42.9865 168.4896 0021541 185.0877 282.3454 15.51961820  5915
